Longitude,Latitude,Commissioning_date,ISO_code,Offshore,Hub_height_m,Diameter_m,P_rated_kW,P_total_kW,Manufacturer,Manufacturer_raw,Model,Model_raw,Number_of_turbines,Source,Commissioning_year
-4.396009922027588,53.40723037719727,2011-07-01,GB,1.0,84.0,107.0,3600.0,3600.0,Siemens,Siemens,SWT-3.6-107,SWT-3.6-107,1.0,thewindpower.net,2011.0
-4.39695405960083,53.404876708984375,2011-07-01,GB,1.0,84.0,107.0,3600.0,3600.0,Siemens,Siemens,SWT-3.6-107,SWT-3.6-107,1.0,thewindpower.net,2011.0
-4.406095027923584,53.40694808959961,2011-07-01,GB,1.0,84.0,107.0,3600.0,3600.0,Siemens,Siemens,SWT-3.6-107,SWT-3.6-107,1.0,thewindpower.net,2011.0
-4.409485816955566,53.40708923339844,2011-07-01,GB,1.0,84.0,107.0,3600.0,3600.0,Siemens,Siemens,SWT-3.6-107,SWT-3.6-107,1.0,thewindpower.net,2011.0
-4.398670196533203,53.40597534179688,2011-07-01,GB,1.0,84.0,107.0,3600.0,3600.0,Siemens,Siemens,SWT-3.6-107,SWT-3.6-107,1.0,thewindpower.net,2011.0
-4.402748107910156,53.406436920166016,2011-07-01,GB,1.0,84.0,107.0,3600.0,3600.0,Siemens,Siemens,SWT-3.6-107,SWT-3.6-107,1.0,thewindpower.net,2011.0
-4.397318840026856,53.405860900878906,2011-07-01,GB,1.0,84.0,107.0,3600.0,3600.0,Siemens,Siemens,SWT-3.6-107,SWT-3.6-107,1.0,thewindpower.net,2011.0
-4.431221961975098,53.41272735595703,2011-07-01,GB,1.0,84.0,107.0,3600.0,3600.0,Siemens,Siemens,SWT-3.6-107,SWT-3.6-107,1.0,thewindpower.net,2011.0
-4.442552089691162,53.4068603515625,2011-07-01,GB,1.0,84.0,107.0,3600.0,3600.0,Siemens,Siemens,SWT-3.6-107,SWT-3.6-107,1.0,thewindpower.net,2011.0
-4.412059783935547,53.40777969360352,2011-07-01,GB,1.0,84.0,107.0,3600.0,3600.0,Siemens,Siemens,SWT-3.6-107,SWT-3.6-107,1.0,thewindpower.net,2011.0
-4.394186019897461,53.40473556518555,2011-07-01,GB,1.0,84.0,107.0,3600.0,3600.0,Siemens,Siemens,SWT-3.6-107,SWT-3.6-107,1.0,thewindpower.net,2011.0
-4.412831783294678,53.40858459472656,2011-07-01,GB,1.0,84.0,107.0,3600.0,3600.0,Siemens,Siemens,SWT-3.6-107,SWT-3.6-107,1.0,thewindpower.net,2011.0
-4.438796043395996,53.40719223022461,2011-07-01,GB,1.0,84.0,107.0,3600.0,3600.0,Siemens,Siemens,SWT-3.6-107,SWT-3.6-107,1.0,thewindpower.net,2011.0
-4.403950214385986,53.407447814941406,2011-07-01,GB,1.0,84.0,107.0,3600.0,3600.0,Siemens,Siemens,SWT-3.6-107,SWT-3.6-107,1.0,thewindpower.net,2011.0
-4.436607837677002,53.40646362304688,2011-07-01,GB,1.0,84.0,107.0,3600.0,3600.0,Siemens,Siemens,SWT-3.6-107,SWT-3.6-107,1.0,thewindpower.net,2011.0
-4.401095867156982,53.406005859375,2011-07-01,GB,1.0,84.0,107.0,3600.0,3600.0,Siemens,Siemens,SWT-3.6-107,SWT-3.6-107,1.0,thewindpower.net,2011.0
-4.440663814544678,53.40621948242188,2011-07-01,GB,1.0,84.0,107.0,3600.0,3600.0,Siemens,Siemens,SWT-3.6-107,SWT-3.6-107,1.0,thewindpower.net,2011.0
-4.400129795074463,53.4052848815918,2011-07-01,GB,1.0,84.0,107.0,3600.0,3600.0,Siemens,Siemens,SWT-3.6-107,SWT-3.6-107,1.0,thewindpower.net,2011.0
-4.42991304397583,53.41279220581055,2011-07-01,GB,1.0,84.0,107.0,3600.0,3600.0,Siemens,Siemens,SWT-3.6-107,SWT-3.6-107,1.0,thewindpower.net,2011.0
-4.414206027984619,53.40880584716797,2011-07-01,GB,1.0,84.0,107.0,3600.0,3600.0,Siemens,Siemens,SWT-3.6-107,SWT-3.6-107,1.0,thewindpower.net,2011.0
-4.433067798614502,53.41302108764648,2011-07-01,GB,1.0,84.0,107.0,3600.0,3600.0,Siemens,Siemens,SWT-3.6-107,SWT-3.6-107,1.0,thewindpower.net,2011.0
-4.432745933532715,53.41159057617188,2011-07-01,GB,1.0,84.0,107.0,3600.0,3600.0,Siemens,Siemens,SWT-3.6-107,SWT-3.6-107,1.0,thewindpower.net,2011.0
-4.437960147857666,53.406681060791016,2011-07-01,GB,1.0,84.0,107.0,3600.0,3600.0,Siemens,Siemens,SWT-3.6-107,SWT-3.6-107,1.0,thewindpower.net,2011.0
-4.41068696975708,53.40743637084961,2011-07-01,GB,1.0,84.0,107.0,3600.0,3600.0,Siemens,Siemens,SWT-3.6-107,SWT-3.6-107,1.0,thewindpower.net,2011.0
-4.470449924468994,53.35399627685547,2011-07-01,GB,1.0,84.0,107.0,3600.0,3600.0,Siemens,Siemens,SWT-3.6-107,SWT-3.6-107,1.0,thewindpower.net,2011.0
-4.474698066711426,53.36201477050781,2011-07-01,GB,1.0,84.0,107.0,3600.0,3600.0,Siemens,Siemens,SWT-3.6-107,SWT-3.6-107,1.0,thewindpower.net,2011.0
-4.463367938995361,53.35577774047852,2011-07-01,GB,1.0,84.0,107.0,3600.0,3600.0,Siemens,Siemens,SWT-3.6-107,SWT-3.6-107,1.0,thewindpower.net,2011.0
-4.478087902069092,53.35578918457031,2011-07-01,GB,1.0,84.0,107.0,3600.0,3600.0,Siemens,Siemens,SWT-3.6-107,SWT-3.6-107,1.0,thewindpower.net,2011.0
-4.4454522132873535,53.35968399047852,2011-07-01,GB,1.0,84.0,107.0,3600.0,3600.0,Siemens,Siemens,SWT-3.6-107,SWT-3.6-107,1.0,thewindpower.net,2011.0
-4.47130823135376,53.35467529296875,2011-07-01,GB,1.0,84.0,107.0,3600.0,3600.0,Siemens,Siemens,SWT-3.6-107,SWT-3.6-107,1.0,thewindpower.net,2011.0
-4.470706939697266,53.36130905151367,2011-07-01,GB,1.0,84.0,107.0,3600.0,3600.0,Siemens,Siemens,SWT-3.6-107,SWT-3.6-107,1.0,thewindpower.net,2011.0
-4.458154201507568,53.35976028442383,2011-07-01,GB,1.0,84.0,107.0,3600.0,3600.0,Siemens,Siemens,SWT-3.6-107,SWT-3.6-107,1.0,thewindpower.net,2011.0
-4.476157188415527,53.363372802734375,2011-07-01,GB,1.0,84.0,107.0,3600.0,3600.0,Siemens,Siemens,SWT-3.6-107,SWT-3.6-107,1.0,thewindpower.net,2011.0
-4.4728522300720215,53.35491943359375,2011-07-01,GB,1.0,84.0,107.0,3600.0,3600.0,Siemens,Siemens,SWT-3.6-107,SWT-3.6-107,1.0,thewindpower.net,2011.0
-4.446867942810059,53.36004257202149,2011-07-01,GB,1.0,84.0,107.0,3600.0,3600.0,Siemens,Siemens,SWT-3.6-107,SWT-3.6-107,1.0,thewindpower.net,2011.0
-4.4571027755737305,53.359169006347656,2011-07-01,GB,1.0,84.0,107.0,3600.0,3600.0,Siemens,Siemens,SWT-3.6-107,SWT-3.6-107,1.0,thewindpower.net,2011.0
-4.475213050842285,53.36274337768555,2011-07-01,GB,1.0,84.0,107.0,3600.0,3600.0,Siemens,Siemens,SWT-3.6-107,SWT-3.6-107,1.0,thewindpower.net,2011.0
-4.472424030303955,53.36138534545898,2011-07-01,GB,1.0,84.0,107.0,3600.0,3600.0,Siemens,Siemens,SWT-3.6-107,SWT-3.6-107,1.0,thewindpower.net,2011.0
-4.476758003234863,53.355560302734375,2011-07-01,GB,1.0,84.0,107.0,3600.0,3600.0,Siemens,Siemens,SWT-3.6-107,SWT-3.6-107,1.0,thewindpower.net,2011.0
-4.464140892028809,53.356483459472656,2011-07-01,GB,1.0,84.0,107.0,3600.0,3600.0,Siemens,Siemens,SWT-3.6-107,SWT-3.6-107,1.0,thewindpower.net,2011.0
-4.475341796875,53.35534286499024,2011-07-01,GB,1.0,84.0,107.0,3600.0,3600.0,Siemens,Siemens,SWT-3.6-107,SWT-3.6-107,1.0,thewindpower.net,2011.0
-4.449163913726807,53.3614616394043,2011-07-01,GB,1.0,84.0,107.0,3600.0,3600.0,Siemens,Siemens,SWT-3.6-107,SWT-3.6-107,1.0,thewindpower.net,2011.0
-4.459312915802002,53.3603630065918,2011-07-01,GB,1.0,84.0,107.0,3600.0,3600.0,Siemens,Siemens,SWT-3.6-107,SWT-3.6-107,1.0,thewindpower.net,2011.0
-4.477444171905518,53.36370468139648,2011-07-01,GB,1.0,84.0,107.0,3600.0,3600.0,Siemens,Siemens,SWT-3.6-107,SWT-3.6-107,1.0,thewindpower.net,2011.0
-4.451801776885986,53.3577880859375,2011-07-01,GB,1.0,84.0,107.0,3600.0,3600.0,Siemens,Siemens,SWT-3.6-107,SWT-3.6-107,1.0,thewindpower.net,2011.0
-4.460428237915039,53.36091232299805,2011-07-01,GB,1.0,84.0,107.0,3600.0,3600.0,Siemens,Siemens,SWT-3.6-107,SWT-3.6-107,1.0,thewindpower.net,2011.0
-4.448154926300049,53.36058044433594,2011-07-01,GB,1.0,84.0,107.0,3600.0,3600.0,Siemens,Siemens,SWT-3.6-107,SWT-3.6-107,1.0,thewindpower.net,2011.0
-4.465149879455566,53.35708236694336,2011-07-01,GB,1.0,84.0,107.0,3600.0,3600.0,Siemens,Siemens,SWT-3.6-107,SWT-3.6-107,1.0,thewindpower.net,2011.0
-4.394355773925781,53.391849517822266,2011-07-01,GB,1.0,84.0,107.0,3600.0,3600.0,Siemens,Siemens,SWT-3.6-107,SWT-3.6-107,1.0,thewindpower.net,2011.0
-4.399034023284912,53.39381790161133,2011-07-01,GB,1.0,84.0,107.0,3600.0,3600.0,Siemens,Siemens,SWT-3.6-107,SWT-3.6-107,1.0,thewindpower.net,2011.0
-4.42670488357544,53.40403747558594,2011-07-01,GB,1.0,84.0,107.0,3600.0,3600.0,Siemens,Siemens,SWT-3.6-107,SWT-3.6-107,1.0,thewindpower.net,2011.0
5.605410099029541,52.70662689208984,2016-03-01,NL,1.0,95.0,108.0,3000.0,3000.0,Siemens,Siemens,SWT-3.0-108,SWT-3.0-108,1.0,thewindpower.net,2016.0
5.605434894561768,52.71802520751953,2016-03-01,NL,1.0,95.0,108.0,3000.0,3000.0,Siemens,Siemens,SWT-3.0-108,SWT-3.0-108,1.0,thewindpower.net,2016.0
5.611080169677734,52.72420120239258,2016-03-01,NL,1.0,95.0,108.0,3000.0,3000.0,Siemens,Siemens,SWT-3.0-108,SWT-3.0-108,1.0,thewindpower.net,2016.0
5.605216026306152,52.72430038452149,2016-03-01,NL,1.0,95.0,108.0,3000.0,3000.0,Siemens,Siemens,SWT-3.0-108,SWT-3.0-108,1.0,thewindpower.net,2016.0
5.595586776733398,52.69278717041016,2016-03-01,NL,1.0,95.0,108.0,3000.0,3000.0,Siemens,Siemens,SWT-3.0-108,SWT-3.0-108,1.0,thewindpower.net,2016.0
5.595702171325684,52.69740295410156,2016-03-01,NL,1.0,95.0,108.0,3000.0,3000.0,Siemens,Siemens,SWT-3.0-108,SWT-3.0-108,1.0,thewindpower.net,2016.0
5.596199989318848,52.72047424316406,2016-03-01,NL,1.0,95.0,108.0,3000.0,3000.0,Siemens,Siemens,SWT-3.0-108,SWT-3.0-108,1.0,thewindpower.net,2016.0
5.596302032470703,52.7250862121582,2016-03-01,NL,1.0,95.0,108.0,3000.0,3000.0,Siemens,Siemens,SWT-3.0-108,SWT-3.0-108,1.0,thewindpower.net,2016.0
5.596404075622559,52.72969818115234,2016-03-01,NL,1.0,95.0,108.0,3000.0,3000.0,Siemens,Siemens,SWT-3.0-108,SWT-3.0-108,1.0,thewindpower.net,2016.0
5.596506118774414,52.734317779541016,2016-03-01,NL,1.0,95.0,108.0,3000.0,3000.0,Siemens,Siemens,SWT-3.0-108,SWT-3.0-108,1.0,thewindpower.net,2016.0
5.596620082855225,52.73892974853516,2016-03-01,NL,1.0,95.0,108.0,3000.0,3000.0,Siemens,Siemens,SWT-3.0-108,SWT-3.0-108,1.0,thewindpower.net,2016.0
5.596697807312012,52.74354553222656,2016-03-01,NL,1.0,95.0,108.0,3000.0,3000.0,Siemens,Siemens,SWT-3.0-108,SWT-3.0-108,1.0,thewindpower.net,2016.0
5.596799850463867,52.74816131591797,2016-03-01,NL,1.0,95.0,108.0,3000.0,3000.0,Siemens,Siemens,SWT-3.0-108,SWT-3.0-108,1.0,thewindpower.net,2016.0
5.585793972015381,52.69468307495117,2016-03-01,NL,1.0,95.0,108.0,3000.0,3000.0,Siemens,Siemens,SWT-3.0-108,SWT-3.0-108,1.0,thewindpower.net,2016.0
5.585879802703857,52.69843292236328,2016-03-01,NL,1.0,95.0,108.0,3000.0,3000.0,Siemens,Siemens,SWT-3.0-108,SWT-3.0-108,1.0,thewindpower.net,2016.0
5.576953887939453,52.69844055175781,2016-03-01,NL,1.0,95.0,108.0,3000.0,3000.0,Siemens,Siemens,SWT-3.0-108,SWT-3.0-108,1.0,thewindpower.net,2016.0
5.585958003997803,52.70217514038086,2016-03-01,NL,1.0,95.0,108.0,3000.0,3000.0,Siemens,Siemens,SWT-3.0-108,SWT-3.0-108,1.0,thewindpower.net,2016.0
5.577042102813721,52.70218276977539,2016-03-01,NL,1.0,95.0,108.0,3000.0,3000.0,Siemens,Siemens,SWT-3.0-108,SWT-3.0-108,1.0,thewindpower.net,2016.0
5.586048126220703,52.70588302612305,2016-03-01,NL,1.0,95.0,108.0,3000.0,3000.0,Siemens,Siemens,SWT-3.0-108,SWT-3.0-108,1.0,thewindpower.net,2016.0
5.577134132385254,52.70589828491211,2016-03-01,NL,1.0,95.0,108.0,3000.0,3000.0,Siemens,Siemens,SWT-3.0-108,SWT-3.0-108,1.0,thewindpower.net,2016.0
5.586126804351807,52.70962524414063,2016-03-01,NL,1.0,95.0,108.0,3000.0,3000.0,Siemens,Siemens,SWT-3.0-108,SWT-3.0-108,1.0,thewindpower.net,2016.0
5.577209949493408,52.70964050292969,2016-03-01,NL,1.0,95.0,108.0,3000.0,3000.0,Siemens,Siemens,SWT-3.0-108,SWT-3.0-108,1.0,thewindpower.net,2016.0
5.586215019226074,52.71337127685547,2016-03-01,NL,1.0,95.0,108.0,3000.0,3000.0,Siemens,Siemens,SWT-3.0-108,SWT-3.0-108,1.0,thewindpower.net,2016.0
5.577295780181885,52.7133903503418,2016-03-01,NL,1.0,95.0,108.0,3000.0,3000.0,Siemens,Siemens,SWT-3.0-108,SWT-3.0-108,1.0,thewindpower.net,2016.0
5.586296081542969,52.71708679199219,2016-03-01,NL,1.0,95.0,108.0,3000.0,3000.0,Siemens,Siemens,SWT-3.0-108,SWT-3.0-108,1.0,thewindpower.net,2016.0
5.57735013961792,52.717098236083984,2016-03-01,NL,1.0,95.0,108.0,3000.0,3000.0,Siemens,Siemens,SWT-3.0-108,SWT-3.0-108,1.0,thewindpower.net,2016.0
5.5863800048828125,52.7208251953125,2016-03-01,NL,1.0,95.0,108.0,3000.0,3000.0,Siemens,Siemens,SWT-3.0-108,SWT-3.0-108,1.0,thewindpower.net,2016.0
5.577459812164307,52.72084426879883,2016-03-01,NL,1.0,95.0,108.0,3000.0,3000.0,Siemens,Siemens,SWT-3.0-108,SWT-3.0-108,1.0,thewindpower.net,2016.0
5.586460113525391,52.724571228027344,2016-03-01,NL,1.0,95.0,108.0,3000.0,3000.0,Siemens,Siemens,SWT-3.0-108,SWT-3.0-108,1.0,thewindpower.net,2016.0
5.577544212341309,52.72458267211914,2016-03-01,NL,1.0,95.0,108.0,3000.0,3000.0,Siemens,Siemens,SWT-3.0-108,SWT-3.0-108,1.0,thewindpower.net,2016.0
5.5865559577941895,52.72830581665039,2016-03-01,NL,1.0,95.0,108.0,3000.0,3000.0,Siemens,Siemens,SWT-3.0-108,SWT-3.0-108,1.0,thewindpower.net,2016.0
5.577601909637451,52.72829818725586,2016-03-01,NL,1.0,95.0,108.0,3000.0,3000.0,Siemens,Siemens,SWT-3.0-108,SWT-3.0-108,1.0,thewindpower.net,2016.0
5.586636066436768,52.732032775878906,2016-03-01,NL,1.0,95.0,108.0,3000.0,3000.0,Siemens,Siemens,SWT-3.0-108,SWT-3.0-108,1.0,thewindpower.net,2016.0
5.577713966369629,52.7320442199707,2016-03-01,NL,1.0,95.0,108.0,3000.0,3000.0,Siemens,Siemens,SWT-3.0-108,SWT-3.0-108,1.0,thewindpower.net,2016.0
5.586721897125244,52.73577117919922,2016-03-01,NL,1.0,95.0,108.0,3000.0,3000.0,Siemens,Siemens,SWT-3.0-108,SWT-3.0-108,1.0,thewindpower.net,2016.0
5.5778021812438965,52.73579025268555,2016-03-01,NL,1.0,95.0,108.0,3000.0,3000.0,Siemens,Siemens,SWT-3.0-108,SWT-3.0-108,1.0,thewindpower.net,2016.0
5.586810111999512,52.739505767822266,2016-03-01,NL,1.0,95.0,108.0,3000.0,3000.0,Siemens,Siemens,SWT-3.0-108,SWT-3.0-108,1.0,thewindpower.net,2016.0
5.577857971191406,52.73953628540039,2016-03-01,NL,1.0,95.0,108.0,3000.0,3000.0,Siemens,Siemens,SWT-3.0-108,SWT-3.0-108,1.0,thewindpower.net,2016.0
5.586885929107666,52.74322509765625,2016-03-01,NL,1.0,95.0,108.0,3000.0,3000.0,Siemens,Siemens,SWT-3.0-108,SWT-3.0-108,1.0,thewindpower.net,2016.0
5.577969074249268,52.74324417114258,2016-03-01,NL,1.0,95.0,108.0,3000.0,3000.0,Siemens,Siemens,SWT-3.0-108,SWT-3.0-108,1.0,thewindpower.net,2016.0
5.586970806121826,52.74697113037109,2016-03-01,NL,1.0,95.0,108.0,3000.0,3000.0,Siemens,Siemens,SWT-3.0-108,SWT-3.0-108,1.0,thewindpower.net,2016.0
5.578023910522461,52.74698638916016,2016-03-01,NL,1.0,95.0,108.0,3000.0,3000.0,Siemens,Siemens,SWT-3.0-108,SWT-3.0-108,1.0,thewindpower.net,2016.0
5.5870537757873535,52.75071716308594,2016-03-01,NL,1.0,95.0,108.0,3000.0,3000.0,Siemens,Siemens,SWT-3.0-108,SWT-3.0-108,1.0,thewindpower.net,2016.0
5.578104972839356,52.750736236572266,2016-03-01,NL,1.0,95.0,108.0,3000.0,3000.0,Siemens,Siemens,SWT-3.0-108,SWT-3.0-108,1.0,thewindpower.net,2016.0
5.59579610824585,52.7020149230957,2016-03-01,NL,1.0,95.0,108.0,3000.0,3000.0,Siemens,Siemens,SWT-3.0-108,SWT-3.0-108,1.0,thewindpower.net,2016.0
5.595891952514648,52.70663070678711,2016-03-01,NL,1.0,95.0,108.0,3000.0,3000.0,Siemens,Siemens,SWT-3.0-108,SWT-3.0-108,1.0,thewindpower.net,2016.0
5.595995903015137,52.71124649047852,2016-03-01,NL,1.0,95.0,108.0,3000.0,3000.0,Siemens,Siemens,SWT-3.0-108,SWT-3.0-108,1.0,thewindpower.net,2016.0
5.596100807189941,52.715858459472656,2016-03-01,NL,1.0,95.0,108.0,3000.0,3000.0,Siemens,Siemens,SWT-3.0-108,SWT-3.0-108,1.0,thewindpower.net,2016.0
1.2060580253601074,51.708763122558594,2010-04-01,GB,1.0,75.0,107.0,3600.0,3600.0,Siemens,Siemens,SWT-3.6-107,SWT-3.6-107,1.0,thewindpower.net,2010.0
1.2028950452804563,51.71198654174805,2010-04-01,GB,1.0,75.0,107.0,3600.0,3600.0,Siemens,Siemens,SWT-3.6-107,SWT-3.6-107,1.0,thewindpower.net,2010.0
1.2164520025253296,51.712684631347656,2010-04-01,GB,1.0,75.0,107.0,3600.0,3600.0,Siemens,Siemens,SWT-3.6-107,SWT-3.6-107,1.0,thewindpower.net,2010.0
1.1997569799423218,51.71525192260742,2010-04-01,GB,1.0,75.0,107.0,3600.0,3600.0,Siemens,Siemens,SWT-3.6-107,SWT-3.6-107,1.0,thewindpower.net,2010.0
1.2135649919509888,51.71603012084961,2010-04-01,GB,1.0,75.0,107.0,3600.0,3600.0,Siemens,Siemens,SWT-3.6-107,SWT-3.6-107,1.0,thewindpower.net,2010.0
1.2274980545043943,51.717041015625,2010-04-01,GB,1.0,75.0,107.0,3600.0,3600.0,Siemens,Siemens,SWT-3.6-107,SWT-3.6-107,1.0,thewindpower.net,2010.0
1.1967439651489258,51.71844100952149,2010-04-01,GB,1.0,75.0,107.0,3600.0,3600.0,Siemens,Siemens,SWT-3.6-107,SWT-3.6-107,1.0,thewindpower.net,2010.0
1.2105519771575928,51.71913909912109,2010-04-01,GB,1.0,75.0,107.0,3600.0,3600.0,Siemens,Siemens,SWT-3.6-107,SWT-3.6-107,1.0,thewindpower.net,2010.0
1.2246110439300537,51.72023010253906,2010-04-01,GB,1.0,75.0,107.0,3600.0,3600.0,Siemens,Siemens,SWT-3.6-107,SWT-3.6-107,1.0,thewindpower.net,2010.0
1.193858027458191,51.72170639038086,2010-04-01,GB,1.0,75.0,107.0,3600.0,3600.0,Siemens,Siemens,SWT-3.6-107,SWT-3.6-107,1.0,thewindpower.net,2010.0
1.2077909708023071,51.72264099121094,2010-04-01,GB,1.0,75.0,107.0,3600.0,3600.0,Siemens,Siemens,SWT-3.6-107,SWT-3.6-107,1.0,thewindpower.net,2010.0
1.221472978591919,51.72396087646485,2010-04-01,GB,1.0,75.0,107.0,3600.0,3600.0,Siemens,Siemens,SWT-3.6-107,SWT-3.6-107,1.0,thewindpower.net,2010.0
1.190969944000244,51.72520446777344,2010-04-01,GB,1.0,75.0,107.0,3600.0,3600.0,Siemens,Siemens,SWT-3.6-107,SWT-3.6-107,1.0,thewindpower.net,2010.0
1.2047779560089111,51.72613906860352,2010-04-01,GB,1.0,75.0,107.0,3600.0,3600.0,Siemens,Siemens,SWT-3.6-107,SWT-3.6-107,1.0,thewindpower.net,2010.0
1.218366026878357,51.72687149047852,2010-04-01,GB,1.0,75.0,107.0,3600.0,3600.0,Siemens,Siemens,SWT-3.6-107,SWT-3.6-107,1.0,thewindpower.net,2010.0
1.232519030570984,51.72769546508789,2010-04-01,GB,1.0,75.0,107.0,3600.0,3600.0,Siemens,Siemens,SWT-3.6-107,SWT-3.6-107,1.0,thewindpower.net,2010.0
1.1885160207748413,51.72842788696289,2010-04-01,GB,1.0,75.0,107.0,3600.0,3600.0,Siemens,Siemens,SWT-3.6-107,SWT-3.6-107,1.0,thewindpower.net,2010.0
1.201640009880066,51.72956085205078,2010-04-01,GB,1.0,75.0,107.0,3600.0,3600.0,Siemens,Siemens,SWT-3.6-107,SWT-3.6-107,1.0,thewindpower.net,2010.0
1.215448021888733,51.7301025390625,2010-04-01,GB,1.0,75.0,107.0,3600.0,3600.0,Siemens,Siemens,SWT-3.6-107,SWT-3.6-107,1.0,thewindpower.net,2010.0
1.229004979133606,51.73119354248047,2010-04-01,GB,1.0,75.0,107.0,3600.0,3600.0,Siemens,Siemens,SWT-3.6-107,SWT-3.6-107,1.0,thewindpower.net,2010.0
1.198878049850464,51.73282623291016,2010-04-01,GB,1.0,75.0,107.0,3600.0,3600.0,Siemens,Siemens,SWT-3.6-107,SWT-3.6-107,1.0,thewindpower.net,2010.0
1.212561011314392,51.73398971557617,2010-04-01,GB,1.0,75.0,107.0,3600.0,3600.0,Siemens,Siemens,SWT-3.6-107,SWT-3.6-107,1.0,thewindpower.net,2010.0
1.226243019104004,51.73461151123047,2010-04-01,GB,1.0,75.0,107.0,3600.0,3600.0,Siemens,Siemens,SWT-3.6-107,SWT-3.6-107,1.0,thewindpower.net,2010.0
1.2099250555038452,51.73717880249024,2010-04-01,GB,1.0,75.0,107.0,3600.0,3600.0,Siemens,Siemens,SWT-3.6-107,SWT-3.6-107,1.0,thewindpower.net,2010.0
1.2234820127487185,51.73780059814453,2010-04-01,GB,1.0,75.0,107.0,3600.0,3600.0,Siemens,Siemens,SWT-3.6-107,SWT-3.6-107,1.0,thewindpower.net,2010.0
1.220342993736267,51.74129867553711,2010-04-01,GB,1.0,75.0,107.0,3600.0,3600.0,Siemens,Siemens,SWT-3.6-107,SWT-3.6-107,1.0,thewindpower.net,2010.0
1.2345279455184937,51.7423095703125,2010-04-01,GB,1.0,75.0,107.0,3600.0,3600.0,Siemens,Siemens,SWT-3.6-107,SWT-3.6-107,1.0,thewindpower.net,2010.0
1.2313899993896484,51.7457275390625,2010-04-01,GB,1.0,75.0,107.0,3600.0,3600.0,Siemens,Siemens,SWT-3.6-107,SWT-3.6-107,1.0,thewindpower.net,2010.0
1.1964329481124878,51.70355224609375,2010-04-01,GB,1.0,75.0,107.0,3600.0,3600.0,Siemens,Siemens,SWT-3.6-107,SWT-3.6-107,1.0,thewindpower.net,2010.0
1.1932140588760376,51.7070198059082,2010-04-01,GB,1.0,75.0,107.0,3600.0,3600.0,Siemens,Siemens,SWT-3.6-107,SWT-3.6-107,1.0,thewindpower.net,2010.0
5.578482151031494,52.59733581542969,1996-08-01,NL,1.0,50.0,43.0,600.0,600.0,Nordtank,Nordtank,NTK600/43,NTK600/43,1.0,thewindpower.net,1996.0
5.592728137969971,52.59968185424805,1996-08-01,NL,1.0,50.0,43.0,600.0,600.0,Nordtank,Nordtank,NTK600/43,NTK600/43,1.0,thewindpower.net,1996.0
5.609819889068604,52.60249328613281,1996-08-01,NL,1.0,50.0,43.0,600.0,600.0,Nordtank,Nordtank,NTK600/43,NTK600/43,1.0,thewindpower.net,1996.0
5.56440019607544,52.59470748901367,1996-08-01,NL,1.0,50.0,43.0,600.0,600.0,Nordtank,Nordtank,NTK600/43,NTK600/43,1.0,thewindpower.net,1996.0
5.581326007843018,52.59779739379883,1996-08-01,NL,1.0,50.0,43.0,600.0,600.0,Nordtank,Nordtank,NTK600/43,NTK600/43,1.0,thewindpower.net,1996.0
5.584179878234863,52.598270416259766,1996-08-01,NL,1.0,50.0,43.0,600.0,600.0,Nordtank,Nordtank,NTK600/43,NTK600/43,1.0,thewindpower.net,1996.0
5.601277828216553,52.6010856628418,1996-08-01,NL,1.0,50.0,43.0,600.0,600.0,Nordtank,Nordtank,NTK600/43,NTK600/43,1.0,thewindpower.net,1996.0
5.572775840759277,52.59638977050781,1996-08-01,NL,1.0,50.0,43.0,600.0,600.0,Nordtank,Nordtank,NTK600/43,NTK600/43,1.0,thewindpower.net,1996.0
5.605844020843506,52.59174728393555,1996-08-01,NL,1.0,50.0,43.0,600.0,600.0,Nordtank,Nordtank,NTK600/43,NTK600/43,1.0,thewindpower.net,1996.0
5.606967926025391,52.602027893066406,1996-08-01,NL,1.0,50.0,43.0,600.0,600.0,Nordtank,Nordtank,NTK600/43,NTK600/43,1.0,thewindpower.net,1996.0
5.587026119232178,52.5987434387207,1996-08-01,NL,1.0,50.0,43.0,600.0,600.0,Nordtank,Nordtank,NTK600/43,NTK600/43,1.0,thewindpower.net,1996.0
5.604128837585449,52.60155487060547,1996-08-01,NL,1.0,50.0,43.0,600.0,600.0,Nordtank,Nordtank,NTK600/43,NTK600/43,1.0,thewindpower.net,1996.0
5.5671257972717285,52.59539413452149,1996-08-01,NL,1.0,50.0,43.0,600.0,600.0,Nordtank,Nordtank,NTK600/43,NTK600/43,1.0,thewindpower.net,1996.0
5.575629234313965,52.59685897827149,1996-08-01,NL,1.0,50.0,43.0,600.0,600.0,Nordtank,Nordtank,NTK600/43,NTK600/43,1.0,thewindpower.net,1996.0
5.595580101013184,52.60015106201172,1996-08-01,NL,1.0,50.0,43.0,600.0,600.0,Nordtank,Nordtank,NTK600/43,NTK600/43,1.0,thewindpower.net,1996.0
5.569931983947754,52.59592819213867,1996-08-01,NL,1.0,50.0,43.0,600.0,600.0,Nordtank,Nordtank,NTK600/43,NTK600/43,1.0,thewindpower.net,1996.0
5.589876174926758,52.599212646484375,1996-08-01,NL,1.0,50.0,43.0,600.0,600.0,Nordtank,Nordtank,NTK600/43,NTK600/43,1.0,thewindpower.net,1996.0
5.5984320640563965,52.600616455078125,1996-08-01,NL,1.0,50.0,43.0,600.0,600.0,Nordtank,Nordtank,NTK600/43,NTK600/43,1.0,thewindpower.net,1996.0
5.566539764404297,52.589447021484375,1996-08-01,NL,1.0,50.0,43.0,600.0,600.0,Nordtank,Nordtank,NTK600/43,NTK600/43,1.0,thewindpower.net,1996.0
21.36959648132324,61.62432098388672,2017-08-01,FI,1.0,90.0,130.0,4200.0,4200.0,Siemens,Siemens,SWT-4.0-130,SWT-4.0-130,1.0,thewindpower.net,2017.0
21.36314392089844,61.62864303588867,2017-08-01,FI,1.0,90.0,130.0,4200.0,4200.0,Siemens,Siemens,SWT-4.0-130,SWT-4.0-130,1.0,thewindpower.net,2017.0
21.361711502075195,61.620635986328125,2017-08-01,FI,1.0,90.0,130.0,4200.0,4200.0,Siemens,Siemens,SWT-4.0-130,SWT-4.0-130,1.0,thewindpower.net,2017.0
21.35358238220215,61.64338684082031,2017-08-01,FI,1.0,90.0,130.0,4200.0,4200.0,Siemens,Siemens,SWT-4.0-130,SWT-4.0-130,1.0,thewindpower.net,2017.0
21.352689743041992,61.62421417236328,2017-08-01,FI,1.0,90.0,130.0,4200.0,4200.0,Siemens,Siemens,SWT-4.0-130,SWT-4.0-130,1.0,thewindpower.net,2017.0
21.35141944885254,61.617462158203125,2017-08-01,FI,1.0,90.0,130.0,4200.0,4200.0,Siemens,Siemens,SWT-4.0-130,SWT-4.0-130,1.0,thewindpower.net,2017.0
21.34469985961914,61.628414154052734,2017-08-01,FI,1.0,90.0,130.0,4200.0,4200.0,Siemens,Siemens,SWT-4.0-130,SWT-4.0-130,1.0,thewindpower.net,2017.0
21.34120178222656,61.620643615722656,2017-08-01,FI,1.0,90.0,130.0,4200.0,4200.0,Siemens,Siemens,SWT-4.0-130,SWT-4.0-130,1.0,thewindpower.net,2017.0
21.337081909179688,61.63539505004883,2017-08-01,FI,1.0,90.0,130.0,4200.0,4200.0,Siemens,Siemens,SWT-4.0-130,SWT-4.0-130,1.0,thewindpower.net,2017.0
21.35222816467285,61.62651062011719,2017-08-01,FI,1.0,90.0,130.0,4200.0,4200.0,Siemens,Siemens,SWT-4.0-130,SWT-4.0-130,1.0,thewindpower.net,2017.0
24.501895904541016,65.66127014160156,2017-10-01,FI,1.0,92.5,130.0,3300.0,3300.0,Siemens,Siemens,SWT-3.3-130,SWT-3.3-130,1.0,thewindpower.net,2017.0
24.53959846496582,65.65559387207031,2017-10-01,FI,1.0,92.5,130.0,3300.0,3300.0,Siemens,Siemens,SWT-3.3-130,SWT-3.3-130,1.0,thewindpower.net,2017.0
24.504344940185547,65.66682434082031,2017-10-01,FI,1.0,92.5,130.0,3300.0,3300.0,Siemens,Siemens,SWT-3.3-130,SWT-3.3-130,1.0,thewindpower.net,2017.0
24.522113800048828,65.64690399169922,2017-10-01,FI,1.0,92.5,130.0,3300.0,3300.0,Siemens,Siemens,SWT-3.3-130,SWT-3.3-130,1.0,thewindpower.net,2017.0
24.52057266235352,65.65386199951172,2017-10-01,FI,1.0,92.5,130.0,3300.0,3300.0,Siemens,Siemens,SWT-3.3-130,SWT-3.3-130,1.0,thewindpower.net,2017.0
24.5045166015625,65.6564712524414,2017-10-01,FI,1.0,92.5,130.0,3300.0,3300.0,Siemens,Siemens,SWT-3.3-130,SWT-3.3-130,1.0,thewindpower.net,2017.0
24.534778594970703,65.65946197509766,2017-10-01,FI,1.0,92.5,130.0,3300.0,3300.0,Siemens,Siemens,SWT-3.3-130,SWT-3.3-130,1.0,thewindpower.net,2017.0
24.5493221282959,65.66114807128906,2017-10-01,FI,1.0,92.5,130.0,3300.0,3300.0,Siemens,Siemens,SWT-3.3-130,SWT-3.3-130,1.0,thewindpower.net,2017.0
-5.9509100914001465,52.78905487060547,2003-11-01,IE,1.0,74.0,111.0,3600.0,3600.0,GE Energy,GE Energy,3.6sl,3.6sl,1.0,thewindpower.net,2003.0
-5.942934036254883,52.80780029296875,2003-11-01,IE,1.0,74.0,111.0,3600.0,3600.0,GE Energy,GE Energy,3.6sl,3.6sl,1.0,thewindpower.net,2003.0
-5.951666831970215,52.774444580078125,2003-11-01,IE,1.0,74.0,111.0,3600.0,3600.0,GE Energy,GE Energy,3.6sl,3.6sl,1.0,thewindpower.net,2003.0
-1.413100004196167,55.14799880981445,2018-06-01,GB,1.0,110.0,164.0,8300.0,8300.0,Vestas,MHI Vestas Offshore,V164/8000,V164/8000,1.0,thewindpower.net,2018.0
-1.4062999486923218,55.13970184326172,2018-06-01,GB,1.0,110.0,164.0,8300.0,8300.0,Vestas,MHI Vestas Offshore,V164/8000,V164/8000,1.0,thewindpower.net,2018.0
-1.3934999704360962,55.11320114135742,2018-06-01,GB,1.0,110.0,164.0,8300.0,8300.0,Vestas,MHI Vestas Offshore,V164/8000,V164/8000,1.0,thewindpower.net,2018.0
-1.3961999416351318,55.12239837646485,2018-06-01,GB,1.0,110.0,164.0,8300.0,8300.0,Vestas,MHI Vestas Offshore,V164/8000,V164/8000,1.0,thewindpower.net,2018.0
-1.4005000591278076,55.13140106201172,2018-06-01,GB,1.0,110.0,164.0,8300.0,8300.0,Vestas,MHI Vestas Offshore,V164/8000,V164/8000,1.0,thewindpower.net,2018.0
-1.8886079788208008,57.42945098876953,2017-10-01,GB,1.0,101.0,153.74,6000.0,6000.0,Siemens,Siemens,other_turbine,,1.0,thewindpower.net,2017.0
-1.8903889656066888,57.43048477172852,2017-10-01,GB,1.0,101.0,153.74,6000.0,6000.0,Siemens,Siemens,other_turbine,,1.0,thewindpower.net,2017.0
-1.8920140266418457,57.53587341308594,2017-10-01,GB,1.0,101.0,153.74,6000.0,6000.0,Siemens,Siemens,other_turbine,,1.0,thewindpower.net,2017.0
-1.9042259454727173,57.5278549194336,2017-10-01,GB,1.0,101.0,153.74,6000.0,6000.0,Siemens,Siemens,other_turbine,,1.0,thewindpower.net,2017.0
-1.9039039611816408,57.52674865722656,2017-10-01,GB,1.0,101.0,153.74,6000.0,6000.0,Siemens,Siemens,other_turbine,,1.0,thewindpower.net,2017.0
5.029583930969238,59.14031219482422,2019-01-01,NO,1.0,120.67,135.422,5000.0,5000.0,other_manufacturer,,other_turbine,,1.0,thewindpower.net,2019.0
2.84,51.69,2013-12-01,BE,1.0,100.0,150.8,6000.0,6000.0,Alstom,Alstom Power,Haliade 150,Haliade 150,1.0,thewindpower.net,2013.0
21.35,61.62,2010-07-01,FI,1.0,80.0,101.0,2300.0,2300.0,Siemens,Siemens,SWT-2.3-101,SWT-2.3-101,1.0,thewindpower.net,2010.0
-2.778,47.238,2018-01-01,FR,1.0,57.0,80.0,2000.0,2000.0,Vestas,Vestas,V80/2000,V80/2000,1.0,thewindpower.net,2018.0
-2.778,47.24,2015-08-01,FR,1.0,115.665,164.99,8000.0,8000.0,other_manufacturer,,other_turbine,,1.0,thewindpower.net,2015.0
-3.02,56.17,2013-10-01,GB,1.0,110.0,171.2,7000.0,7000.0,Samsung,Samsung,7.0-171,7.0-171,1.0,thewindpower.net,2013.0
-1.86,57.0,,GB,1.0,71.17,85.354,2000.0,2000.0,other_manufacturer,,other_turbine,,1.0,thewindpower.net,2015.42
5.03,59.14,2009-06-01,NO,1.0,65.0,93.0,2300.0,2300.0,Siemens,Siemens,SWT-2.3-93,SWT-2.3-93,1.0,thewindpower.net,2009.0
17.004624890305458,57.009121584343205,2013-09-01,SE,1.0,80.0,112.0,3000.0,3000.0,Vestas,Vestas,V112/3000,"V112-3,0",1.0,Länsstyrelsen (https://vbk.lansstyrelsen.se/en),2013.0
17.00523463474069,57.0054198551972,2013-09-01,SE,1.0,80.0,112.0,3000.0,3000.0,Vestas,Vestas,V112/3000,"V112-3,0",1.0,Länsstyrelsen (https://vbk.lansstyrelsen.se/en),2013.0
17.005453297330256,57.00170174406306,2013-09-01,SE,1.0,80.0,112.0,3000.0,3000.0,Vestas,Vestas,V112/3000,"V112-3,0",1.0,Länsstyrelsen (https://vbk.lansstyrelsen.se/en),2013.0
17.005879543194812,56.99813350942307,2013-09-01,SE,1.0,80.0,112.0,3000.0,3000.0,Vestas,Vestas,V112/3000,"V112-3,0",1.0,Länsstyrelsen (https://vbk.lansstyrelsen.se/en),2013.0
17.006313284264152,56.99460190224704,2013-09-01,SE,1.0,80.0,112.0,3000.0,3000.0,Vestas,Vestas,V112/3000,"V112-3,0",1.0,Länsstyrelsen (https://vbk.lansstyrelsen.se/en),2013.0
17.00770612549265,56.99144236958181,2013-09-01,SE,1.0,80.0,112.0,3000.0,3000.0,Vestas,Vestas,V112/3000,"V112-3,0",1.0,Länsstyrelsen (https://vbk.lansstyrelsen.se/en),2013.0
17.009286639299834,56.98830891775899,2013-09-01,SE,1.0,80.0,112.0,3000.0,3000.0,Vestas,Vestas,V112/3000,"V112-3,0",1.0,Länsstyrelsen (https://vbk.lansstyrelsen.se/en),2013.0
17.011427982915293,56.98528225283184,2013-09-01,SE,1.0,80.0,112.0,3000.0,3000.0,Vestas,Vestas,V112/3000,"V112-3,0",1.0,Länsstyrelsen (https://vbk.lansstyrelsen.se/en),2013.0
17.014840624587872,56.9825957665259,2013-09-01,SE,1.0,80.0,112.0,3000.0,3000.0,Vestas,Vestas,V112/3000,"V112-3,0",1.0,Länsstyrelsen (https://vbk.lansstyrelsen.se/en),2013.0
17.018921719863393,56.98021882796586,2013-09-01,SE,1.0,80.0,112.0,3000.0,3000.0,Vestas,Vestas,V112/3000,"V112-3,0",1.0,Länsstyrelsen (https://vbk.lansstyrelsen.se/en),2013.0
17.023262462647388,56.97796613790792,2013-09-01,SE,1.0,80.0,112.0,3000.0,3000.0,Vestas,Vestas,V112/3000,"V112-3,0",1.0,Länsstyrelsen (https://vbk.lansstyrelsen.se/en),2013.0
17.027767542673484,56.975870395238445,2013-09-01,SE,1.0,80.0,112.0,3000.0,3000.0,Vestas,Vestas,V112/3000,"V112-3,0",1.0,Länsstyrelsen (https://vbk.lansstyrelsen.se/en),2013.0
17.032345576936322,56.9737668297688,2013-09-01,SE,1.0,80.0,112.0,3000.0,3000.0,Vestas,Vestas,V112/3000,"V112-3,0",1.0,Länsstyrelsen (https://vbk.lansstyrelsen.se/en),2013.0
17.03712359940985,56.972044697403945,2013-09-01,SE,1.0,80.0,112.0,3000.0,3000.0,Vestas,Vestas,V112/3000,"V112-3,0",1.0,Länsstyrelsen (https://vbk.lansstyrelsen.se/en),2013.0
17.042194534652246,56.97011208931546,2013-09-01,SE,1.0,80.0,112.0,3000.0,3000.0,Vestas,Vestas,V112/3000,"V112-3,0",1.0,Länsstyrelsen (https://vbk.lansstyrelsen.se/en),2013.0
17.047303029642222,56.968417679151166,2013-09-01,SE,1.0,80.0,112.0,3000.0,3000.0,Vestas,Vestas,V112/3000,"V112-3,0",1.0,Länsstyrelsen (https://vbk.lansstyrelsen.se/en),2013.0
18.149027781600264,57.04488889058117,1998-03-01,SE,1.0,41.0,47.0,600.0,600.0,Vestas,Vestas,V47/600,V47,1.0,Länsstyrelsen (https://vbk.lansstyrelsen.se/en),1998.0
18.14994443715229,57.03894442572702,1998-03-01,SE,1.0,41.0,47.0,600.0,600.0,Vestas,Vestas,V47/600,V47,1.0,Länsstyrelsen (https://vbk.lansstyrelsen.se/en),1998.0
18.15072216888177,57.03411115671825,1998-03-01,SE,1.0,41.0,47.0,600.0,600.0,Vestas,Vestas,V47/600,V47,1.0,Länsstyrelsen (https://vbk.lansstyrelsen.se/en),1998.0
18.159583250018272,57.03711108725556,1998-03-01,SE,1.0,41.0,47.0,600.0,600.0,Vestas,Vestas,V47/600,V47,1.0,Länsstyrelsen (https://vbk.lansstyrelsen.se/en),1998.0
18.157250018930853,57.040055539386216,1998-03-01,SE,1.0,41.0,47.0,600.0,600.0,Vestas,Vestas,V47/600,V47,1.0,Länsstyrelsen (https://vbk.lansstyrelsen.se/en),1998.0
13.34822748345936,59.257502115424046,2009-12-15,SE,1.0,90.0,100.0,3000.0,3000.0,Winwind,WinWind                                           ,WWD-3,WWD-3,1.0,Länsstyrelsen (https://vbk.lansstyrelsen.se/en),2009.0
13.359145423299,59.26700570529588,2009-12-15,SE,1.0,90.0,100.0,3000.0,3000.0,Winwind,WinWind                                           ,WWD-3,WWD-3,1.0,Länsstyrelsen (https://vbk.lansstyrelsen.se/en),2009.0
13.368408379846812,59.26458094785539,2009-12-15,SE,1.0,90.0,100.0,3000.0,3000.0,Winwind,WinWind                                           ,WWD-3,WWD-3,1.0,Länsstyrelsen (https://vbk.lansstyrelsen.se/en),2009.0
13.38240557369468,59.26578354544221,2009-12-15,SE,1.0,90.0,100.0,3000.0,3000.0,Winwind,WinWind                                           ,WWD-3,WWD-3,1.0,Länsstyrelsen (https://vbk.lansstyrelsen.se/en),2009.0
13.391279748560104,59.26446583814658,2009-12-15,SE,1.0,90.0,100.0,3000.0,3000.0,Winwind,WinWind                                           ,WWD-3,WWD-3,1.0,Länsstyrelsen (https://vbk.lansstyrelsen.se/en),2009.0
13.384434534756505,59.25827070262813,2009-12-15,SE,1.0,90.0,100.0,3000.0,3000.0,Winwind,WinWind                                           ,WWD-3,WWD-3,1.0,Länsstyrelsen (https://vbk.lansstyrelsen.se/en),2009.0
13.39471325235582,59.259300934530266,2009-12-15,SE,1.0,90.0,100.0,3000.0,3000.0,Winwind,WinWind                                           ,WWD-3,WWD-3,1.0,Länsstyrelsen (https://vbk.lansstyrelsen.se/en),2009.0
13.405986521765492,59.26039013781036,2009-12-15,SE,1.0,90.0,100.0,3000.0,3000.0,Winwind,WinWind                                           ,WWD-3,WWD-3,1.0,Länsstyrelsen (https://vbk.lansstyrelsen.se/en),2009.0
13.414998884870494,59.26420748725254,2009-12-15,SE,1.0,90.0,100.0,3000.0,3000.0,Winwind,WinWind                                           ,WWD-3,WWD-3,1.0,Länsstyrelsen (https://vbk.lansstyrelsen.se/en),2009.0
13.40406782190003,59.26568986326552,2009-12-15,SE,1.0,90.0,100.0,3000.0,3000.0,Winwind,WinWind                                           ,WWD-3,WWD-3,1.0,Länsstyrelsen (https://vbk.lansstyrelsen.se/en),2009.0
12.803441709888531,55.51600218336879,2007-10-20,SE,1.0,70.0,90.0,2300.0,2300.0,Siemens,Siemens,SWT-2.3-93,SWT-2.3-93,1.0,Länsstyrelsen (https://vbk.lansstyrelsen.se/en),2007.0
12.799375299638465,55.5132512728744,2007-10-20,SE,1.0,70.0,90.0,2300.0,2300.0,Siemens,Siemens,SWT-2.3-93,SWT-2.3-93,1.0,Länsstyrelsen (https://vbk.lansstyrelsen.se/en),2007.0
12.795310268839849,55.51049134749368,2007-10-21,SE,1.0,70.0,90.0,2300.0,2300.0,Siemens,Siemens,SWT-2.3-93,SWT-2.3-93,1.0,Länsstyrelsen (https://vbk.lansstyrelsen.se/en),2007.0
12.791244986182395,55.50774026412993,2007-10-22,SE,1.0,70.0,90.0,2300.0,2300.0,Siemens,Siemens,SWT-2.3-93,SWT-2.3-93,1.0,Länsstyrelsen (https://vbk.lansstyrelsen.se/en),2007.0
12.787180427430874,55.50498905234276,2007-10-24,SE,1.0,70.0,90.0,2300.0,2300.0,Siemens,Siemens,SWT-2.3-93,SWT-2.3-93,1.0,Länsstyrelsen (https://vbk.lansstyrelsen.se/en),2007.0
12.78311693893852,55.50222873037726,2007-10-22,SE,1.0,70.0,90.0,2300.0,2300.0,Siemens,Siemens,SWT-2.3-93,SWT-2.3-93,1.0,Länsstyrelsen (https://vbk.lansstyrelsen.se/en),2007.0
12.779053512079717,55.49947725619036,2007-10-22,SE,1.0,70.0,90.0,2300.0,2300.0,Siemens,Siemens,SWT-2.3-93,SWT-2.3-93,1.0,Länsstyrelsen (https://vbk.lansstyrelsen.se/en),2007.0
12.799146370172435,55.51728961693305,2007-11-04,SE,1.0,70.0,90.0,2300.0,2300.0,Siemens,Siemens,SWT-2.3-93,SWT-2.3-93,1.0,Länsstyrelsen (https://vbk.lansstyrelsen.se/en),2007.0
12.795080127972923,55.514538655543454,2007-11-04,SE,1.0,70.0,90.0,2300.0,2300.0,Siemens,Siemens,SWT-2.3-93,SWT-2.3-93,1.0,Länsstyrelsen (https://vbk.lansstyrelsen.se/en),2007.0
12.79101527629938,55.51177849974922,2008-11-04,SE,1.0,70.0,90.0,2300.0,2300.0,Siemens,Siemens,SWT-2.3-93,SWT-2.3-93,1.0,Länsstyrelsen (https://vbk.lansstyrelsen.se/en),2008.0
12.786950166762972,55.50902727574593,2007-11-04,SE,1.0,70.0,90.0,2300.0,2300.0,Siemens,Siemens,SWT-2.3-93,SWT-2.3-93,1.0,Länsstyrelsen (https://vbk.lansstyrelsen.se/en),2007.0
12.782885781166462,55.506275923347786,2007-11-08,SE,1.0,70.0,90.0,2300.0,2300.0,Siemens,Siemens,SWT-2.3-93,SWT-2.3-93,1.0,Länsstyrelsen (https://vbk.lansstyrelsen.se/en),2007.0
12.778822625056376,55.503515463692494,2007-11-08,SE,1.0,70.0,90.0,2300.0,2300.0,Siemens,Siemens,SWT-2.3-93,SWT-2.3-93,1.0,Länsstyrelsen (https://vbk.lansstyrelsen.se/en),2007.0
12.774759213214374,55.5007638460704,2007-10-23,SE,1.0,70.0,90.0,2300.0,2300.0,Siemens,Siemens,SWT-2.3-93,SWT-2.3-93,1.0,Länsstyrelsen (https://vbk.lansstyrelsen.se/en),2007.0
12.7706965249382,55.49801210019372,2007-10-20,SE,1.0,70.0,90.0,2300.0,2300.0,Siemens,Siemens,SWT-2.3-93,SWT-2.3-93,1.0,Länsstyrelsen (https://vbk.lansstyrelsen.se/en),2007.0
12.794850752754495,55.5185768971811,2007-11-17,SE,1.0,70.0,90.0,2300.0,2300.0,Siemens,Siemens,SWT-2.3-93,SWT-2.3-93,1.0,Länsstyrelsen (https://vbk.lansstyrelsen.se/en),2007.0
12.790784683693696,55.51582579510798,2007-11-20,SE,1.0,70.0,90.0,2300.0,2300.0,Siemens,Siemens,SWT-2.3-93,SWT-2.3-93,1.0,Länsstyrelsen (https://vbk.lansstyrelsen.se/en),2007.0
12.786719343897136,55.513074474785455,2007-11-20,SE,1.0,70.0,90.0,2300.0,2300.0,Siemens,Siemens,SWT-2.3-93,SWT-2.3-93,1.0,Länsstyrelsen (https://vbk.lansstyrelsen.se/en),2007.0
12.782655228094514,55.51031413691727,2007-11-24,SE,1.0,70.0,90.0,2300.0,2300.0,Siemens,Siemens,SWT-2.3-93,SWT-2.3-93,1.0,Länsstyrelsen (https://vbk.lansstyrelsen.se/en),2007.0
12.778590857504906,55.50756264104467,2007-11-24,SE,1.0,70.0,90.0,2300.0,2300.0,Siemens,Siemens,SWT-2.3-93,SWT-2.3-93,1.0,Länsstyrelsen (https://vbk.lansstyrelsen.se/en),2007.0
12.774527210764523,55.50481101685256,2007-11-08,SE,1.0,70.0,90.0,2300.0,2300.0,Siemens,Siemens,SWT-2.3-93,SWT-2.3-93,1.0,Länsstyrelsen (https://vbk.lansstyrelsen.se/en),2007.0
12.770464637104212,55.50205028264641,2007-11-08,SE,1.0,70.0,90.0,2300.0,2300.0,Siemens,Siemens,SWT-2.3-93,SWT-2.3-93,1.0,Länsstyrelsen (https://vbk.lansstyrelsen.se/en),2007.0
12.766402122146626,55.49929839622974,2007-11-15,SE,1.0,70.0,90.0,2300.0,2300.0,Siemens,Siemens,SWT-2.3-93,SWT-2.3-93,1.0,Länsstyrelsen (https://vbk.lansstyrelsen.se/en),2007.0
12.790570017355437,55.51987337555276,2007-12-01,SE,1.0,70.0,90.0,2300.0,2300.0,Siemens,Siemens,SWT-2.3-93,SWT-2.3-93,1.0,Länsstyrelsen (https://vbk.lansstyrelsen.se/en),2007.0
12.786504940196505,55.51711316006371,2007-12-01,SE,1.0,70.0,90.0,2300.0,2300.0,Siemens,Siemens,SWT-2.3-93,SWT-2.3-93,1.0,Länsstyrelsen (https://vbk.lansstyrelsen.se/en),2007.0
12.782439609199994,55.51436178653263,2007-12-01,SE,1.0,70.0,90.0,2300.0,2300.0,Siemens,Siemens,SWT-2.3-93,SWT-2.3-93,1.0,Länsstyrelsen (https://vbk.lansstyrelsen.se/en),2007.0
12.778375002336343,55.511610284616914,2007-12-01,SE,1.0,70.0,90.0,2300.0,2300.0,Siemens,Siemens,SWT-2.3-93,SWT-2.3-93,1.0,Länsstyrelsen (https://vbk.lansstyrelsen.se/en),2007.0
12.770247998570351,55.5060978185637,2007-11-20,SE,1.0,70.0,90.0,2300.0,2300.0,Siemens,Siemens,SWT-2.3-93,SWT-2.3-93,1.0,Länsstyrelsen (https://vbk.lansstyrelsen.se/en),2007.0
12.766185756312368,55.50333694722633,2007-11-24,SE,1.0,70.0,90.0,2300.0,2300.0,Siemens,Siemens,SWT-2.3-93,SWT-2.3-93,1.0,Länsstyrelsen (https://vbk.lansstyrelsen.se/en),2007.0
12.762123255399205,55.50058491790023,2007-11-12,SE,1.0,70.0,90.0,2300.0,2300.0,Siemens,Siemens,SWT-2.3-93,SWT-2.3-93,1.0,Länsstyrelsen (https://vbk.lansstyrelsen.se/en),2007.0
12.786062758817064,55.52102036436767,2007-10-04,SE,1.0,70.0,90.0,2300.0,2300.0,Siemens,Siemens,SWT-2.3-93,SWT-2.3-93,1.0,Länsstyrelsen (https://vbk.lansstyrelsen.se/en),2007.0
12.782208941153048,55.51839999350035,2007-10-04,SE,1.0,70.0,90.0,2300.0,2300.0,Siemens,Siemens,SWT-2.3-93,SWT-2.3-93,1.0,Länsstyrelsen (https://vbk.lansstyrelsen.se/en),2007.0
12.778143783476631,55.51564847931275,2007-10-04,SE,1.0,70.0,90.0,2300.0,2300.0,Siemens,Siemens,SWT-2.3-93,SWT-2.3-93,1.0,Länsstyrelsen (https://vbk.lansstyrelsen.se/en),2007.0
12.774079349967025,55.512896836769066,2007-12-01,SE,1.0,70.0,90.0,2300.0,2300.0,Siemens,Siemens,SWT-2.3-93,SWT-2.3-93,1.0,Länsstyrelsen (https://vbk.lansstyrelsen.se/en),2007.0
12.765952694008668,55.50738408955735,2007-12-01,SE,1.0,70.0,90.0,2300.0,2300.0,Siemens,Siemens,SWT-2.3-93,SWT-2.3-93,1.0,Länsstyrelsen (https://vbk.lansstyrelsen.se/en),2007.0
12.761889958431428,55.504632053617,2007-11-28,SE,1.0,70.0,90.0,2300.0,2300.0,Siemens,Siemens,SWT-2.3-93,SWT-2.3-93,1.0,Länsstyrelsen (https://vbk.lansstyrelsen.se/en),2007.0
12.777912000037778,55.519695649576825,2007-10-04,SE,1.0,70.0,90.0,2300.0,2300.0,Siemens,Siemens,SWT-2.3-93,SWT-2.3-93,1.0,Länsstyrelsen (https://vbk.lansstyrelsen.se/en),2007.0
12.773847838475522,55.5169350215938,2007-10-06,SE,1.0,70.0,90.0,2300.0,2300.0,Siemens,Siemens,SWT-2.3-93,SWT-2.3-93,1.0,Länsstyrelsen (https://vbk.lansstyrelsen.se/en),2007.0
12.76978342014627,55.51418323554708,2007-12-01,SE,1.0,70.0,90.0,2300.0,2300.0,Siemens,Siemens,SWT-2.3-93,SWT-2.3-93,1.0,Länsstyrelsen (https://vbk.lansstyrelsen.se/en),2007.0
12.765719725893032,55.511431321219646,2007-12-01,SE,1.0,70.0,90.0,2300.0,2300.0,Siemens,Siemens,SWT-2.3-93,SWT-2.3-93,1.0,Länsstyrelsen (https://vbk.lansstyrelsen.se/en),2007.0
12.761657107050986,55.50867029696902,2007-12-01,SE,1.0,70.0,90.0,2300.0,2300.0,Siemens,Siemens,SWT-2.3-93,SWT-2.3-93,1.0,Länsstyrelsen (https://vbk.lansstyrelsen.se/en),2007.0
12.773615444786795,55.52098217620206,2007-10-08,SE,1.0,70.0,90.0,2300.0,2300.0,Siemens,Siemens,SWT-2.3-93,SWT-2.3-93,1.0,Länsstyrelsen (https://vbk.lansstyrelsen.se/en),2007.0
12.769550791371811,55.518230383564266,2007-10-07,SE,1.0,70.0,90.0,2300.0,2300.0,Siemens,Siemens,SWT-2.3-93,SWT-2.3-93,1.0,Länsstyrelsen (https://vbk.lansstyrelsen.se/en),2007.0
12.76548721288147,55.515469480929625,2007-12-01,SE,1.0,70.0,90.0,2300.0,2300.0,Siemens,Siemens,SWT-2.3-93,SWT-2.3-93,1.0,Länsstyrelsen (https://vbk.lansstyrelsen.se/en),2007.0
12.761423692163769,55.51271742600129,2007-12-01,SE,1.0,70.0,90.0,2300.0,2300.0,Siemens,Siemens,SWT-2.3-93,SWT-2.3-93,1.0,Länsstyrelsen (https://vbk.lansstyrelsen.se/en),2007.0
12.76933443394007,55.52226892750683,2007-10-05,SE,1.0,70.0,90.0,2300.0,2300.0,Siemens,Siemens,SWT-2.3-93,SWT-2.3-93,1.0,Länsstyrelsen (https://vbk.lansstyrelsen.se/en),2007.0
12.765269952921496,55.51951699473961,2007-10-08,SE,1.0,70.0,90.0,2300.0,2300.0,Siemens,Siemens,SWT-2.3-93,SWT-2.3-93,1.0,Länsstyrelsen (https://vbk.lansstyrelsen.se/en),2007.0
12.761206547855837,55.516755952026536,2007-10-06,SE,1.0,70.0,90.0,2300.0,2300.0,Siemens,Siemens,SWT-2.3-93,SWT-2.3-93,1.0,Länsstyrelsen (https://vbk.lansstyrelsen.se/en),2007.0
6.248058,54.466139,2019-09-23,DE,1.0,105.0,154.0,7000.0,7000.0,Siemens,Siemens,SWT-7.0-154,SWT-7.0-154,1.0,Custom offshore wind farms,2019.0
6.258757,54.472447,2019-09-23,DE,1.0,105.0,154.0,7000.0,7000.0,Siemens,Siemens,SWT-7.0-154,SWT-7.0-154,1.0,Custom offshore wind farms,2019.0
6.233378,54.475572,2019-09-23,DE,1.0,105.0,154.0,7000.0,7000.0,Siemens,Siemens,SWT-7.0-154,SWT-7.0-154,1.0,Custom offshore wind farms,2019.0
6.247398,54.481963,2019-09-23,DE,1.0,105.0,154.0,7000.0,7000.0,Siemens,Siemens,SWT-7.0-154,SWT-7.0-154,1.0,Custom offshore wind farms,2019.0
6.233528,54.482685,2019-09-23,DE,1.0,105.0,154.0,7000.0,7000.0,Siemens,Siemens,SWT-7.0-154,SWT-7.0-154,1.0,Custom offshore wind farms,2019.0
6.220689,54.483719,2019-09-23,DE,1.0,105.0,154.0,7000.0,7000.0,Siemens,Siemens,SWT-7.0-154,SWT-7.0-154,1.0,Custom offshore wind farms,2019.0
6.28316,54.486811,2019-09-23,DE,1.0,105.0,154.0,7000.0,7000.0,Siemens,Siemens,SWT-7.0-154,SWT-7.0-154,1.0,Custom offshore wind farms,2019.0
6.211281,54.489771,2019-09-23,DE,1.0,105.0,154.0,7000.0,7000.0,Siemens,Siemens,SWT-7.0-154,SWT-7.0-154,1.0,Custom offshore wind farms,2019.0
6.234976,54.489883,2019-09-23,DE,1.0,105.0,154.0,7000.0,7000.0,Siemens,Siemens,SWT-7.0-154,SWT-7.0-154,1.0,Custom offshore wind farms,2019.0
6.258425,54.493218,2019-09-23,DE,1.0,105.0,154.0,7000.0,7000.0,Siemens,Siemens,SWT-7.0-154,SWT-7.0-154,1.0,Custom offshore wind farms,2019.0
6.29718799999999,54.494371,2019-09-23,DE,1.0,105.0,154.0,7000.0,7000.0,Siemens,Siemens,SWT-7.0-154,SWT-7.0-154,1.0,Custom offshore wind farms,2019.0
6.270256,54.494502,2019-09-23,DE,1.0,105.0,154.0,7000.0,7000.0,Siemens,Siemens,SWT-7.0-154,SWT-7.0-154,1.0,Custom offshore wind farms,2019.0
6.202958,54.495108,2019-09-23,DE,1.0,105.0,154.0,7000.0,7000.0,Siemens,Siemens,SWT-7.0-154,SWT-7.0-154,1.0,Custom offshore wind farms,2019.0
6.24738399999999,54.495441,2019-09-23,DE,1.0,105.0,154.0,7000.0,7000.0,Siemens,Siemens,SWT-7.0-154,SWT-7.0-154,1.0,Custom offshore wind farms,2019.0
6.216171,54.496308,2019-09-23,DE,1.0,105.0,154.0,7000.0,7000.0,Siemens,Siemens,SWT-7.0-154,SWT-7.0-154,1.0,Custom offshore wind farms,2019.0
6.235753,54.497081,2019-09-23,DE,1.0,105.0,154.0,7000.0,7000.0,Siemens,Siemens,SWT-7.0-154,SWT-7.0-154,1.0,Custom offshore wind farms,2019.0
6.59448799982141,54.0003370003523,2009-11-16,DE,1.0,90.0,116.0,5000.0,5000.0,Areva,Areva,M5000-116,M5000-116,1.0,Custom offshore wind farms,2009.0
6.60716249974962,54.0003395000179,2009-11-16,DE,1.0,90.0,116.0,5000.0,5000.0,Areva,Areva,M5000-116,M5000-116,1.0,Custom offshore wind farms,2009.0
6.61983699967783,54.0003419996836,2009-11-16,DE,1.0,90.0,116.0,5000.0,5000.0,Areva,Areva,M5000-116,M5000-116,1.0,Custom offshore wind farms,2009.0
6.6066435000975,54.0074954999673,2009-11-16,DE,1.0,90.0,116.0,5000.0,5000.0,Areva,Areva,M5000-116,M5000-116,1.0,Custom offshore wind farms,2009.0
6.61931800002571,54.007497999633,2009-11-16,DE,1.0,90.0,116.0,5000.0,5000.0,Areva,Areva,M5000-116,M5000-116,1.0,Custom offshore wind farms,2009.0
6.59415535381899,54.0075016524729,2009-11-16,DE,1.0,90.0,116.0,5000.0,5000.0,Areva,Areva,M5000-116,M5000-116,1.0,Custom offshore wind farms,2009.0
6.59382667647618,54.014580826141,2009-11-16,DE,1.0,92.0,126.0,5080.0,5080.0,Repower,Repower,5M,5M,1.0,Custom offshore wind farms,2009.0
6.60628175005277,54.0145829999055,2009-11-16,DE,1.0,92.0,126.0,5080.0,5080.0,Repower,Repower,5M,5M,1.0,Custom offshore wind farms,2009.0
6.61883000045421,54.0145894997556,2009-11-16,DE,1.0,92.0,126.0,5080.0,5080.0,Repower,Repower,5M,5M,1.0,Custom offshore wind farms,2009.0
6.59349799913337,54.0216599998091,2009-11-16,DE,1.0,92.0,126.0,5080.0,5080.0,Repower,Repower,5M,5M,1.0,Custom offshore wind farms,2009.0
6.60592000000804,54.0216704998437,2009-11-16,DE,1.0,92.0,126.0,5080.0,5080.0,Repower,Repower,5M,5M,1.0,Custom offshore wind farms,2009.0
6.6183420008827,54.0216809998783,2009-11-16,DE,1.0,92.0,126.0,5080.0,5080.0,Repower,Repower,5M,5M,1.0,Custom offshore wind farms,2009.0
7.641017,54.5063829999999,2015-12-31,DE,1.0,88.0,120.0,3600.0,3600.0,Siemens,Siemens,SWT-3.6-120,SWT-3.6-120,1.0,Custom offshore wind farms,2015.0
7.653833,54.5063829999999,2015-12-31,DE,1.0,88.0,120.0,3600.0,3600.0,Siemens,Siemens,SWT-3.6-120,SWT-3.6-120,1.0,Custom offshore wind farms,2015.0
7.66666699999999,54.5063829999999,2015-12-31,DE,1.0,88.0,120.0,3600.0,3600.0,Siemens,Siemens,SWT-3.6-120,SWT-3.6-120,1.0,Custom offshore wind farms,2015.0
7.679072,54.5063829999999,2015-12-31,DE,1.0,88.0,120.0,3600.0,3600.0,Siemens,Siemens,SWT-3.6-120,SWT-3.6-120,1.0,Custom offshore wind farms,2015.0
7.691478,54.5063829999999,2015-12-31,DE,1.0,88.0,120.0,3600.0,3600.0,Siemens,Siemens,SWT-3.6-120,SWT-3.6-120,1.0,Custom offshore wind farms,2015.0
7.703883,54.5063829999999,2015-12-31,DE,1.0,88.0,120.0,3600.0,3600.0,Siemens,Siemens,SWT-3.6-120,SWT-3.6-120,1.0,Custom offshore wind farms,2015.0
7.71628999999999,54.5063829999999,2015-12-31,DE,1.0,88.0,120.0,3600.0,3600.0,Siemens,Siemens,SWT-3.6-120,SWT-3.6-120,1.0,Custom offshore wind farms,2015.0
7.728695,54.5063829999999,2015-12-31,DE,1.0,88.0,120.0,3600.0,3600.0,Siemens,Siemens,SWT-3.6-120,SWT-3.6-120,1.0,Custom offshore wind farms,2015.0
7.741088,54.5063829999999,2015-12-31,DE,1.0,88.0,120.0,3600.0,3600.0,Siemens,Siemens,SWT-3.6-120,SWT-3.6-120,1.0,Custom offshore wind farms,2015.0
7.75348,54.5063829999999,2015-12-31,DE,1.0,88.0,120.0,3600.0,3600.0,Siemens,Siemens,SWT-3.6-120,SWT-3.6-120,1.0,Custom offshore wind farms,2015.0
7.76588699999999,54.5063829999999,2015-12-31,DE,1.0,88.0,120.0,3600.0,3600.0,Siemens,Siemens,SWT-3.6-120,SWT-3.6-120,1.0,Custom offshore wind farms,2015.0
7.641017,54.5118,2015-12-31,DE,1.0,88.0,120.0,3600.0,3600.0,Siemens,Siemens,SWT-3.6-120,SWT-3.6-120,1.0,Custom offshore wind farms,2015.0
7.653833,54.5118,2015-12-31,DE,1.0,88.0,120.0,3600.0,3600.0,Siemens,Siemens,SWT-3.6-120,SWT-3.6-120,1.0,Custom offshore wind farms,2015.0
7.66666699999999,54.5118,2015-12-31,DE,1.0,88.0,120.0,3600.0,3600.0,Siemens,Siemens,SWT-3.6-120,SWT-3.6-120,1.0,Custom offshore wind farms,2015.0
7.679072,54.5118,2015-12-31,DE,1.0,88.0,120.0,3600.0,3600.0,Siemens,Siemens,SWT-3.6-120,SWT-3.6-120,1.0,Custom offshore wind farms,2015.0
7.691478,54.5118,2015-12-31,DE,1.0,88.0,120.0,3600.0,3600.0,Siemens,Siemens,SWT-3.6-120,SWT-3.6-120,1.0,Custom offshore wind farms,2015.0
7.703883,54.5118,2015-12-31,DE,1.0,88.0,120.0,3600.0,3600.0,Siemens,Siemens,SWT-3.6-120,SWT-3.6-120,1.0,Custom offshore wind farms,2015.0
7.71628999999999,54.5118,2015-12-31,DE,1.0,88.0,120.0,3600.0,3600.0,Siemens,Siemens,SWT-3.6-120,SWT-3.6-120,1.0,Custom offshore wind farms,2015.0
7.728695,54.5118,2015-12-31,DE,1.0,88.0,120.0,3600.0,3600.0,Siemens,Siemens,SWT-3.6-120,SWT-3.6-120,1.0,Custom offshore wind farms,2015.0
7.741088,54.5118,2015-12-31,DE,1.0,88.0,120.0,3600.0,3600.0,Siemens,Siemens,SWT-3.6-120,SWT-3.6-120,1.0,Custom offshore wind farms,2015.0
7.75348,54.5118,2015-12-31,DE,1.0,88.0,120.0,3600.0,3600.0,Siemens,Siemens,SWT-3.6-120,SWT-3.6-120,1.0,Custom offshore wind farms,2015.0
7.76588699999999,54.5118,2015-12-31,DE,1.0,88.0,120.0,3600.0,3600.0,Siemens,Siemens,SWT-3.6-120,SWT-3.6-120,1.0,Custom offshore wind farms,2015.0
7.64101356985089,54.515519,2015-12-31,DE,1.0,88.0,120.0,3600.0,3600.0,Siemens,Siemens,SWT-3.6-120,SWT-3.6-120,1.0,Custom offshore wind farms,2015.0
7.641017,54.517171,2015-12-31,DE,1.0,88.0,120.0,3600.0,3600.0,Siemens,Siemens,SWT-3.6-120,SWT-3.6-120,1.0,Custom offshore wind farms,2015.0
7.653833,54.517171,2015-12-31,DE,1.0,88.0,120.0,3600.0,3600.0,Siemens,Siemens,SWT-3.6-120,SWT-3.6-120,1.0,Custom offshore wind farms,2015.0
7.66666699999999,54.517171,2015-12-31,DE,1.0,88.0,120.0,3600.0,3600.0,Siemens,Siemens,SWT-3.6-120,SWT-3.6-120,1.0,Custom offshore wind farms,2015.0
7.679072,54.517171,2015-12-31,DE,1.0,88.0,120.0,3600.0,3600.0,Siemens,Siemens,SWT-3.6-120,SWT-3.6-120,1.0,Custom offshore wind farms,2015.0
7.691478,54.517171,2015-12-31,DE,1.0,88.0,120.0,3600.0,3600.0,Siemens,Siemens,SWT-3.6-120,SWT-3.6-120,1.0,Custom offshore wind farms,2015.0
7.703883,54.517171,2015-12-31,DE,1.0,88.0,120.0,3600.0,3600.0,Siemens,Siemens,SWT-3.6-120,SWT-3.6-120,1.0,Custom offshore wind farms,2015.0
7.71628999999999,54.517171,2015-12-31,DE,1.0,88.0,120.0,3600.0,3600.0,Siemens,Siemens,SWT-3.6-120,SWT-3.6-120,1.0,Custom offshore wind farms,2015.0
7.728695,54.517171,2015-12-31,DE,1.0,88.0,120.0,3600.0,3600.0,Siemens,Siemens,SWT-3.6-120,SWT-3.6-120,1.0,Custom offshore wind farms,2015.0
7.741088,54.517171,2015-12-31,DE,1.0,88.0,120.0,3600.0,3600.0,Siemens,Siemens,SWT-3.6-120,SWT-3.6-120,1.0,Custom offshore wind farms,2015.0
7.75348,54.517171,2015-12-31,DE,1.0,88.0,120.0,3600.0,3600.0,Siemens,Siemens,SWT-3.6-120,SWT-3.6-120,1.0,Custom offshore wind farms,2015.0
7.76588699999999,54.517171,2015-12-31,DE,1.0,88.0,120.0,3600.0,3600.0,Siemens,Siemens,SWT-3.6-120,SWT-3.6-120,1.0,Custom offshore wind farms,2015.0
7.641017,54.522649,2015-12-31,DE,1.0,88.0,120.0,3600.0,3600.0,Siemens,Siemens,SWT-3.6-120,SWT-3.6-120,1.0,Custom offshore wind farms,2015.0
7.653833,54.522649,2015-12-31,DE,1.0,88.0,120.0,3600.0,3600.0,Siemens,Siemens,SWT-3.6-120,SWT-3.6-120,1.0,Custom offshore wind farms,2015.0
7.66666699999999,54.522649,2015-12-31,DE,1.0,88.0,120.0,3600.0,3600.0,Siemens,Siemens,SWT-3.6-120,SWT-3.6-120,1.0,Custom offshore wind farms,2015.0
7.679072,54.522649,2015-12-31,DE,1.0,88.0,120.0,3600.0,3600.0,Siemens,Siemens,SWT-3.6-120,SWT-3.6-120,1.0,Custom offshore wind farms,2015.0
7.691478,54.522649,2015-12-31,DE,1.0,88.0,120.0,3600.0,3600.0,Siemens,Siemens,SWT-3.6-120,SWT-3.6-120,1.0,Custom offshore wind farms,2015.0
7.703883,54.522649,2015-12-31,DE,1.0,88.0,120.0,3600.0,3600.0,Siemens,Siemens,SWT-3.6-120,SWT-3.6-120,1.0,Custom offshore wind farms,2015.0
7.71628999999999,54.522649,2015-12-31,DE,1.0,88.0,120.0,3600.0,3600.0,Siemens,Siemens,SWT-3.6-120,SWT-3.6-120,1.0,Custom offshore wind farms,2015.0
7.728695,54.522649,2015-12-31,DE,1.0,88.0,120.0,3600.0,3600.0,Siemens,Siemens,SWT-3.6-120,SWT-3.6-120,1.0,Custom offshore wind farms,2015.0
7.741088,54.522649,2015-12-31,DE,1.0,88.0,120.0,3600.0,3600.0,Siemens,Siemens,SWT-3.6-120,SWT-3.6-120,1.0,Custom offshore wind farms,2015.0
7.75348,54.522649,2015-12-31,DE,1.0,88.0,120.0,3600.0,3600.0,Siemens,Siemens,SWT-3.6-120,SWT-3.6-120,1.0,Custom offshore wind farms,2015.0
7.76588699999999,54.522649,2015-12-31,DE,1.0,88.0,120.0,3600.0,3600.0,Siemens,Siemens,SWT-3.6-120,SWT-3.6-120,1.0,Custom offshore wind farms,2015.0
7.641017,54.52802,2015-12-31,DE,1.0,88.0,120.0,3600.0,3600.0,Siemens,Siemens,SWT-3.6-120,SWT-3.6-120,1.0,Custom offshore wind farms,2015.0
7.653833,54.52802,2015-12-31,DE,1.0,88.0,120.0,3600.0,3600.0,Siemens,Siemens,SWT-3.6-120,SWT-3.6-120,1.0,Custom offshore wind farms,2015.0
7.66666699999999,54.52802,2015-12-31,DE,1.0,88.0,120.0,3600.0,3600.0,Siemens,Siemens,SWT-3.6-120,SWT-3.6-120,1.0,Custom offshore wind farms,2015.0
7.679072,54.52802,2015-12-31,DE,1.0,88.0,120.0,3600.0,3600.0,Siemens,Siemens,SWT-3.6-120,SWT-3.6-120,1.0,Custom offshore wind farms,2015.0
7.691478,54.52802,2015-12-31,DE,1.0,88.0,120.0,3600.0,3600.0,Siemens,Siemens,SWT-3.6-120,SWT-3.6-120,1.0,Custom offshore wind farms,2015.0
7.703883,54.52802,2015-12-31,DE,1.0,88.0,120.0,3600.0,3600.0,Siemens,Siemens,SWT-3.6-120,SWT-3.6-120,1.0,Custom offshore wind farms,2015.0
7.71628999999999,54.52802,2015-12-31,DE,1.0,88.0,120.0,3600.0,3600.0,Siemens,Siemens,SWT-3.6-120,SWT-3.6-120,1.0,Custom offshore wind farms,2015.0
7.728695,54.52802,2015-12-31,DE,1.0,88.0,120.0,3600.0,3600.0,Siemens,Siemens,SWT-3.6-120,SWT-3.6-120,1.0,Custom offshore wind farms,2015.0
7.741088,54.52802,2015-12-31,DE,1.0,88.0,120.0,3600.0,3600.0,Siemens,Siemens,SWT-3.6-120,SWT-3.6-120,1.0,Custom offshore wind farms,2015.0
7.75348,54.52802,2015-12-31,DE,1.0,88.0,120.0,3600.0,3600.0,Siemens,Siemens,SWT-3.6-120,SWT-3.6-120,1.0,Custom offshore wind farms,2015.0
7.76588699999999,54.52802,2015-12-31,DE,1.0,88.0,120.0,3600.0,3600.0,Siemens,Siemens,SWT-3.6-120,SWT-3.6-120,1.0,Custom offshore wind farms,2015.0
7.77832,54.52802,2015-12-31,DE,1.0,88.0,120.0,3600.0,3600.0,Siemens,Siemens,SWT-3.6-120,SWT-3.6-120,1.0,Custom offshore wind farms,2015.0
7.641017,54.533427,2015-12-31,DE,1.0,88.0,120.0,3600.0,3600.0,Siemens,Siemens,SWT-3.6-120,SWT-3.6-120,1.0,Custom offshore wind farms,2015.0
7.653833,54.533427,2015-12-31,DE,1.0,88.0,120.0,3600.0,3600.0,Siemens,Siemens,SWT-3.6-120,SWT-3.6-120,1.0,Custom offshore wind farms,2015.0
7.66666699999999,54.533427,2015-12-31,DE,1.0,88.0,120.0,3600.0,3600.0,Siemens,Siemens,SWT-3.6-120,SWT-3.6-120,1.0,Custom offshore wind farms,2015.0
7.679072,54.533427,2015-12-31,DE,1.0,88.0,120.0,3600.0,3600.0,Siemens,Siemens,SWT-3.6-120,SWT-3.6-120,1.0,Custom offshore wind farms,2015.0
7.691478,54.533427,2015-12-31,DE,1.0,88.0,120.0,3600.0,3600.0,Siemens,Siemens,SWT-3.6-120,SWT-3.6-120,1.0,Custom offshore wind farms,2015.0
7.703883,54.533427,2015-12-31,DE,1.0,88.0,120.0,3600.0,3600.0,Siemens,Siemens,SWT-3.6-120,SWT-3.6-120,1.0,Custom offshore wind farms,2015.0
7.71628999999999,54.533427,2015-12-31,DE,1.0,88.0,120.0,3600.0,3600.0,Siemens,Siemens,SWT-3.6-120,SWT-3.6-120,1.0,Custom offshore wind farms,2015.0
7.728695,54.533427,2015-12-31,DE,1.0,88.0,120.0,3600.0,3600.0,Siemens,Siemens,SWT-3.6-120,SWT-3.6-120,1.0,Custom offshore wind farms,2015.0
7.741088,54.533427,2015-12-31,DE,1.0,88.0,120.0,3600.0,3600.0,Siemens,Siemens,SWT-3.6-120,SWT-3.6-120,1.0,Custom offshore wind farms,2015.0
7.75348,54.533427,2015-12-31,DE,1.0,88.0,120.0,3600.0,3600.0,Siemens,Siemens,SWT-3.6-120,SWT-3.6-120,1.0,Custom offshore wind farms,2015.0
7.76588699999999,54.533427,2015-12-31,DE,1.0,88.0,120.0,3600.0,3600.0,Siemens,Siemens,SWT-3.6-120,SWT-3.6-120,1.0,Custom offshore wind farms,2015.0
7.77832,54.533427,2015-12-31,DE,1.0,88.0,120.0,3600.0,3600.0,Siemens,Siemens,SWT-3.6-120,SWT-3.6-120,1.0,Custom offshore wind farms,2015.0
7.6538,54.5388,2015-12-31,DE,1.0,88.0,120.0,3600.0,3600.0,Siemens,Siemens,SWT-3.6-120,SWT-3.6-120,1.0,Custom offshore wind farms,2015.0
7.66666699999999,54.538831,2015-12-31,DE,1.0,88.0,120.0,3600.0,3600.0,Siemens,Siemens,SWT-3.6-120,SWT-3.6-120,1.0,Custom offshore wind farms,2015.0
7.641017,54.538833,2015-12-31,DE,1.0,88.0,120.0,3600.0,3600.0,Siemens,Siemens,SWT-3.6-120,SWT-3.6-120,1.0,Custom offshore wind farms,2015.0
7.70388292075402,54.538833,2015-12-31,DE,1.0,88.0,120.0,3600.0,3600.0,Siemens,Siemens,SWT-3.6-120,SWT-3.6-120,1.0,Custom offshore wind farms,2015.0
7.703883,54.538833,2015-12-31,DE,1.0,88.0,120.0,3600.0,3600.0,Siemens,Siemens,SWT-3.6-120,SWT-3.6-120,1.0,Custom offshore wind farms,2015.0
7.71628999999999,54.538833,2015-12-31,DE,1.0,88.0,120.0,3600.0,3600.0,Siemens,Siemens,SWT-3.6-120,SWT-3.6-120,1.0,Custom offshore wind farms,2015.0
7.728695,54.538833,2015-12-31,DE,1.0,88.0,120.0,3600.0,3600.0,Siemens,Siemens,SWT-3.6-120,SWT-3.6-120,1.0,Custom offshore wind farms,2015.0
7.741088,54.538833,2015-12-31,DE,1.0,88.0,120.0,3600.0,3600.0,Siemens,Siemens,SWT-3.6-120,SWT-3.6-120,1.0,Custom offshore wind farms,2015.0
7.75348,54.538833,2015-12-31,DE,1.0,88.0,120.0,3600.0,3600.0,Siemens,Siemens,SWT-3.6-120,SWT-3.6-120,1.0,Custom offshore wind farms,2015.0
7.76588699999999,54.538833,2015-12-31,DE,1.0,88.0,120.0,3600.0,3600.0,Siemens,Siemens,SWT-3.6-120,SWT-3.6-120,1.0,Custom offshore wind farms,2015.0
7.77832,54.538833,2015-12-31,DE,1.0,88.0,120.0,3600.0,3600.0,Siemens,Siemens,SWT-3.6-120,SWT-3.6-120,1.0,Custom offshore wind farms,2015.0
11.183759593701,56.5079445463497,2013-09-04,DK,1.0,88.0,120.0,3600.0,3600.0,Siemens,Siemens,SWT-3.6-120,SWT-3.6-120,1.0,Custom offshore wind farms,2013.0
11.1846405490552,56.5135021858757,2013-09-04,DK,1.0,88.0,120.0,3600.0,3600.0,Siemens,Siemens,SWT-3.6-120,SWT-3.6-120,1.0,Custom offshore wind farms,2013.0
11.203662796344,56.517316583457,2013-09-04,DK,1.0,88.0,120.0,3600.0,3600.0,Siemens,Siemens,SWT-3.6-120,SWT-3.6-120,1.0,Custom offshore wind farms,2013.0
11.1853829150544,56.5190665875281,2013-09-04,DK,1.0,88.0,120.0,3600.0,3600.0,Siemens,Siemens,SWT-3.6-120,SWT-3.6-120,1.0,Custom offshore wind farms,2013.0
11.2134343180985,56.5219157222972,2013-09-04,DK,1.0,88.0,120.0,3600.0,3600.0,Siemens,Siemens,SWT-3.6-120,SWT-3.6-120,1.0,Custom offshore wind farms,2013.0
11.1859865026143,56.524636084976,2013-09-04,DK,1.0,88.0,120.0,3600.0,3600.0,Siemens,Siemens,SWT-3.6-120,SWT-3.6-120,1.0,Custom offshore wind farms,2013.0
11.2235718913621,56.5266851406396,2013-09-04,DK,1.0,88.0,120.0,3600.0,3600.0,Siemens,Siemens,SWT-3.6-120,SWT-3.6-120,1.0,Custom offshore wind farms,2013.0
11.2139569258225,56.5298703320769,2013-09-04,DK,1.0,88.0,120.0,3600.0,3600.0,Siemens,Siemens,SWT-3.6-120,SWT-3.6-120,1.0,Custom offshore wind farms,2013.0
11.1864501338896,56.5302104846804,2013-09-04,DK,1.0,88.0,120.0,3600.0,3600.0,Siemens,Siemens,SWT-3.6-120,SWT-3.6-120,1.0,Custom offshore wind farms,2013.0
11.2335225735119,56.5313685038788,2013-09-04,DK,1.0,88.0,120.0,3600.0,3600.0,Siemens,Siemens,SWT-3.6-120,SWT-3.6-120,1.0,Custom offshore wind farms,2013.0
11.1867763938279,56.535786039561,2013-09-04,DK,1.0,88.0,120.0,3600.0,3600.0,Siemens,Siemens,SWT-3.6-120,SWT-3.6-120,1.0,Custom offshore wind farms,2013.0
11.2434919540916,56.5360507539077,2013-09-04,DK,1.0,88.0,120.0,3600.0,3600.0,Siemens,Siemens,SWT-3.6-120,SWT-3.6-120,1.0,Custom offshore wind farms,2013.0
11.2139387488511,56.5377429955751,2013-09-04,DK,1.0,88.0,120.0,3600.0,3600.0,Siemens,Siemens,SWT-3.6-120,SWT-3.6-120,1.0,Custom offshore wind farms,2013.0
11.2534475411527,56.5407324757828,2013-09-04,DK,1.0,88.0,120.0,3600.0,3600.0,Siemens,Siemens,SWT-3.6-120,SWT-3.6-120,1.0,Custom offshore wind farms,2013.0
11.1869631974228,56.5413643145407,2013-09-04,DK,1.0,88.0,120.0,3600.0,3600.0,Siemens,Siemens,SWT-3.6-120,SWT-3.6-120,1.0,Custom offshore wind farms,2013.0
11.2409589239701,56.5444512464704,2013-09-04,DK,1.0,88.0,120.0,3600.0,3600.0,Siemens,Siemens,SWT-3.6-120,SWT-3.6-120,1.0,Custom offshore wind farms,2013.0
11.263405580603,56.5454133770055,2013-09-04,DK,1.0,88.0,120.0,3600.0,3600.0,Siemens,Siemens,SWT-3.6-120,SWT-3.6-120,1.0,Custom offshore wind farms,2013.0
11.2135488105937,56.5456118490795,2013-09-04,DK,1.0,88.0,120.0,3600.0,3600.0,Siemens,Siemens,SWT-3.6-120,SWT-3.6-120,1.0,Custom offshore wind farms,2013.0
11.1870127067837,56.5469443729091,2013-09-04,DK,1.0,88.0,120.0,3600.0,3600.0,Siemens,Siemens,SWT-3.6-120,SWT-3.6-120,1.0,Custom offshore wind farms,2013.0
11.2733817875717,56.5500841827406,2013-09-04,DK,1.0,88.0,120.0,3600.0,3600.0,Siemens,Siemens,SWT-3.6-120,SWT-3.6-120,1.0,Custom offshore wind farms,2013.0
11.1869236943875,56.5525229107475,2013-09-04,DK,1.0,88.0,120.0,3600.0,3600.0,Siemens,Siemens,SWT-3.6-120,SWT-3.6-120,1.0,Custom offshore wind farms,2013.0
11.2382003420639,56.5528300715396,2013-09-04,DK,1.0,88.0,120.0,3600.0,3600.0,Siemens,Siemens,SWT-3.6-120,SWT-3.6-120,1.0,Custom offshore wind farms,2013.0
11.2127853694702,56.553473323086,2013-09-04,DK,1.0,88.0,120.0,3600.0,3600.0,Siemens,Siemens,SWT-3.6-120,SWT-3.6-120,1.0,Custom offshore wind farms,2013.0
11.2833447329989,56.5547634401515,2013-09-04,DK,1.0,88.0,120.0,3600.0,3600.0,Siemens,Siemens,SWT-3.6-120,SWT-3.6-120,1.0,Custom offshore wind farms,2013.0
11.2684556062585,56.5574895459487,2013-09-04,DK,1.0,88.0,120.0,3600.0,3600.0,Siemens,Siemens,SWT-3.6-120,SWT-3.6-120,1.0,Custom offshore wind farms,2013.0
11.1866927212832,56.5581006167324,2013-09-04,DK,1.0,88.0,120.0,3600.0,3600.0,Siemens,Siemens,SWT-3.6-120,SWT-3.6-120,1.0,Custom offshore wind farms,2013.0
11.2933263892492,56.5594415756624,2013-09-04,DK,1.0,88.0,120.0,3600.0,3600.0,Siemens,Siemens,SWT-3.6-120,SWT-3.6-120,1.0,Custom offshore wind farms,2013.0
11.2352172772713,56.5611854590253,2013-09-04,DK,1.0,88.0,120.0,3600.0,3600.0,Siemens,Siemens,SWT-3.6-120,SWT-3.6-120,1.0,Custom offshore wind farms,2013.0
11.2116541147644,56.561320117762,2013-09-04,DK,1.0,88.0,120.0,3600.0,3600.0,Siemens,Siemens,SWT-3.6-120,SWT-3.6-120,1.0,Custom offshore wind farms,2013.0
11.3032942454483,56.564119187514,2013-09-04,DK,1.0,88.0,120.0,3600.0,3600.0,Siemens,Siemens,SWT-3.6-120,SWT-3.6-120,1.0,Custom offshore wind farms,2013.0
11.1862412848025,56.5647073069335,2013-09-04,DK,1.0,88.0,120.0,3600.0,3600.0,Siemens,Siemens,SWT-3.6-120,SWT-3.6-120,1.0,Custom offshore wind farms,2013.0
11.2634939408855,56.5648773589799,2013-09-04,DK,1.0,88.0,120.0,3600.0,3600.0,Siemens,Siemens,SWT-3.6-120,SWT-3.6-120,1.0,Custom offshore wind farms,2013.0
11.2898474798899,56.5676267446466,2013-09-04,DK,1.0,88.0,120.0,3600.0,3600.0,Siemens,Siemens,SWT-3.6-120,SWT-3.6-120,1.0,Custom offshore wind farms,2013.0
11.3129752154533,56.5686589444997,2013-09-04,DK,1.0,88.0,120.0,3600.0,3600.0,Siemens,Siemens,SWT-3.6-120,SWT-3.6-120,1.0,Custom offshore wind farms,2013.0
11.210151330662,56.5691482428667,2013-09-04,DK,1.0,88.0,120.0,3600.0,3600.0,Siemens,Siemens,SWT-3.6-120,SWT-3.6-120,1.0,Custom offshore wind farms,2013.0
11.232010211587,56.5695155853879,2013-09-04,DK,1.0,88.0,120.0,3600.0,3600.0,Siemens,Siemens,SWT-3.6-120,SWT-3.6-120,1.0,Custom offshore wind farms,2013.0
11.1855984403869,56.5713112425331,2013-09-04,DK,1.0,88.0,120.0,3600.0,3600.0,Siemens,Siemens,SWT-3.6-120,SWT-3.6-120,1.0,Custom offshore wind farms,2013.0
11.2584973122297,56.5722565949311,2013-09-04,DK,1.0,88.0,120.0,3600.0,3600.0,Siemens,Siemens,SWT-3.6-120,SWT-3.6-120,1.0,Custom offshore wind farms,2013.0
11.3230856082544,56.5733956025391,2013-09-04,DK,1.0,88.0,120.0,3600.0,3600.0,Siemens,Siemens,SWT-3.6-120,SWT-3.6-120,1.0,Custom offshore wind farms,2013.0
11.2818263215968,56.5736602277674,2013-09-04,DK,1.0,88.0,120.0,3600.0,3600.0,Siemens,Siemens,SWT-3.6-120,SWT-3.6-120,1.0,Custom offshore wind farms,2013.0
11.3141427830387,56.5771769436172,2013-09-04,DK,1.0,88.0,120.0,3600.0,3600.0,Siemens,Siemens,SWT-3.6-120,SWT-3.6-120,1.0,Custom offshore wind farms,2013.0
11.2285806126679,56.5778187430895,2013-09-04,DK,1.0,88.0,120.0,3600.0,3600.0,Siemens,Siemens,SWT-3.6-120,SWT-3.6-120,1.0,Custom offshore wind farms,2013.0
11.1847526180102,56.5779055234411,2013-09-04,DK,1.0,88.0,120.0,3600.0,3600.0,Siemens,Siemens,SWT-3.6-120,SWT-3.6-120,1.0,Custom offshore wind farms,2013.0
11.2534494369621,56.5796275446486,2013-09-04,DK,1.0,88.0,120.0,3600.0,3600.0,Siemens,Siemens,SWT-3.6-120,SWT-3.6-120,1.0,Custom offshore wind farms,2013.0
11.2742602951226,56.5798707387906,2013-09-04,DK,1.0,88.0,120.0,3600.0,3600.0,Siemens,Siemens,SWT-3.6-120,SWT-3.6-120,1.0,Custom offshore wind farms,2013.0
11.3052510288761,56.5811064589191,2013-09-04,DK,1.0,88.0,120.0,3600.0,3600.0,Siemens,Siemens,SWT-3.6-120,SWT-3.6-120,1.0,Custom offshore wind farms,2013.0
11.1838293887691,56.5838258918418,2013-09-04,DK,1.0,88.0,120.0,3600.0,3600.0,Siemens,Siemens,SWT-3.6-120,SWT-3.6-120,1.0,Custom offshore wind farms,2013.0
11.2966895980438,56.585199786711,2013-09-04,DK,1.0,88.0,120.0,3600.0,3600.0,Siemens,Siemens,SWT-3.6-120,SWT-3.6-120,1.0,Custom offshore wind farms,2013.0
11.225014664077,56.5856854973057,2013-09-04,DK,1.0,88.0,120.0,3600.0,3600.0,Siemens,Siemens,SWT-3.6-120,SWT-3.6-120,1.0,Custom offshore wind farms,2013.0
11.2671623750222,56.5862477992445,2013-09-04,DK,1.0,88.0,120.0,3600.0,3600.0,Siemens,Siemens,SWT-3.6-120,SWT-3.6-120,1.0,Custom offshore wind farms,2013.0
11.2054091112704,56.586716687101,2013-09-04,DK,1.0,88.0,120.0,3600.0,3600.0,Siemens,Siemens,SWT-3.6-120,SWT-3.6-120,1.0,Custom offshore wind farms,2013.0
11.2883875993513,56.5894900326023,2013-09-04,DK,1.0,88.0,120.0,3600.0,3600.0,Siemens,Siemens,SWT-3.6-120,SWT-3.6-120,1.0,Custom offshore wind farms,2013.0
11.1827491029673,56.5897387580732,2013-09-04,DK,1.0,88.0,120.0,3600.0,3600.0,Siemens,Siemens,SWT-3.6-120,SWT-3.6-120,1.0,Custom offshore wind farms,2013.0
11.2605448306139,56.5927806359974,2013-09-04,DK,1.0,88.0,120.0,3600.0,3600.0,Siemens,Siemens,SWT-3.6-120,SWT-3.6-120,1.0,Custom offshore wind farms,2013.0
11.2214472730349,56.5935521604713,2013-09-04,DK,1.0,88.0,120.0,3600.0,3600.0,Siemens,Siemens,SWT-3.6-120,SWT-3.6-120,1.0,Custom offshore wind farms,2013.0
11.2804211979647,56.5939380612483,2013-09-04,DK,1.0,88.0,120.0,3600.0,3600.0,Siemens,Siemens,SWT-3.6-120,SWT-3.6-120,1.0,Custom offshore wind farms,2013.0
11.243216110196,56.5943442679595,2013-09-04,DK,1.0,88.0,120.0,3600.0,3600.0,Siemens,Siemens,SWT-3.6-120,SWT-3.6-120,1.0,Custom offshore wind farms,2013.0
11.2026256376507,56.5946484831347,2013-09-04,DK,1.0,88.0,120.0,3600.0,3600.0,Siemens,Siemens,SWT-3.6-120,SWT-3.6-120,1.0,Custom offshore wind farms,2013.0
11.181509207304,56.5956406573398,2013-09-04,DK,1.0,88.0,120.0,3600.0,3600.0,Siemens,Siemens,SWT-3.6-120,SWT-3.6-120,1.0,Custom offshore wind farms,2013.0
11.2727430808864,56.5985698482857,2013-09-04,DK,1.0,88.0,120.0,3600.0,3600.0,Siemens,Siemens,SWT-3.6-120,SWT-3.6-120,1.0,Custom offshore wind farms,2013.0
11.2176229912125,56.6009759831387,2013-09-04,DK,1.0,88.0,120.0,3600.0,3600.0,Siemens,Siemens,SWT-3.6-120,SWT-3.6-120,1.0,Custom offshore wind farms,2013.0
11.1801104623776,56.6015319302954,2013-09-04,DK,1.0,88.0,120.0,3600.0,3600.0,Siemens,Siemens,SWT-3.6-120,SWT-3.6-120,1.0,Custom offshore wind farms,2013.0
11.2380306109278,56.6016900307639,2013-09-04,DK,1.0,88.0,120.0,3600.0,3600.0,Siemens,Siemens,SWT-3.6-120,SWT-3.6-120,1.0,Custom offshore wind farms,2013.0
11.2648473289629,56.6037368261171,2013-09-04,DK,1.0,88.0,120.0,3600.0,3600.0,Siemens,Siemens,SWT-3.6-120,SWT-3.6-120,1.0,Custom offshore wind farms,2013.0
11.1785537819073,56.6074127346092,2013-09-04,DK,1.0,88.0,120.0,3600.0,3600.0,Siemens,Siemens,SWT-3.6-120,SWT-3.6-120,1.0,Custom offshore wind farms,2013.0
11.2137261052977,56.608388430293,2013-09-04,DK,1.0,88.0,120.0,3600.0,3600.0,Siemens,Siemens,SWT-3.6-120,SWT-3.6-120,1.0,Custom offshore wind farms,2013.0
11.2575570522436,56.608925421967,2013-09-04,DK,1.0,88.0,120.0,3600.0,3600.0,Siemens,Siemens,SWT-3.6-120,SWT-3.6-120,1.0,Custom offshore wind farms,2013.0
11.1959167656283,56.6103757872959,2013-09-04,DK,1.0,88.0,120.0,3600.0,3600.0,Siemens,Siemens,SWT-3.6-120,SWT-3.6-120,1.0,Custom offshore wind farms,2013.0
11.1575842788128,56.6110466409896,2013-09-04,DK,1.0,88.0,120.0,3600.0,3600.0,Siemens,Siemens,SWT-3.6-120,SWT-3.6-120,1.0,Custom offshore wind farms,2013.0
11.2519761631792,56.6132129955294,2013-09-04,DK,1.0,88.0,120.0,3600.0,3600.0,Siemens,Siemens,SWT-3.6-120,SWT-3.6-120,1.0,Custom offshore wind farms,2013.0
11.1768402006198,56.6132793700294,2013-09-04,DK,1.0,88.0,120.0,3600.0,3600.0,Siemens,Siemens,SWT-3.6-120,SWT-3.6-120,1.0,Custom offshore wind farms,2013.0
11.2095197071832,56.6162190877226,2013-09-04,DK,1.0,88.0,120.0,3600.0,3600.0,Siemens,Siemens,SWT-3.6-120,SWT-3.6-120,1.0,Custom offshore wind farms,2013.0
11.2275543852244,56.6163557481466,2013-09-04,DK,1.0,88.0,120.0,3600.0,3600.0,Siemens,Siemens,SWT-3.6-120,SWT-3.6-120,1.0,Custom offshore wind farms,2013.0
11.2466344031292,56.6176128302417,2013-09-04,DK,1.0,88.0,120.0,3600.0,3600.0,Siemens,Siemens,SWT-3.6-120,SWT-3.6-120,1.0,Custom offshore wind farms,2013.0
11.1749679478899,56.6191311953527,2013-09-04,DK,1.0,88.0,120.0,3600.0,3600.0,Siemens,Siemens,SWT-3.6-120,SWT-3.6-120,1.0,Custom offshore wind farms,2013.0
11.2415647438849,56.6220989215144,2013-09-04,DK,1.0,88.0,120.0,3600.0,3600.0,Siemens,Siemens,SWT-3.6-120,SWT-3.6-120,1.0,Custom offshore wind farms,2013.0
11.205714884718,56.6231783450697,2013-09-04,DK,1.0,88.0,120.0,3600.0,3600.0,Siemens,Siemens,SWT-3.6-120,SWT-3.6-120,1.0,Custom offshore wind farms,2013.0
11.237288685477,56.6269112266327,2013-09-04,DK,1.0,88.0,120.0,3600.0,3600.0,Siemens,Siemens,SWT-3.6-120,SWT-3.6-120,1.0,Custom offshore wind farms,2013.0
11.1712050781778,56.6296277496264,2013-09-04,DK,1.0,88.0,120.0,3600.0,3600.0,Siemens,Siemens,SWT-3.6-120,SWT-3.6-120,1.0,Custom offshore wind farms,2013.0
11.2016006752507,56.6305553824317,2013-09-04,DK,1.0,88.0,120.0,3600.0,3600.0,Siemens,Siemens,SWT-3.6-120,SWT-3.6-120,1.0,Custom offshore wind farms,2013.0
11.1691253249388,56.6348672467943,2013-09-04,DK,1.0,88.0,120.0,3600.0,3600.0,Siemens,Siemens,SWT-3.6-120,SWT-3.6-120,1.0,Custom offshore wind farms,2013.0
11.2290109767525,56.6366396258334,2013-09-04,DK,1.0,88.0,120.0,3600.0,3600.0,Siemens,Siemens,SWT-3.6-120,SWT-3.6-120,1.0,Custom offshore wind farms,2013.0
11.1974141782613,56.6379202005574,2013-09-04,DK,1.0,88.0,120.0,3600.0,3600.0,Siemens,Siemens,SWT-3.6-120,SWT-3.6-120,1.0,Custom offshore wind farms,2013.0
11.1669299330545,56.6400907403913,2013-09-04,DK,1.0,88.0,120.0,3600.0,3600.0,Siemens,Siemens,SWT-3.6-120,SWT-3.6-120,1.0,Custom offshore wind farms,2013.0
11.2250577213294,56.6415092747815,2013-09-04,DK,1.0,88.0,120.0,3600.0,3600.0,Siemens,Siemens,SWT-3.6-120,SWT-3.6-120,1.0,Custom offshore wind farms,2013.0
11.1646020474983,56.645289530531,2013-09-04,DK,1.0,88.0,120.0,3600.0,3600.0,Siemens,Siemens,SWT-3.6-120,SWT-3.6-120,1.0,Custom offshore wind farms,2013.0
11.221186517588,56.6464042800043,2013-09-04,DK,1.0,88.0,120.0,3600.0,3600.0,Siemens,Siemens,SWT-3.6-120,SWT-3.6-120,1.0,Custom offshore wind farms,2013.0
11.1905927055368,56.6496245844811,2013-09-04,DK,1.0,88.0,120.0,3600.0,3600.0,Siemens,Siemens,SWT-3.6-120,SWT-3.6-120,1.0,Custom offshore wind farms,2013.0
11.1621426455817,56.6504815654106,2013-09-04,DK,1.0,88.0,120.0,3600.0,3600.0,Siemens,Siemens,SWT-3.6-120,SWT-3.6-120,1.0,Custom offshore wind farms,2013.0
11.1870730178532,56.6556086444458,2013-09-04,DK,1.0,88.0,120.0,3600.0,3600.0,Siemens,Siemens,SWT-3.6-120,SWT-3.6-120,1.0,Custom offshore wind farms,2013.0
11.1595669466662,56.6556485996397,2013-09-04,DK,1.0,88.0,120.0,3600.0,3600.0,Siemens,Siemens,SWT-3.6-120,SWT-3.6-120,1.0,Custom offshore wind farms,2013.0
11.2137550338402,56.6562602519822,2013-09-04,DK,1.0,88.0,120.0,3600.0,3600.0,Siemens,Siemens,SWT-3.6-120,SWT-3.6-120,1.0,Custom offshore wind farms,2013.0
11.1568596316831,56.6608088640815,2013-09-04,DK,1.0,88.0,120.0,3600.0,3600.0,Siemens,Siemens,SWT-3.6-120,SWT-3.6-120,1.0,Custom offshore wind farms,2013.0
11.2101948227489,56.6612212367247,2013-09-04,DK,1.0,88.0,120.0,3600.0,3600.0,Siemens,Siemens,SWT-3.6-120,SWT-3.6-120,1.0,Custom offshore wind farms,2013.0
11.1540354147578,56.6659351355874,2013-09-04,DK,1.0,88.0,120.0,3600.0,3600.0,Siemens,Siemens,SWT-3.6-120,SWT-3.6-120,1.0,Custom offshore wind farms,2013.0
11.2067325609667,56.6661983436629,2013-09-04,DK,1.0,88.0,120.0,3600.0,3600.0,Siemens,Siemens,SWT-3.6-120,SWT-3.6-120,1.0,Custom offshore wind farms,2013.0
11.1510789725052,56.6710456436002,2013-09-04,DK,1.0,88.0,120.0,3600.0,3600.0,Siemens,Siemens,SWT-3.6-120,SWT-3.6-120,1.0,Custom offshore wind farms,2013.0
11.2033688072765,56.671200558008,2013-09-04,DK,1.0,88.0,120.0,3600.0,3600.0,Siemens,Siemens,SWT-3.6-120,SWT-3.6-120,1.0,Custom offshore wind farms,2013.0
11.1480060518348,56.6761311201188,2013-09-04,DK,1.0,88.0,120.0,3600.0,3600.0,Siemens,Siemens,SWT-3.6-120,SWT-3.6-120,1.0,Custom offshore wind farms,2013.0
11.2001035945135,56.6762278874581,2013-09-04,DK,1.0,88.0,120.0,3600.0,3600.0,Siemens,Siemens,SWT-3.6-120,SWT-3.6-120,1.0,Custom offshore wind farms,2013.0
11.1735928036272,56.6782212494428,2013-09-04,DK,1.0,88.0,120.0,3600.0,3600.0,Siemens,Siemens,SWT-3.6-120,SWT-3.6-120,1.0,Custom offshore wind farms,2013.0
11.1969364330661,56.6812713621326,2013-09-04,DK,1.0,88.0,120.0,3600.0,3600.0,Siemens,Siemens,SWT-3.6-120,SWT-3.6-120,1.0,Custom offshore wind farms,2013.0
11.1938836708877,56.686330701823,2013-09-04,DK,1.0,88.0,120.0,3600.0,3600.0,Siemens,Siemens,SWT-3.6-120,SWT-3.6-120,1.0,Custom offshore wind farms,2013.0
11.1683681052388,56.6867327001454,2013-09-04,DK,1.0,88.0,120.0,3600.0,3600.0,Siemens,Siemens,SWT-3.6-120,SWT-3.6-120,1.0,Custom offshore wind farms,2013.0
11.1909295574496,56.6914151789978,2013-09-04,DK,1.0,88.0,120.0,3600.0,3600.0,Siemens,Siemens,SWT-3.6-120,SWT-3.6-120,1.0,Custom offshore wind farms,2013.0
11.1651153320718,56.6919937759768,2013-09-04,DK,1.0,88.0,120.0,3600.0,3600.0,Siemens,Siemens,SWT-3.6-120,SWT-3.6-120,1.0,Custom offshore wind farms,2013.0
11.1880736060627,56.6965158230017,2013-09-04,DK,1.0,88.0,120.0,3600.0,3600.0,Siemens,Siemens,SWT-3.6-120,SWT-3.6-120,1.0,Custom offshore wind farms,2013.0
11.1619022909184,56.6970847593147,2013-09-04,DK,1.0,88.0,120.0,3600.0,3600.0,Siemens,Siemens,SWT-3.6-120,SWT-3.6-120,1.0,Custom offshore wind farms,2013.0
11.1853321722873,56.7016323539582,2013-09-04,DK,1.0,88.0,120.0,3600.0,3600.0,Siemens,Siemens,SWT-3.6-120,SWT-3.6-120,1.0,Custom offshore wind farms,2013.0
11.1720014150033,56.7019014841141,2013-09-04,DK,1.0,88.0,120.0,3600.0,3600.0,Siemens,Siemens,SWT-3.6-120,SWT-3.6-120,1.0,Custom offshore wind farms,2013.0
11.1570552996958,56.702206157381,2013-09-04,DK,1.0,88.0,120.0,3600.0,3600.0,Siemens,Siemens,SWT-3.6-120,SWT-3.6-120,1.0,Custom offshore wind farms,2013.0
5.93832969735768,54.3022212979746,2013-08-26,DE,1.0,90.0,116.0,5000.0,5000.0,Areva,Areva,M5000-116,M5000-116,1.0,Custom offshore wind farms,2013.0
5.94882377166021,54.3027644119919,2013-08-26,DE,1.0,90.0,116.0,5000.0,5000.0,Areva,Areva,M5000-116,M5000-116,1.0,Custom offshore wind farms,2013.0
5.963907,54.30447,2013-08-26,DE,1.0,90.0,116.0,5000.0,5000.0,Areva,Areva,M5000-116,M5000-116,1.0,Custom offshore wind farms,2013.0
6.00305768956649,54.30557125328,2013-08-26,DE,1.0,90.0,116.0,5000.0,5000.0,Areva,Areva,M5000-116,M5000-116,1.0,Custom offshore wind farms,2013.0
5.978991,54.30619,2013-08-26,DE,1.0,90.0,116.0,5000.0,5000.0,Areva,Areva,M5000-116,M5000-116,1.0,Custom offshore wind farms,2013.0
6.01889228914785,54.3063907627236,2013-08-26,DE,1.0,90.0,116.0,5000.0,5000.0,Areva,Areva,M5000-116,M5000-116,1.0,Custom offshore wind farms,2013.0
5.986533,54.30704,2013-08-26,DE,1.0,90.0,116.0,5000.0,5000.0,Areva,Areva,M5000-116,M5000-116,1.0,Custom offshore wind farms,2013.0
5.93835819245034,54.3108299056792,2013-08-26,DE,1.0,90.0,116.0,5000.0,5000.0,Areva,Areva,M5000-116,M5000-116,1.0,Custom offshore wind farms,2013.0
5.992569,54.31236,2013-08-26,DE,1.0,90.0,116.0,5000.0,5000.0,Areva,Areva,M5000-116,M5000-116,1.0,Custom offshore wind farms,2013.0
5.960887,54.3134,2013-08-26,DE,1.0,90.0,116.0,5000.0,5000.0,Areva,Areva,M5000-116,M5000-116,1.0,Custom offshore wind farms,2013.0
6.015201,54.31493,2013-08-26,DE,1.0,90.0,116.0,5000.0,5000.0,Areva,Areva,M5000-116,M5000-116,1.0,Custom offshore wind farms,2013.0
5.974465,54.31958,2013-08-26,DE,1.0,90.0,116.0,5000.0,5000.0,Areva,Areva,M5000-116,M5000-116,1.0,Custom offshore wind farms,2013.0
5.93838775105007,54.3197598078382,2013-08-26,DE,1.0,90.0,116.0,5000.0,5000.0,Areva,Areva,M5000-116,M5000-116,1.0,Custom offshore wind farms,2013.0
5.989555,54.3213,2013-08-26,DE,1.0,90.0,116.0,5000.0,5000.0,Areva,Areva,M5000-116,M5000-116,1.0,Custom offshore wind farms,2013.0
5.957867,54.32233,2013-08-26,DE,1.0,90.0,116.0,5000.0,5000.0,Areva,Areva,M5000-116,M5000-116,1.0,Custom offshore wind farms,2013.0
6.012192,54.32386,2013-08-26,DE,1.0,90.0,116.0,5000.0,5000.0,Areva,Areva,M5000-116,M5000-116,1.0,Custom offshore wind farms,2013.0
5.956356,54.3268,2013-08-26,DE,1.0,90.0,116.0,5000.0,5000.0,Areva,Areva,M5000-116,M5000-116,1.0,Custom offshore wind farms,2013.0
5.971448,54.32851,2013-08-26,DE,1.0,90.0,116.0,5000.0,5000.0,Areva,Areva,M5000-116,M5000-116,1.0,Custom offshore wind farms,2013.0
6.018234,54.32918,2013-08-26,DE,1.0,90.0,116.0,5000.0,5000.0,Areva,Areva,M5000-116,M5000-116,1.0,Custom offshore wind farms,2013.0
5.986541,54.33023,2013-08-26,DE,1.0,90.0,116.0,5000.0,5000.0,Areva,Areva,M5000-116,M5000-116,1.0,Custom offshore wind farms,2013.0
6.001635,54.33194,2013-08-26,DE,1.0,90.0,116.0,5000.0,5000.0,Areva,Areva,M5000-116,M5000-116,1.0,Custom offshore wind farms,2013.0
5.93843491902837,54.3340096517089,2013-08-26,DE,1.0,90.0,116.0,5000.0,5000.0,Areva,Areva,M5000-116,M5000-116,1.0,Custom offshore wind farms,2013.0
5.953334,54.33573,2013-08-26,DE,1.0,90.0,116.0,5000.0,5000.0,Areva,Areva,M5000-116,M5000-116,1.0,Custom offshore wind farms,2013.0
5.96843,54.33744,2013-08-26,DE,1.0,90.0,116.0,5000.0,5000.0,Areva,Areva,M5000-116,M5000-116,1.0,Custom offshore wind farms,2013.0
6.015226,54.33811,2013-08-26,DE,1.0,90.0,116.0,5000.0,5000.0,Areva,Areva,M5000-116,M5000-116,1.0,Custom offshore wind farms,2013.0
5.9384497148784,54.3384796027336,2013-08-26,DE,1.0,90.0,116.0,5000.0,5000.0,Areva,Areva,M5000-116,M5000-116,1.0,Custom offshore wind farms,2013.0
5.983526,54.33916,2013-08-26,DE,1.0,90.0,116.0,5000.0,5000.0,Areva,Areva,M5000-116,M5000-116,1.0,Custom offshore wind farms,2013.0
5.998623,54.34087,2013-08-26,DE,1.0,90.0,116.0,5000.0,5000.0,Areva,Areva,M5000-116,M5000-116,1.0,Custom offshore wind farms,2013.0
5.93846451072844,54.3429495537583,2013-08-26,DE,1.0,90.0,116.0,5000.0,5000.0,Areva,Areva,M5000-116,M5000-116,1.0,Custom offshore wind farms,2013.0
6.004667,54.34619,2013-08-26,DE,1.0,90.0,116.0,5000.0,5000.0,Areva,Areva,M5000-116,M5000-116,1.0,Custom offshore wind farms,2013.0
5.96541,54.34637,2013-08-26,DE,1.0,90.0,116.0,5000.0,5000.0,Areva,Areva,M5000-116,M5000-116,1.0,Custom offshore wind farms,2013.0
6.012217,54.34704,2013-08-26,DE,1.0,90.0,116.0,5000.0,5000.0,Areva,Areva,M5000-116,M5000-116,1.0,Custom offshore wind farms,2013.0
5.98051,54.34809,2013-08-26,DE,1.0,90.0,116.0,5000.0,5000.0,Areva,Areva,M5000-116,M5000-116,1.0,Custom offshore wind farms,2013.0
5.941251,54.34827,2013-08-26,DE,1.0,90.0,116.0,5000.0,5000.0,Areva,Areva,M5000-116,M5000-116,1.0,Custom offshore wind farms,2013.0
6.010712,54.35151,2013-08-26,DE,1.0,90.0,116.0,5000.0,5000.0,Areva,Areva,M5000-116,M5000-116,1.0,Custom offshore wind farms,2013.0
6.018264,54.35236,2013-08-26,DE,1.0,90.0,116.0,5000.0,5000.0,Areva,Areva,M5000-116,M5000-116,1.0,Custom offshore wind farms,2013.0
5.979002,54.35255,2013-08-26,DE,1.0,90.0,116.0,5000.0,5000.0,Areva,Areva,M5000-116,M5000-116,1.0,Custom offshore wind farms,2013.0
5.947289,54.35359,2013-08-26,DE,1.0,90.0,116.0,5000.0,5000.0,Areva,Areva,M5000-116,M5000-116,1.0,Custom offshore wind farms,2013.0
5.994104,54.35426,2013-08-26,DE,1.0,90.0,116.0,5000.0,5000.0,Areva,Areva,M5000-116,M5000-116,1.0,Custom offshore wind farms,2013.0
5.96239,54.35531,2013-08-26,DE,1.0,90.0,116.0,5000.0,5000.0,Areva,Areva,M5000-116,M5000-116,1.0,Custom offshore wind farms,2013.0
5.93851167870673,54.357199397629,2013-08-26,DE,1.0,90.0,116.0,5000.0,5000.0,Areva,Areva,M5000-116,M5000-116,1.0,Custom offshore wind farms,2013.0
6.015255,54.36129,2013-08-26,DE,1.0,90.0,116.0,5000.0,5000.0,Areva,Areva,M5000-116,M5000-116,1.0,Custom offshore wind farms,2013.0
5.975985,54.36148,2013-08-26,DE,1.0,90.0,116.0,5000.0,5000.0,Areva,Areva,M5000-116,M5000-116,1.0,Custom offshore wind farms,2013.0
5.93852644145643,54.3616593487633,2013-08-26,DE,1.0,90.0,116.0,5000.0,5000.0,Areva,Areva,M5000-116,M5000-116,1.0,Custom offshore wind farms,2013.0
5.99109,54.36319,2013-08-26,DE,1.0,90.0,116.0,5000.0,5000.0,Areva,Areva,M5000-116,M5000-116,1.0,Custom offshore wind farms,2013.0
5.95937,54.36424,2013-08-26,DE,1.0,90.0,116.0,5000.0,5000.0,Areva,Areva,M5000-116,M5000-116,1.0,Custom offshore wind farms,2013.0
6.006197,54.3649,2013-08-26,DE,1.0,90.0,116.0,5000.0,5000.0,Areva,Areva,M5000-116,M5000-116,1.0,Custom offshore wind farms,2013.0
6.013751,54.36576,2013-08-26,DE,1.0,90.0,116.0,5000.0,5000.0,Areva,Areva,M5000-116,M5000-116,1.0,Custom offshore wind farms,2013.0
5.957859,54.3687,2013-08-26,DE,1.0,90.0,116.0,5000.0,5000.0,Areva,Areva,M5000-116,M5000-116,1.0,Custom offshore wind farms,2013.0
6.004691,54.36937,2013-08-26,DE,1.0,90.0,116.0,5000.0,5000.0,Areva,Areva,M5000-116,M5000-116,1.0,Custom offshore wind farms,2013.0
5.972967,54.37041,2013-08-26,DE,1.0,90.0,116.0,5000.0,5000.0,Areva,Areva,M5000-116,M5000-116,1.0,Custom offshore wind farms,2013.0
5.988076,54.37212,2013-08-26,DE,1.0,90.0,116.0,5000.0,5000.0,Areva,Areva,M5000-116,M5000-116,1.0,Custom offshore wind farms,2013.0
5.956348,54.37317,2013-08-26,DE,1.0,90.0,116.0,5000.0,5000.0,Areva,Areva,M5000-116,M5000-116,1.0,Custom offshore wind farms,2013.0
6.018297,54.37554,2013-08-26,DE,1.0,90.0,116.0,5000.0,5000.0,Areva,Areva,M5000-116,M5000-116,1.0,Custom offshore wind farms,2013.0
5.969948,54.37934,2013-08-26,DE,1.0,90.0,116.0,5000.0,5000.0,Areva,Areva,M5000-116,M5000-116,1.0,Custom offshore wind farms,2013.0
5.946229,54.37955,2013-08-26,DE,1.0,90.0,116.0,5000.0,5000.0,Areva,Areva,M5000-116,M5000-116,1.0,Custom offshore wind farms,2013.0
5.93858840528477,54.3803791436587,2013-08-26,DE,1.0,90.0,116.0,5000.0,5000.0,Areva,Areva,M5000-116,M5000-116,1.0,Custom offshore wind farms,2013.0
5.98506,54.38106,2013-08-26,DE,1.0,90.0,116.0,5000.0,5000.0,Areva,Areva,M5000-116,M5000-116,1.0,Custom offshore wind farms,2013.0
6.00773,54.38362,2013-08-26,DE,1.0,90.0,116.0,5000.0,5000.0,Areva,Areva,M5000-116,M5000-116,1.0,Custom offshore wind farms,2013.0
6.015288,54.38447,2013-08-26,DE,1.0,90.0,116.0,5000.0,5000.0,Areva,Areva,M5000-116,M5000-116,1.0,Custom offshore wind farms,2013.0
5.9386032011348,54.3848490946834,2013-08-26,DE,1.0,90.0,116.0,5000.0,5000.0,Areva,Areva,M5000-116,M5000-116,1.0,Custom offshore wind farms,2013.0
6.006225,54.38808,2013-08-26,DE,1.0,90.0,116.0,5000.0,5000.0,Areva,Areva,M5000-116,M5000-116,1.0,Custom offshore wind farms,2013.0
5.966929,54.38828,2013-08-26,DE,1.0,90.0,116.0,5000.0,5000.0,Areva,Areva,M5000-116,M5000-116,1.0,Custom offshore wind farms,2013.0
6.013783,54.38894,2013-08-26,DE,1.0,90.0,116.0,5000.0,5000.0,Areva,Areva,M5000-116,M5000-116,1.0,Custom offshore wind farms,2013.0
5.982045,54.38999,2013-08-26,DE,1.0,90.0,116.0,5000.0,5000.0,Areva,Areva,M5000-116,M5000-116,1.0,Custom offshore wind farms,2013.0
5.950304,54.39103,2013-08-26,DE,1.0,90.0,116.0,5000.0,5000.0,Areva,Areva,M5000-116,M5000-116,1.0,Custom offshore wind farms,2013.0
5.95670590513268,54.3955497439769,2013-08-26,DE,1.0,90.0,116.0,5000.0,5000.0,Areva,Areva,M5000-116,M5000-116,1.0,Custom offshore wind farms,2013.0
6.003214,54.39701,2013-08-26,DE,1.0,90.0,116.0,5000.0,5000.0,Areva,Areva,M5000-116,M5000-116,1.0,Custom offshore wind farms,2013.0
6.018333,54.39872,2013-08-26,DE,1.0,90.0,116.0,5000.0,5000.0,Areva,Areva,M5000-116,M5000-116,1.0,Custom offshore wind farms,2013.0
5.979028,54.39892,2013-08-26,DE,1.0,90.0,116.0,5000.0,5000.0,Areva,Areva,M5000-116,M5000-116,1.0,Custom offshore wind farms,2013.0
5.994147,54.40063,2013-08-26,DE,1.0,90.0,116.0,5000.0,5000.0,Areva,Areva,M5000-116,M5000-116,1.0,Custom offshore wind farms,2013.0
5.97036226272843,54.4016232599795,2013-08-26,DE,1.0,90.0,116.0,5000.0,5000.0,Areva,Areva,M5000-116,M5000-116,1.0,Custom offshore wind farms,2013.0
5.99264,54.40509,2013-08-26,DE,1.0,90.0,116.0,5000.0,5000.0,Areva,Areva,M5000-116,M5000-116,1.0,Custom offshore wind farms,2013.0
6.000202,54.40594,2013-08-26,DE,1.0,90.0,116.0,5000.0,5000.0,Areva,Areva,M5000-116,M5000-116,1.0,Custom offshore wind farms,2013.0
6.015325,54.40765,2013-08-26,DE,1.0,90.0,116.0,5000.0,5000.0,Areva,Areva,M5000-116,M5000-116,1.0,Custom offshore wind farms,2013.0
5.98401824681146,54.4076966098663,2013-08-26,DE,1.0,90.0,116.0,5000.0,5000.0,Areva,Areva,M5000-116,M5000-116,1.0,Custom offshore wind farms,2013.0
5.991133,54.40956,2013-08-26,DE,1.0,90.0,116.0,5000.0,5000.0,Areva,Areva,M5000-116,M5000-116,1.0,Custom offshore wind farms,2013.0
6.01382,54.41212,2013-08-26,DE,1.0,90.0,116.0,5000.0,5000.0,Areva,Areva,M5000-116,M5000-116,1.0,Custom offshore wind farms,2013.0
6.004752,54.41573,2013-08-26,DE,1.0,90.0,116.0,5000.0,5000.0,Areva,Areva,M5000-116,M5000-116,1.0,Custom offshore wind farms,2013.0
6.018374,54.4219,2013-08-26,DE,1.0,90.0,116.0,5000.0,5000.0,Areva,Areva,M5000-116,M5000-116,1.0,Custom offshore wind farms,2013.0
6.548475,53.940439,2015-10-11,DE,1.0,89.5,120.0,4000.0,4000.0,Siemens,Siemens,SWT-4.0-120,SWT-4.0-120,1.0,Custom offshore wind farms,2015.0
6.605582,53.940446,2015-10-11,DE,1.0,89.5,120.0,4000.0,4000.0,Siemens,Siemens,SWT-4.0-120,SWT-4.0-120,1.0,Custom offshore wind farms,2015.0
6.617,53.940446,2015-10-11,DE,1.0,89.5,120.0,4000.0,4000.0,Siemens,Siemens,SWT-4.0-120,SWT-4.0-120,1.0,Custom offshore wind farms,2015.0
6.582723,53.940447,2015-10-11,DE,1.0,89.5,120.0,4000.0,4000.0,Siemens,Siemens,SWT-4.0-120,SWT-4.0-120,1.0,Custom offshore wind farms,2015.0
6.559887,53.940448,2015-10-11,DE,1.0,89.5,120.0,4000.0,4000.0,Siemens,Siemens,SWT-4.0-120,SWT-4.0-120,1.0,Custom offshore wind farms,2015.0
6.59416799999999,53.94045,2015-10-11,DE,1.0,89.5,120.0,4000.0,4000.0,Siemens,Siemens,SWT-4.0-120,SWT-4.0-120,1.0,Custom offshore wind farms,2015.0
6.571304,53.940452,2015-10-11,DE,1.0,89.5,120.0,4000.0,4000.0,Siemens,Siemens,SWT-4.0-120,SWT-4.0-120,1.0,Custom offshore wind farms,2015.0
6.537026,53.947167,2015-10-11,DE,1.0,89.5,120.0,4000.0,4000.0,Siemens,Siemens,SWT-4.0-120,SWT-4.0-120,1.0,Custom offshore wind farms,2015.0
6.582725,53.947191,2015-10-11,DE,1.0,89.5,120.0,4000.0,4000.0,Siemens,Siemens,SWT-4.0-120,SWT-4.0-120,1.0,Custom offshore wind farms,2015.0
6.571302,53.947194,2015-10-11,DE,1.0,89.5,120.0,4000.0,4000.0,Siemens,Siemens,SWT-4.0-120,SWT-4.0-120,1.0,Custom offshore wind farms,2015.0
6.548472,53.947196,2015-10-11,DE,1.0,89.5,120.0,4000.0,4000.0,Siemens,Siemens,SWT-4.0-120,SWT-4.0-120,1.0,Custom offshore wind farms,2015.0
6.605582,53.947196,2015-10-11,DE,1.0,89.5,120.0,4000.0,4000.0,Siemens,Siemens,SWT-4.0-120,SWT-4.0-120,1.0,Custom offshore wind farms,2015.0
6.559891,53.947197,2015-10-11,DE,1.0,89.5,120.0,4000.0,4000.0,Siemens,Siemens,SWT-4.0-120,SWT-4.0-120,1.0,Custom offshore wind farms,2015.0
6.594163,53.947197,2015-10-11,DE,1.0,89.5,120.0,4000.0,4000.0,Siemens,Siemens,SWT-4.0-120,SWT-4.0-120,1.0,Custom offshore wind farms,2015.0
6.617003,53.947198,2015-10-11,DE,1.0,89.5,120.0,4000.0,4000.0,Siemens,Siemens,SWT-4.0-120,SWT-4.0-120,1.0,Custom offshore wind farms,2015.0
6.525606,53.953918,2015-10-11,DE,1.0,89.5,120.0,4000.0,4000.0,Siemens,Siemens,SWT-4.0-120,SWT-4.0-120,1.0,Custom offshore wind farms,2015.0
6.548441,53.953918,2015-10-11,DE,1.0,89.5,120.0,4000.0,4000.0,Siemens,Siemens,SWT-4.0-120,SWT-4.0-120,1.0,Custom offshore wind farms,2015.0
6.571302,53.953918,2015-10-11,DE,1.0,89.5,120.0,4000.0,4000.0,Siemens,Siemens,SWT-4.0-120,SWT-4.0-120,1.0,Custom offshore wind farms,2015.0
6.582722,53.953918,2015-10-11,DE,1.0,89.5,120.0,4000.0,4000.0,Siemens,Siemens,SWT-4.0-120,SWT-4.0-120,1.0,Custom offshore wind farms,2015.0
6.559888,53.9539189999999,2015-10-11,DE,1.0,89.5,120.0,4000.0,4000.0,Siemens,Siemens,SWT-4.0-120,SWT-4.0-120,1.0,Custom offshore wind farms,2015.0
6.61699499999999,53.9539189999999,2015-10-11,DE,1.0,89.5,120.0,4000.0,4000.0,Siemens,Siemens,SWT-4.0-120,SWT-4.0-120,1.0,Custom offshore wind farms,2015.0
6.53702699999999,53.95392,2015-10-11,DE,1.0,89.5,120.0,4000.0,4000.0,Siemens,Siemens,SWT-4.0-120,SWT-4.0-120,1.0,Custom offshore wind farms,2015.0
6.605586,53.953947,2015-10-11,DE,1.0,89.5,120.0,4000.0,4000.0,Siemens,Siemens,SWT-4.0-120,SWT-4.0-120,1.0,Custom offshore wind farms,2015.0
6.594166,53.953948,2015-10-11,DE,1.0,89.5,120.0,4000.0,4000.0,Siemens,Siemens,SWT-4.0-120,SWT-4.0-120,1.0,Custom offshore wind farms,2015.0
6.52558,53.960643,2015-10-11,DE,1.0,89.5,120.0,4000.0,4000.0,Siemens,Siemens,SWT-4.0-120,SWT-4.0-120,1.0,Custom offshore wind farms,2015.0
6.514165,53.9606449999999,2015-10-11,DE,1.0,89.5,120.0,4000.0,4000.0,Siemens,Siemens,SWT-4.0-120,SWT-4.0-120,1.0,Custom offshore wind farms,2015.0
6.605588,53.96066,2015-10-11,DE,1.0,89.5,120.0,4000.0,4000.0,Siemens,Siemens,SWT-4.0-120,SWT-4.0-120,1.0,Custom offshore wind farms,2015.0
6.616998,53.960662,2015-10-11,DE,1.0,89.5,120.0,4000.0,4000.0,Siemens,Siemens,SWT-4.0-120,SWT-4.0-120,1.0,Custom offshore wind farms,2015.0
6.594167,53.960664,2015-10-11,DE,1.0,89.5,120.0,4000.0,4000.0,Siemens,Siemens,SWT-4.0-120,SWT-4.0-120,1.0,Custom offshore wind farms,2015.0
6.582727,53.960665,2015-10-11,DE,1.0,89.5,120.0,4000.0,4000.0,Siemens,Siemens,SWT-4.0-120,SWT-4.0-120,1.0,Custom offshore wind farms,2015.0
6.559862,53.960667,2015-10-11,DE,1.0,89.5,120.0,4000.0,4000.0,Siemens,Siemens,SWT-4.0-120,SWT-4.0-120,1.0,Custom offshore wind farms,2015.0
6.571299,53.960667,2015-10-11,DE,1.0,89.5,120.0,4000.0,4000.0,Siemens,Siemens,SWT-4.0-120,SWT-4.0-120,1.0,Custom offshore wind farms,2015.0
6.548444,53.960669,2015-10-11,DE,1.0,89.5,120.0,4000.0,4000.0,Siemens,Siemens,SWT-4.0-120,SWT-4.0-120,1.0,Custom offshore wind farms,2015.0
6.537029,53.9606699999999,2015-10-11,DE,1.0,89.5,120.0,4000.0,4000.0,Siemens,Siemens,SWT-4.0-120,SWT-4.0-120,1.0,Custom offshore wind farms,2015.0
6.50272699999999,53.967361,2015-10-11,DE,1.0,89.5,120.0,4000.0,4000.0,Siemens,Siemens,SWT-4.0-120,SWT-4.0-120,1.0,Custom offshore wind farms,2015.0
6.525585,53.967385,2015-10-11,DE,1.0,89.5,120.0,4000.0,4000.0,Siemens,Siemens,SWT-4.0-120,SWT-4.0-120,1.0,Custom offshore wind farms,2015.0
6.514136,53.967387,2015-10-11,DE,1.0,89.5,120.0,4000.0,4000.0,Siemens,Siemens,SWT-4.0-120,SWT-4.0-120,1.0,Custom offshore wind farms,2015.0
6.537,53.967388,2015-10-11,DE,1.0,89.5,120.0,4000.0,4000.0,Siemens,Siemens,SWT-4.0-120,SWT-4.0-120,1.0,Custom offshore wind farms,2015.0
6.548443,53.96739,2015-10-11,DE,1.0,89.5,120.0,4000.0,4000.0,Siemens,Siemens,SWT-4.0-120,SWT-4.0-120,1.0,Custom offshore wind farms,2015.0
6.571307,53.96741,2015-10-11,DE,1.0,89.5,120.0,4000.0,4000.0,Siemens,Siemens,SWT-4.0-120,SWT-4.0-120,1.0,Custom offshore wind farms,2015.0
6.59416499999999,53.967418,2015-10-11,DE,1.0,89.5,120.0,4000.0,4000.0,Siemens,Siemens,SWT-4.0-120,SWT-4.0-120,1.0,Custom offshore wind farms,2015.0
6.582721,53.9674189999999,2015-10-11,DE,1.0,89.5,120.0,4000.0,4000.0,Siemens,Siemens,SWT-4.0-120,SWT-4.0-120,1.0,Custom offshore wind farms,2015.0
6.605579,53.96742,2015-10-11,DE,1.0,89.5,120.0,4000.0,4000.0,Siemens,Siemens,SWT-4.0-120,SWT-4.0-120,1.0,Custom offshore wind farms,2015.0
6.559861,53.967434,2015-10-11,DE,1.0,89.5,120.0,4000.0,4000.0,Siemens,Siemens,SWT-4.0-120,SWT-4.0-120,1.0,Custom offshore wind farms,2015.0
6.491268,53.974111,2015-10-11,DE,1.0,89.5,120.0,4000.0,4000.0,Siemens,Siemens,SWT-4.0-120,SWT-4.0-120,1.0,Custom offshore wind farms,2015.0
6.514145,53.974112,2015-10-11,DE,1.0,89.5,120.0,4000.0,4000.0,Siemens,Siemens,SWT-4.0-120,SWT-4.0-120,1.0,Custom offshore wind farms,2015.0
6.502696,53.974116,2015-10-11,DE,1.0,89.5,120.0,4000.0,4000.0,Siemens,Siemens,SWT-4.0-120,SWT-4.0-120,1.0,Custom offshore wind farms,2015.0
6.594169,53.974138,2015-10-11,DE,1.0,89.5,120.0,4000.0,4000.0,Siemens,Siemens,SWT-4.0-120,SWT-4.0-120,1.0,Custom offshore wind farms,2015.0
6.559857,53.97414,2015-10-11,DE,1.0,89.5,120.0,4000.0,4000.0,Siemens,Siemens,SWT-4.0-120,SWT-4.0-120,1.0,Custom offshore wind farms,2015.0
6.58271799999999,53.97414,2015-10-11,DE,1.0,89.5,120.0,4000.0,4000.0,Siemens,Siemens,SWT-4.0-120,SWT-4.0-120,1.0,Custom offshore wind farms,2015.0
6.52556,53.974141,2015-10-11,DE,1.0,89.5,120.0,4000.0,4000.0,Siemens,Siemens,SWT-4.0-120,SWT-4.0-120,1.0,Custom offshore wind farms,2015.0
6.571279,53.974141,2015-10-11,DE,1.0,89.5,120.0,4000.0,4000.0,Siemens,Siemens,SWT-4.0-120,SWT-4.0-120,1.0,Custom offshore wind farms,2015.0
6.536995,53.974143,2015-10-11,DE,1.0,89.5,120.0,4000.0,4000.0,Siemens,Siemens,SWT-4.0-120,SWT-4.0-120,1.0,Custom offshore wind farms,2015.0
6.548415,53.9741449999999,2015-10-11,DE,1.0,89.5,120.0,4000.0,4000.0,Siemens,Siemens,SWT-4.0-120,SWT-4.0-120,1.0,Custom offshore wind farms,2015.0
6.491251,53.980836,2015-10-11,DE,1.0,89.5,120.0,4000.0,4000.0,Siemens,Siemens,SWT-4.0-120,SWT-4.0-120,1.0,Custom offshore wind farms,2015.0
6.502695,53.980859,2015-10-11,DE,1.0,89.5,120.0,4000.0,4000.0,Siemens,Siemens,SWT-4.0-120,SWT-4.0-120,1.0,Custom offshore wind farms,2015.0
6.514108,53.980862,2015-10-11,DE,1.0,89.5,120.0,4000.0,4000.0,Siemens,Siemens,SWT-4.0-120,SWT-4.0-120,1.0,Custom offshore wind farms,2015.0
6.536996,53.980862,2015-10-11,DE,1.0,89.5,120.0,4000.0,4000.0,Siemens,Siemens,SWT-4.0-120,SWT-4.0-120,1.0,Custom offshore wind farms,2015.0
6.525553,53.980863,2015-10-11,DE,1.0,89.5,120.0,4000.0,4000.0,Siemens,Siemens,SWT-4.0-120,SWT-4.0-120,1.0,Custom offshore wind farms,2015.0
6.548425,53.980888,2015-10-11,DE,1.0,89.5,120.0,4000.0,4000.0,Siemens,Siemens,SWT-4.0-120,SWT-4.0-120,1.0,Custom offshore wind farms,2015.0
6.582721,53.980889,2015-10-11,DE,1.0,89.5,120.0,4000.0,4000.0,Siemens,Siemens,SWT-4.0-120,SWT-4.0-120,1.0,Custom offshore wind farms,2015.0
6.559863,53.98089,2015-10-11,DE,1.0,89.5,120.0,4000.0,4000.0,Siemens,Siemens,SWT-4.0-120,SWT-4.0-120,1.0,Custom offshore wind farms,2015.0
6.571274,53.98089,2015-10-11,DE,1.0,89.5,120.0,4000.0,4000.0,Siemens,Siemens,SWT-4.0-120,SWT-4.0-120,1.0,Custom offshore wind farms,2015.0
6.49124499999999,53.987582,2015-10-11,DE,1.0,89.5,120.0,4000.0,4000.0,Siemens,Siemens,SWT-4.0-120,SWT-4.0-120,1.0,Custom offshore wind farms,2015.0
6.514111,53.987582,2015-10-11,DE,1.0,89.5,120.0,4000.0,4000.0,Siemens,Siemens,SWT-4.0-120,SWT-4.0-120,1.0,Custom offshore wind farms,2015.0
6.502667,53.987583,2015-10-11,DE,1.0,89.5,120.0,4000.0,4000.0,Siemens,Siemens,SWT-4.0-120,SWT-4.0-120,1.0,Custom offshore wind farms,2015.0
6.53697699999999,53.987611,2015-10-11,DE,1.0,89.5,120.0,4000.0,4000.0,Siemens,Siemens,SWT-4.0-120,SWT-4.0-120,1.0,Custom offshore wind farms,2015.0
6.559867,53.987611,2015-10-11,DE,1.0,89.5,120.0,4000.0,4000.0,Siemens,Siemens,SWT-4.0-120,SWT-4.0-120,1.0,Custom offshore wind farms,2015.0
6.525556,53.987612,2015-10-11,DE,1.0,89.5,120.0,4000.0,4000.0,Siemens,Siemens,SWT-4.0-120,SWT-4.0-120,1.0,Custom offshore wind farms,2015.0
6.548415,53.987612,2015-10-11,DE,1.0,89.5,120.0,4000.0,4000.0,Siemens,Siemens,SWT-4.0-120,SWT-4.0-120,1.0,Custom offshore wind farms,2015.0
6.571282,53.987612,2015-10-11,DE,1.0,89.5,120.0,4000.0,4000.0,Siemens,Siemens,SWT-4.0-120,SWT-4.0-120,1.0,Custom offshore wind farms,2015.0
6.491221,53.994306,2015-10-11,DE,1.0,89.5,120.0,4000.0,4000.0,Siemens,Siemens,SWT-4.0-120,SWT-4.0-120,1.0,Custom offshore wind farms,2015.0
6.52551999999999,53.9943319999999,2015-10-11,DE,1.0,89.5,120.0,4000.0,4000.0,Siemens,Siemens,SWT-4.0-120,SWT-4.0-120,1.0,Custom offshore wind farms,2015.0
6.502667,53.994333,2015-10-11,DE,1.0,89.5,120.0,4000.0,4000.0,Siemens,Siemens,SWT-4.0-120,SWT-4.0-120,1.0,Custom offshore wind farms,2015.0
6.514091,53.994336,2015-10-11,DE,1.0,89.5,120.0,4000.0,4000.0,Siemens,Siemens,SWT-4.0-120,SWT-4.0-120,1.0,Custom offshore wind farms,2015.0
6.536976,53.994361,2015-10-11,DE,1.0,89.5,120.0,4000.0,4000.0,Siemens,Siemens,SWT-4.0-120,SWT-4.0-120,1.0,Custom offshore wind farms,2015.0
6.548419,53.994361,2015-10-11,DE,1.0,89.5,120.0,4000.0,4000.0,Siemens,Siemens,SWT-4.0-120,SWT-4.0-120,1.0,Custom offshore wind farms,2015.0
6.559833,53.994364,2015-10-11,DE,1.0,89.5,120.0,4000.0,4000.0,Siemens,Siemens,SWT-4.0-120,SWT-4.0-120,1.0,Custom offshore wind farms,2015.0
6.489075,53.916416,2018-12-01,DE,1.0,105.0,164.0,8000.0,8000.0,Vestas,Vestas,V164/8000,V164/8000,1.0,Custom offshore wind farms,2018.0
6.501162,53.917545,2018-12-01,DE,1.0,105.0,164.0,8000.0,8000.0,Vestas,Vestas,V164/8000,V164/8000,1.0,Custom offshore wind farms,2018.0
6.514244,53.919412,2018-12-01,DE,1.0,105.0,164.0,8000.0,8000.0,Vestas,Vestas,V164/8000,V164/8000,1.0,Custom offshore wind farms,2018.0
6.525379,53.920999,2018-12-01,DE,1.0,105.0,164.0,8000.0,8000.0,Vestas,Vestas,V164/8000,V164/8000,1.0,Custom offshore wind farms,2018.0
6.48195599999999,53.921683,2018-12-01,DE,1.0,105.0,164.0,8000.0,8000.0,Vestas,Vestas,V164/8000,V164/8000,1.0,Custom offshore wind farms,2018.0
6.536516,53.922585,2018-12-01,DE,1.0,105.0,164.0,8000.0,8000.0,Vestas,Vestas,V164/8000,V164/8000,1.0,Custom offshore wind farms,2018.0
6.547653,53.92417,2018-12-01,DE,1.0,105.0,164.0,8000.0,8000.0,Vestas,Vestas,V164/8000,V164/8000,1.0,Custom offshore wind farms,2018.0
6.558791,53.925755,2018-12-01,DE,1.0,105.0,164.0,8000.0,8000.0,Vestas,Vestas,V164/8000,V164/8000,1.0,Custom offshore wind farms,2018.0
6.514264,53.926142,2018-12-01,DE,1.0,105.0,164.0,8000.0,8000.0,Vestas,Vestas,V164/8000,V164/8000,1.0,Custom offshore wind farms,2018.0
6.491395,53.926173,2018-12-01,DE,1.0,105.0,164.0,8000.0,8000.0,Vestas,Vestas,V164/8000,V164/8000,1.0,Custom offshore wind farms,2018.0
6.474835,53.926951,2018-12-01,DE,1.0,105.0,164.0,8000.0,8000.0,Vestas,Vestas,V164/8000,V164/8000,1.0,Custom offshore wind farms,2018.0
6.56993,53.927338,2018-12-01,DE,1.0,105.0,164.0,8000.0,8000.0,Vestas,Vestas,V164/8000,V164/8000,1.0,Custom offshore wind farms,2018.0
6.58107,53.92892,2018-12-01,DE,1.0,105.0,164.0,8000.0,8000.0,Vestas,Vestas,V164/8000,V164/8000,1.0,Custom offshore wind farms,2018.0
6.592489,53.930541,2018-12-01,DE,1.0,105.0,164.0,8000.0,8000.0,Vestas,Vestas,V164/8000,V164/8000,1.0,Custom offshore wind farms,2018.0
6.539585,53.931746,2018-12-01,DE,1.0,105.0,164.0,8000.0,8000.0,Vestas,Vestas,V164/8000,V164/8000,1.0,Custom offshore wind farms,2018.0
6.60391,53.93216,2018-12-01,DE,1.0,105.0,164.0,8000.0,8000.0,Vestas,Vestas,V164/8000,V164/8000,1.0,Custom offshore wind farms,2018.0
6.553314,53.932787,2018-12-01,DE,1.0,105.0,164.0,8000.0,8000.0,Vestas,Vestas,V164/8000,V164/8000,1.0,Custom offshore wind farms,2018.0
6.466492,53.93312,2018-12-01,DE,1.0,105.0,164.0,8000.0,8000.0,Vestas,Vestas,V164/8000,V164/8000,1.0,Custom offshore wind farms,2018.0
6.479958,53.933126,2018-12-01,DE,1.0,105.0,164.0,8000.0,8000.0,Vestas,Vestas,V164/8000,V164/8000,1.0,Custom offshore wind farms,2018.0
6.491378,53.93313,2018-12-01,DE,1.0,105.0,164.0,8000.0,8000.0,Vestas,Vestas,V164/8000,V164/8000,1.0,Custom offshore wind farms,2018.0
6.514217,53.933134,2018-12-01,DE,1.0,105.0,164.0,8000.0,8000.0,Vestas,Vestas,V164/8000,V164/8000,1.0,Custom offshore wind farms,2018.0
6.457087,53.940072,2018-12-01,DE,1.0,105.0,164.0,8000.0,8000.0,Vestas,Vestas,V164/8000,V164/8000,1.0,Custom offshore wind farms,2018.0
6.468518,53.940078,2018-12-01,DE,1.0,105.0,164.0,8000.0,8000.0,Vestas,Vestas,V164/8000,V164/8000,1.0,Custom offshore wind farms,2018.0
6.514203,53.940091,2018-12-01,DE,1.0,105.0,164.0,8000.0,8000.0,Vestas,Vestas,V164/8000,V164/8000,1.0,Custom offshore wind farms,2018.0
6.537047,53.940091,2018-12-01,DE,1.0,105.0,164.0,8000.0,8000.0,Vestas,Vestas,V164/8000,V164/8000,1.0,Custom offshore wind farms,2018.0
6.491419,53.940115,2018-12-01,DE,1.0,105.0,164.0,8000.0,8000.0,Vestas,Vestas,V164/8000,V164/8000,1.0,Custom offshore wind farms,2018.0
6.463752,53.9470319999999,2018-12-01,DE,1.0,105.0,164.0,8000.0,8000.0,Vestas,Vestas,V164/8000,V164/8000,1.0,Custom offshore wind farms,2018.0
6.491342,53.947043,2018-12-01,DE,1.0,105.0,164.0,8000.0,8000.0,Vestas,Vestas,V164/8000,V164/8000,1.0,Custom offshore wind farms,2018.0
6.51419,53.947048,2018-12-01,DE,1.0,105.0,164.0,8000.0,8000.0,Vestas,Vestas,V164/8000,V164/8000,1.0,Custom offshore wind farms,2018.0
6.445005,53.948997,2018-12-01,DE,1.0,105.0,164.0,8000.0,8000.0,Vestas,Vestas,V164/8000,V164/8000,1.0,Custom offshore wind farms,2018.0
6.439183,53.953297,2018-12-01,DE,1.0,105.0,164.0,8000.0,8000.0,Vestas,Vestas,V164/8000,V164/8000,1.0,Custom offshore wind farms,2018.0
6.508473,53.953405,2018-12-01,DE,1.0,105.0,164.0,8000.0,8000.0,Vestas,Vestas,V164/8000,V164/8000,1.0,Custom offshore wind farms,2018.0
6.45346999999999,53.953846,2018-12-01,DE,1.0,105.0,164.0,8000.0,8000.0,Vestas,Vestas,V164/8000,V164/8000,1.0,Custom offshore wind farms,2018.0
6.431174,53.960602,2018-12-01,DE,1.0,105.0,164.0,8000.0,8000.0,Vestas,Vestas,V164/8000,V164/8000,1.0,Custom offshore wind farms,2018.0
6.468454,53.960602,2018-12-01,DE,1.0,105.0,164.0,8000.0,8000.0,Vestas,Vestas,V164/8000,V164/8000,1.0,Custom offshore wind farms,2018.0
6.47988,53.961112,2018-12-01,DE,1.0,105.0,164.0,8000.0,8000.0,Vestas,Vestas,V164/8000,V164/8000,1.0,Custom offshore wind farms,2018.0
6.434398,53.967245,2018-12-01,DE,1.0,105.0,164.0,8000.0,8000.0,Vestas,Vestas,V164/8000,V164/8000,1.0,Custom offshore wind farms,2018.0
6.445531,53.967261,2018-12-01,DE,1.0,105.0,164.0,8000.0,8000.0,Vestas,Vestas,V164/8000,V164/8000,1.0,Custom offshore wind farms,2018.0
6.424153,53.967265,2018-12-01,DE,1.0,105.0,164.0,8000.0,8000.0,Vestas,Vestas,V164/8000,V164/8000,1.0,Custom offshore wind farms,2018.0
6.457005,53.967274,2018-12-01,DE,1.0,105.0,164.0,8000.0,8000.0,Vestas,Vestas,V164/8000,V164/8000,1.0,Custom offshore wind farms,2018.0
6.479863,53.967298,2018-12-01,DE,1.0,105.0,164.0,8000.0,8000.0,Vestas,Vestas,V164/8000,V164/8000,1.0,Custom offshore wind farms,2018.0
6.434121,53.97393,2018-12-01,DE,1.0,105.0,164.0,8000.0,8000.0,Vestas,Vestas,V164/8000,V164/8000,1.0,Custom offshore wind farms,2018.0
6.423605,53.973933,2018-12-01,DE,1.0,105.0,164.0,8000.0,8000.0,Vestas,Vestas,V164/8000,V164/8000,1.0,Custom offshore wind farms,2018.0
6.473747,53.973977,2018-12-01,DE,1.0,105.0,164.0,8000.0,8000.0,Vestas,Vestas,V164/8000,V164/8000,1.0,Custom offshore wind farms,2018.0
6.617016,53.974146,2018-12-01,DE,1.0,105.0,164.0,8000.0,8000.0,Vestas,Vestas,V164/8000,V164/8000,1.0,Custom offshore wind farms,2018.0
6.456961,53.980419,2018-12-01,DE,1.0,105.0,164.0,8000.0,8000.0,Vestas,Vestas,V164/8000,V164/8000,1.0,Custom offshore wind farms,2018.0
6.473729,53.980436,2018-12-01,DE,1.0,105.0,164.0,8000.0,8000.0,Vestas,Vestas,V164/8000,V164/8000,1.0,Custom offshore wind farms,2018.0
6.423096,53.980609,2018-12-01,DE,1.0,105.0,164.0,8000.0,8000.0,Vestas,Vestas,V164/8000,V164/8000,1.0,Custom offshore wind farms,2018.0
6.434096,53.980614,2018-12-01,DE,1.0,105.0,164.0,8000.0,8000.0,Vestas,Vestas,V164/8000,V164/8000,1.0,Custom offshore wind farms,2018.0
6.617019,53.980886,2018-12-01,DE,1.0,105.0,164.0,8000.0,8000.0,Vestas,Vestas,V164/8000,V164/8000,1.0,Custom offshore wind farms,2018.0
6.422635,53.987283,2018-12-01,DE,1.0,105.0,164.0,8000.0,8000.0,Vestas,Vestas,V164/8000,V164/8000,1.0,Custom offshore wind farms,2018.0
6.617023,53.987624,2018-12-01,DE,1.0,105.0,164.0,8000.0,8000.0,Vestas,Vestas,V164/8000,V164/8000,1.0,Custom offshore wind farms,2018.0
6.594152,53.987626,2018-12-01,DE,1.0,105.0,164.0,8000.0,8000.0,Vestas,Vestas,V164/8000,V164/8000,1.0,Custom offshore wind farms,2018.0
6.473698,53.991047,2018-12-01,DE,1.0,105.0,164.0,8000.0,8000.0,Vestas,Vestas,V164/8000,V164/8000,1.0,Custom offshore wind farms,2018.0
6.441473,53.991048,2018-12-01,DE,1.0,105.0,164.0,8000.0,8000.0,Vestas,Vestas,V164/8000,V164/8000,1.0,Custom offshore wind farms,2018.0
6.452351,53.991048,2018-12-01,DE,1.0,105.0,164.0,8000.0,8000.0,Vestas,Vestas,V164/8000,V164/8000,1.0,Custom offshore wind farms,2018.0
7.799903,54.966717,2015-09-08,DE,1.0,88.0,120.0,3600.0,3600.0,Siemens,Siemens,SWT-3.6-120,SWT-3.6-120,1.0,Custom offshore wind farms,2015.0
7.784457,54.966756,2015-09-08,DE,1.0,88.0,120.0,3600.0,3600.0,Siemens,Siemens,SWT-3.6-120,SWT-3.6-120,1.0,Custom offshore wind farms,2015.0
7.778908,54.972019,2015-09-08,DE,1.0,88.0,120.0,3600.0,3600.0,Siemens,Siemens,SWT-3.6-120,SWT-3.6-120,1.0,Custom offshore wind farms,2015.0
7.789362,54.972827,2015-09-08,DE,1.0,88.0,120.0,3600.0,3600.0,Siemens,Siemens,SWT-3.6-120,SWT-3.6-120,1.0,Custom offshore wind farms,2015.0
7.799922,54.973768,2015-09-08,DE,1.0,88.0,120.0,3600.0,3600.0,Siemens,Siemens,SWT-3.6-120,SWT-3.6-120,1.0,Custom offshore wind farms,2015.0
7.773262,54.977148,2015-09-08,DE,1.0,88.0,120.0,3600.0,3600.0,Siemens,Siemens,SWT-3.6-120,SWT-3.6-120,1.0,Custom offshore wind farms,2015.0
7.783977,54.978212,2015-09-08,DE,1.0,88.0,120.0,3600.0,3600.0,Siemens,Siemens,SWT-3.6-120,SWT-3.6-120,1.0,Custom offshore wind farms,2015.0
7.79508399999999,54.979165,2015-09-08,DE,1.0,88.0,120.0,3600.0,3600.0,Siemens,Siemens,SWT-3.6-120,SWT-3.6-120,1.0,Custom offshore wind farms,2015.0
7.76786799999999,54.982498,2015-09-08,DE,1.0,88.0,120.0,3600.0,3600.0,Siemens,Siemens,SWT-3.6-120,SWT-3.6-120,1.0,Custom offshore wind farms,2015.0
7.778695,54.983621,2015-09-08,DE,1.0,88.0,120.0,3600.0,3600.0,Siemens,Siemens,SWT-3.6-120,SWT-3.6-120,1.0,Custom offshore wind farms,2015.0
7.78930899999999,54.984787,2015-09-08,DE,1.0,88.0,120.0,3600.0,3600.0,Siemens,Siemens,SWT-3.6-120,SWT-3.6-120,1.0,Custom offshore wind farms,2015.0
7.79991999999999,54.985596,2015-09-08,DE,1.0,88.0,120.0,3600.0,3600.0,Siemens,Siemens,SWT-3.6-120,SWT-3.6-120,1.0,Custom offshore wind farms,2015.0
7.762072,54.987893,2015-09-08,DE,1.0,88.0,120.0,3600.0,3600.0,Siemens,Siemens,SWT-3.6-120,SWT-3.6-120,1.0,Custom offshore wind farms,2015.0
7.772989,54.988748,2015-09-08,DE,1.0,88.0,120.0,3600.0,3600.0,Siemens,Siemens,SWT-3.6-120,SWT-3.6-120,1.0,Custom offshore wind farms,2015.0
7.783522,54.990238,2015-09-08,DE,1.0,88.0,120.0,3600.0,3600.0,Siemens,Siemens,SWT-3.6-120,SWT-3.6-120,1.0,Custom offshore wind farms,2015.0
7.79418999999999,54.991093,2015-09-08,DE,1.0,88.0,120.0,3600.0,3600.0,Siemens,Siemens,SWT-3.6-120,SWT-3.6-120,1.0,Custom offshore wind farms,2015.0
7.756514,54.993202,2015-09-08,DE,1.0,88.0,120.0,3600.0,3600.0,Siemens,Siemens,SWT-3.6-120,SWT-3.6-120,1.0,Custom offshore wind farms,2015.0
7.767452,54.994059,2015-09-08,DE,1.0,88.0,120.0,3600.0,3600.0,Siemens,Siemens,SWT-3.6-120,SWT-3.6-120,1.0,Custom offshore wind farms,2015.0
7.777978,54.995637,2015-09-08,DE,1.0,88.0,120.0,3600.0,3600.0,Siemens,Siemens,SWT-3.6-120,SWT-3.6-120,1.0,Custom offshore wind farms,2015.0
7.788611,54.996367,2015-09-08,DE,1.0,88.0,120.0,3600.0,3600.0,Siemens,Siemens,SWT-3.6-120,SWT-3.6-120,1.0,Custom offshore wind farms,2015.0
7.799627,54.997223,2015-09-08,DE,1.0,88.0,120.0,3600.0,3600.0,Siemens,Siemens,SWT-3.6-120,SWT-3.6-120,1.0,Custom offshore wind farms,2015.0
7.750732,54.998385,2015-09-08,DE,1.0,88.0,120.0,3600.0,3600.0,Siemens,Siemens,SWT-3.6-120,SWT-3.6-120,1.0,Custom offshore wind farms,2015.0
7.761725,54.99933,2015-09-08,DE,1.0,88.0,120.0,3600.0,3600.0,Siemens,Siemens,SWT-3.6-120,SWT-3.6-120,1.0,Custom offshore wind farms,2015.0
7.772564,55.000734,2015-09-08,DE,1.0,88.0,120.0,3600.0,3600.0,Siemens,Siemens,SWT-3.6-120,SWT-3.6-120,1.0,Custom offshore wind farms,2015.0
7.783392,55.001842,2015-09-08,DE,1.0,88.0,120.0,3600.0,3600.0,Siemens,Siemens,SWT-3.6-120,SWT-3.6-120,1.0,Custom offshore wind farms,2015.0
7.794385,55.00275,2015-09-08,DE,1.0,88.0,120.0,3600.0,3600.0,Siemens,Siemens,SWT-3.6-120,SWT-3.6-120,1.0,Custom offshore wind farms,2015.0
7.745174,55.003687,2015-09-08,DE,1.0,88.0,120.0,3600.0,3600.0,Siemens,Siemens,SWT-3.6-120,SWT-3.6-120,1.0,Custom offshore wind farms,2015.0
7.755972,55.004612,2015-09-08,DE,1.0,88.0,120.0,3600.0,3600.0,Siemens,Siemens,SWT-3.6-120,SWT-3.6-120,1.0,Custom offshore wind farms,2015.0
7.766772,55.006077,2015-09-08,DE,1.0,88.0,120.0,3600.0,3600.0,Siemens,Siemens,SWT-3.6-120,SWT-3.6-120,1.0,Custom offshore wind farms,2015.0
7.77734,55.00705,2015-09-08,DE,1.0,88.0,120.0,3600.0,3600.0,Siemens,Siemens,SWT-3.6-120,SWT-3.6-120,1.0,Custom offshore wind farms,2015.0
7.78844499999999,55.008039,2015-09-08,DE,1.0,88.0,120.0,3600.0,3600.0,Siemens,Siemens,SWT-3.6-120,SWT-3.6-120,1.0,Custom offshore wind farms,2015.0
7.79960099999999,55.008887,2015-09-08,DE,1.0,88.0,120.0,3600.0,3600.0,Siemens,Siemens,SWT-3.6-120,SWT-3.6-120,1.0,Custom offshore wind farms,2015.0
7.739526,55.009041,2015-09-08,DE,1.0,88.0,120.0,3600.0,3600.0,Siemens,Siemens,SWT-3.6-120,SWT-3.6-120,1.0,Custom offshore wind farms,2015.0
7.750447,55.01014,2015-09-08,DE,1.0,88.0,120.0,3600.0,3600.0,Siemens,Siemens,SWT-3.6-120,SWT-3.6-120,1.0,Custom offshore wind farms,2015.0
7.761347,55.011466,2015-09-08,DE,1.0,88.0,120.0,3600.0,3600.0,Siemens,Siemens,SWT-3.6-120,SWT-3.6-120,1.0,Custom offshore wind farms,2015.0
7.772237,55.012496,2015-09-08,DE,1.0,88.0,120.0,3600.0,3600.0,Siemens,Siemens,SWT-3.6-120,SWT-3.6-120,1.0,Custom offshore wind farms,2015.0
7.783173,55.013701,2015-09-08,DE,1.0,88.0,120.0,3600.0,3600.0,Siemens,Siemens,SWT-3.6-120,SWT-3.6-120,1.0,Custom offshore wind farms,2015.0
7.737943,55.015658,2015-09-08,DE,1.0,88.0,120.0,3600.0,3600.0,Siemens,Siemens,SWT-3.6-120,SWT-3.6-120,1.0,Custom offshore wind farms,2015.0
7.79991999999999,55.015709,2015-09-08,DE,1.0,88.0,120.0,3600.0,3600.0,Siemens,Siemens,SWT-3.6-120,SWT-3.6-120,1.0,Custom offshore wind farms,2015.0
7.748651,55.016525,2015-09-08,DE,1.0,88.0,120.0,3600.0,3600.0,Siemens,Siemens,SWT-3.6-120,SWT-3.6-120,1.0,Custom offshore wind farms,2015.0
7.759645,55.017862,2015-09-08,DE,1.0,88.0,120.0,3600.0,3600.0,Siemens,Siemens,SWT-3.6-120,SWT-3.6-120,1.0,Custom offshore wind farms,2015.0
7.77066,55.018935,2015-09-08,DE,1.0,88.0,120.0,3600.0,3600.0,Siemens,Siemens,SWT-3.6-120,SWT-3.6-120,1.0,Custom offshore wind farms,2015.0
7.781347,55.019996,2015-09-08,DE,1.0,88.0,120.0,3600.0,3600.0,Siemens,Siemens,SWT-3.6-120,SWT-3.6-120,1.0,Custom offshore wind farms,2015.0
7.791036,55.021598,2015-09-08,DE,1.0,88.0,120.0,3600.0,3600.0,Siemens,Siemens,SWT-3.6-120,SWT-3.6-120,1.0,Custom offshore wind farms,2015.0
7.737702,55.022519,2015-09-08,DE,1.0,88.0,120.0,3600.0,3600.0,Siemens,Siemens,SWT-3.6-120,SWT-3.6-120,1.0,Custom offshore wind farms,2015.0
7.748491,55.023063,2015-09-08,DE,1.0,88.0,120.0,3600.0,3600.0,Siemens,Siemens,SWT-3.6-120,SWT-3.6-120,1.0,Custom offshore wind farms,2015.0
7.799921,55.023834,2015-09-08,DE,1.0,88.0,120.0,3600.0,3600.0,Siemens,Siemens,SWT-3.6-120,SWT-3.6-120,1.0,Custom offshore wind farms,2015.0
7.759351,55.024532,2015-09-08,DE,1.0,88.0,120.0,3600.0,3600.0,Siemens,Siemens,SWT-3.6-120,SWT-3.6-120,1.0,Custom offshore wind farms,2015.0
7.77036199999999,55.025682,2015-09-08,DE,1.0,88.0,120.0,3600.0,3600.0,Siemens,Siemens,SWT-3.6-120,SWT-3.6-120,1.0,Custom offshore wind farms,2015.0
7.781254,55.026563,2015-09-08,DE,1.0,88.0,120.0,3600.0,3600.0,Siemens,Siemens,SWT-3.6-120,SWT-3.6-120,1.0,Custom offshore wind farms,2015.0
7.791932,55.027693,2015-09-08,DE,1.0,88.0,120.0,3600.0,3600.0,Siemens,Siemens,SWT-3.6-120,SWT-3.6-120,1.0,Custom offshore wind farms,2015.0
7.737916,55.02939,2015-09-08,DE,1.0,88.0,120.0,3600.0,3600.0,Siemens,Siemens,SWT-3.6-120,SWT-3.6-120,1.0,Custom offshore wind farms,2015.0
7.748455,55.029635,2015-09-08,DE,1.0,88.0,120.0,3600.0,3600.0,Siemens,Siemens,SWT-3.6-120,SWT-3.6-120,1.0,Custom offshore wind farms,2015.0
7.7588,55.031188,2015-09-08,DE,1.0,88.0,120.0,3600.0,3600.0,Siemens,Siemens,SWT-3.6-120,SWT-3.6-120,1.0,Custom offshore wind farms,2015.0
7.769524,55.032147,2015-09-08,DE,1.0,88.0,120.0,3600.0,3600.0,Siemens,Siemens,SWT-3.6-120,SWT-3.6-120,1.0,Custom offshore wind farms,2015.0
7.799916,55.032839,2015-09-08,DE,1.0,88.0,120.0,3600.0,3600.0,Siemens,Siemens,SWT-3.6-120,SWT-3.6-120,1.0,Custom offshore wind farms,2015.0
7.78074299999999,55.033363,2015-09-08,DE,1.0,88.0,120.0,3600.0,3600.0,Siemens,Siemens,SWT-3.6-120,SWT-3.6-120,1.0,Custom offshore wind farms,2015.0
7.79114299999999,55.0358,2015-09-08,DE,1.0,88.0,120.0,3600.0,3600.0,Siemens,Siemens,SWT-3.6-120,SWT-3.6-120,1.0,Custom offshore wind farms,2015.0
7.73798999999999,55.036134,2015-09-08,DE,1.0,88.0,120.0,3600.0,3600.0,Siemens,Siemens,SWT-3.6-120,SWT-3.6-120,1.0,Custom offshore wind farms,2015.0
7.748944,55.036406,2015-09-08,DE,1.0,88.0,120.0,3600.0,3600.0,Siemens,Siemens,SWT-3.6-120,SWT-3.6-120,1.0,Custom offshore wind farms,2015.0
7.759589,55.037809,2015-09-08,DE,1.0,88.0,120.0,3600.0,3600.0,Siemens,Siemens,SWT-3.6-120,SWT-3.6-120,1.0,Custom offshore wind farms,2015.0
7.77046199999999,55.038802,2015-09-08,DE,1.0,88.0,120.0,3600.0,3600.0,Siemens,Siemens,SWT-3.6-120,SWT-3.6-120,1.0,Custom offshore wind farms,2015.0
7.781013,55.039752,2015-09-08,DE,1.0,88.0,120.0,3600.0,3600.0,Siemens,Siemens,SWT-3.6-120,SWT-3.6-120,1.0,Custom offshore wind farms,2015.0
7.799922,55.0400449999999,2015-09-08,DE,1.0,88.0,120.0,3600.0,3600.0,Siemens,Siemens,SWT-3.6-120,SWT-3.6-120,1.0,Custom offshore wind farms,2015.0
7.74121999999999,55.042552,2015-09-08,DE,1.0,88.0,120.0,3600.0,3600.0,Siemens,Siemens,SWT-3.6-120,SWT-3.6-120,1.0,Custom offshore wind farms,2015.0
7.790918,55.042779,2015-09-08,DE,1.0,88.0,120.0,3600.0,3600.0,Siemens,Siemens,SWT-3.6-120,SWT-3.6-120,1.0,Custom offshore wind farms,2015.0
7.752028,55.042852,2015-09-08,DE,1.0,88.0,120.0,3600.0,3600.0,Siemens,Siemens,SWT-3.6-120,SWT-3.6-120,1.0,Custom offshore wind farms,2015.0
7.762706,55.044369,2015-09-08,DE,1.0,88.0,120.0,3600.0,3600.0,Siemens,Siemens,SWT-3.6-120,SWT-3.6-120,1.0,Custom offshore wind farms,2015.0
7.773496,55.0455069999999,2015-09-08,DE,1.0,88.0,120.0,3600.0,3600.0,Siemens,Siemens,SWT-3.6-120,SWT-3.6-120,1.0,Custom offshore wind farms,2015.0
7.799471,55.047086,2015-09-08,DE,1.0,88.0,120.0,3600.0,3600.0,Siemens,Siemens,SWT-3.6-120,SWT-3.6-120,1.0,Custom offshore wind farms,2015.0
7.783993,55.04723,2015-09-08,DE,1.0,88.0,120.0,3600.0,3600.0,Siemens,Siemens,SWT-3.6-120,SWT-3.6-120,1.0,Custom offshore wind farms,2015.0
7.753692,55.04953,2015-09-08,DE,1.0,88.0,120.0,3600.0,3600.0,Siemens,Siemens,SWT-3.6-120,SWT-3.6-120,1.0,Custom offshore wind farms,2015.0
7.764632,55.051084,2015-09-08,DE,1.0,88.0,120.0,3600.0,3600.0,Siemens,Siemens,SWT-3.6-120,SWT-3.6-120,1.0,Custom offshore wind farms,2015.0
7.776037,55.052258,2015-09-08,DE,1.0,88.0,120.0,3600.0,3600.0,Siemens,Siemens,SWT-3.6-120,SWT-3.6-120,1.0,Custom offshore wind farms,2015.0
7.786492,55.053799,2015-09-08,DE,1.0,88.0,120.0,3600.0,3600.0,Siemens,Siemens,SWT-3.6-120,SWT-3.6-120,1.0,Custom offshore wind farms,2015.0
7.799922,55.053912,2015-09-08,DE,1.0,88.0,120.0,3600.0,3600.0,Siemens,Siemens,SWT-3.6-120,SWT-3.6-120,1.0,Custom offshore wind farms,2015.0
7.76788999999999,55.0577,2015-09-08,DE,1.0,88.0,120.0,3600.0,3600.0,Siemens,Siemens,SWT-3.6-120,SWT-3.6-120,1.0,Custom offshore wind farms,2015.0
7.778689,55.05888,2015-09-08,DE,1.0,88.0,120.0,3600.0,3600.0,Siemens,Siemens,SWT-3.6-120,SWT-3.6-120,1.0,Custom offshore wind farms,2015.0
7.789024,55.060243,2015-09-08,DE,1.0,88.0,120.0,3600.0,3600.0,Siemens,Siemens,SWT-3.6-120,SWT-3.6-120,1.0,Custom offshore wind farms,2015.0
7.79988699999999,55.06052,2015-09-08,DE,1.0,88.0,120.0,3600.0,3600.0,Siemens,Siemens,SWT-3.6-120,SWT-3.6-120,1.0,Custom offshore wind farms,2015.0
5.807218,54.27608,2020-04-01,DE,1.0,105.0,164.0,8000.0,8000.0,Vestas,Vestas,V164/8000,V164/8000,1.0,Custom offshore wind farms,2020.0
5.79931,54.279574,2020-04-01,DE,1.0,105.0,164.0,8000.0,8000.0,Vestas,Vestas,V164/8000,V164/8000,1.0,Custom offshore wind farms,2020.0
5.792234,54.283622,2020-04-01,DE,1.0,105.0,164.0,8000.0,8000.0,Vestas,Vestas,V164/8000,V164/8000,1.0,Custom offshore wind farms,2020.0
5.809051,54.284167,2020-04-01,DE,1.0,105.0,164.0,8000.0,8000.0,Vestas,Vestas,V164/8000,V164/8000,1.0,Custom offshore wind farms,2020.0
5.803431,54.286287,2020-04-01,DE,1.0,105.0,164.0,8000.0,8000.0,Vestas,Vestas,V164/8000,V164/8000,1.0,Custom offshore wind farms,2020.0
5.818702,54.289934,2020-04-01,DE,1.0,105.0,164.0,8000.0,8000.0,Vestas,Vestas,V164/8000,V164/8000,1.0,Custom offshore wind farms,2020.0
5.775445,54.290007,2020-04-01,DE,1.0,105.0,164.0,8000.0,8000.0,Vestas,Vestas,V164/8000,V164/8000,1.0,Custom offshore wind farms,2020.0
5.793572,54.290338,2020-04-01,DE,1.0,105.0,164.0,8000.0,8000.0,Vestas,Vestas,V164/8000,V164/8000,1.0,Custom offshore wind farms,2020.0
5.808004,54.291333,2020-04-01,DE,1.0,105.0,164.0,8000.0,8000.0,Vestas,Vestas,V164/8000,V164/8000,1.0,Custom offshore wind farms,2020.0
5.767513,54.293356,2020-04-01,DE,1.0,105.0,164.0,8000.0,8000.0,Vestas,Vestas,V164/8000,V164/8000,1.0,Custom offshore wind farms,2020.0
5.778053,54.297352,2020-04-01,DE,1.0,105.0,164.0,8000.0,8000.0,Vestas,Vestas,V164/8000,V164/8000,1.0,Custom offshore wind farms,2020.0
5.760744,54.298308,2020-04-01,DE,1.0,105.0,164.0,8000.0,8000.0,Vestas,Vestas,V164/8000,V164/8000,1.0,Custom offshore wind farms,2020.0
5.7515,54.300316,2020-04-01,DE,1.0,105.0,164.0,8000.0,8000.0,Vestas,Vestas,V164/8000,V164/8000,1.0,Custom offshore wind farms,2020.0
5.79421,54.300705,2020-04-01,DE,1.0,105.0,164.0,8000.0,8000.0,Vestas,Vestas,V164/8000,V164/8000,1.0,Custom offshore wind farms,2020.0
5.806019,54.303069,2020-04-01,DE,1.0,105.0,164.0,8000.0,8000.0,Vestas,Vestas,V164/8000,V164/8000,1.0,Custom offshore wind farms,2020.0
5.771239,54.303482,2020-04-01,DE,1.0,105.0,164.0,8000.0,8000.0,Vestas,Vestas,V164/8000,V164/8000,1.0,Custom offshore wind farms,2020.0
5.744082,54.304118,2020-04-01,DE,1.0,105.0,164.0,8000.0,8000.0,Vestas,Vestas,V164/8000,V164/8000,1.0,Custom offshore wind farms,2020.0
5.793367,54.307588,2020-04-01,DE,1.0,105.0,164.0,8000.0,8000.0,Vestas,Vestas,V164/8000,V164/8000,1.0,Custom offshore wind farms,2020.0
5.765073,54.307992,2020-04-01,DE,1.0,105.0,164.0,8000.0,8000.0,Vestas,Vestas,V164/8000,V164/8000,1.0,Custom offshore wind farms,2020.0
5.755391,54.309674,2020-04-01,DE,1.0,105.0,164.0,8000.0,8000.0,Vestas,Vestas,V164/8000,V164/8000,1.0,Custom offshore wind farms,2020.0
5.805126,54.310823,2020-04-01,DE,1.0,105.0,164.0,8000.0,8000.0,Vestas,Vestas,V164/8000,V164/8000,1.0,Custom offshore wind farms,2020.0
5.77642,54.311543,2020-04-01,DE,1.0,105.0,164.0,8000.0,8000.0,Vestas,Vestas,V164/8000,V164/8000,1.0,Custom offshore wind farms,2020.0
5.817776,54.313289,2020-04-01,DE,1.0,105.0,164.0,8000.0,8000.0,Vestas,Vestas,V164/8000,V164/8000,1.0,Custom offshore wind farms,2020.0
5.797574,54.314399,2020-04-01,DE,1.0,105.0,164.0,8000.0,8000.0,Vestas,Vestas,V164/8000,V164/8000,1.0,Custom offshore wind farms,2020.0
5.767818,54.314954,2020-04-01,DE,1.0,105.0,164.0,8000.0,8000.0,Vestas,Vestas,V164/8000,V164/8000,1.0,Custom offshore wind farms,2020.0
5.808559,54.318323,2020-04-01,DE,1.0,105.0,164.0,8000.0,8000.0,Vestas,Vestas,V164/8000,V164/8000,1.0,Custom offshore wind farms,2020.0
5.780183,54.320266,2020-04-01,DE,1.0,105.0,164.0,8000.0,8000.0,Vestas,Vestas,V164/8000,V164/8000,1.0,Custom offshore wind farms,2020.0
5.798558,54.321331,2020-04-01,DE,1.0,105.0,164.0,8000.0,8000.0,Vestas,Vestas,V164/8000,V164/8000,1.0,Custom offshore wind farms,2020.0
5.809211,54.325588,2020-04-01,DE,1.0,105.0,164.0,8000.0,8000.0,Vestas,Vestas,V164/8000,V164/8000,1.0,Custom offshore wind farms,2020.0
5.804635,54.331033,2020-04-01,DE,1.0,105.0,164.0,8000.0,8000.0,Vestas,Vestas,V164/8000,V164/8000,1.0,Custom offshore wind farms,2020.0
5.816847,54.336454,2020-04-01,DE,1.0,105.0,164.0,8000.0,8000.0,Vestas,Vestas,V164/8000,V164/8000,1.0,Custom offshore wind farms,2020.0
6.39012355439821,54.4616142382385,2014-11-15,DE,1.0,90.0,116.0,5000.0,5000.0,Areva,Areva,M5000-116,M5000-116,1.0,Custom offshore wind farms,2014.0
6.37682002940632,54.4616317031887,2014-11-15,DE,1.0,90.0,116.0,5000.0,5000.0,Areva,Areva,M5000-116,M5000-116,1.0,Custom offshore wind farms,2014.0
6.39209584762705,54.4677252517255,2014-11-15,DE,1.0,90.0,116.0,5000.0,5000.0,Areva,Areva,M5000-116,M5000-116,1.0,Custom offshore wind farms,2014.0
6.37959352918686,54.4677333685486,2014-11-15,DE,1.0,90.0,116.0,5000.0,5000.0,Areva,Areva,M5000-116,M5000-116,1.0,Custom offshore wind farms,2014.0
6.36710666121219,54.4677405272065,2014-11-15,DE,1.0,90.0,116.0,5000.0,5000.0,Areva,Areva,M5000-116,M5000-116,1.0,Custom offshore wind farms,2014.0
6.38717974773614,54.4736604531261,2014-11-15,DE,1.0,90.0,116.0,5000.0,5000.0,Areva,Areva,M5000-116,M5000-116,1.0,Custom offshore wind farms,2014.0
6.3725140633576,54.4736749847378,2014-11-15,DE,1.0,90.0,116.0,5000.0,5000.0,Areva,Areva,M5000-116,M5000-116,1.0,Custom offshore wind farms,2014.0
6.35786326343655,54.473697050501,2014-11-15,DE,1.0,90.0,116.0,5000.0,5000.0,Areva,Areva,M5000-116,M5000-116,1.0,Custom offshore wind farms,2014.0
6.39159211016954,54.4797612817577,2014-11-15,DE,1.0,90.0,116.0,5000.0,5000.0,Areva,Areva,M5000-116,M5000-116,1.0,Custom offshore wind farms,2014.0
6.37724856724326,54.4797743766523,2014-11-15,DE,1.0,90.0,116.0,5000.0,5000.0,Areva,Areva,M5000-116,M5000-116,1.0,Custom offshore wind farms,2014.0
6.36290564926986,54.4797767907177,2014-11-15,DE,1.0,90.0,116.0,5000.0,5000.0,Areva,Areva,M5000-116,M5000-116,1.0,Custom offshore wind farms,2014.0
6.34854678785808,54.4797861410327,2014-11-15,DE,1.0,90.0,116.0,5000.0,5000.0,Areva,Areva,M5000-116,M5000-116,1.0,Custom offshore wind farms,2014.0
6.39473904049082,54.4858706099769,2014-11-15,DE,1.0,90.0,116.0,5000.0,5000.0,Areva,Areva,M5000-116,M5000-116,1.0,Custom offshore wind farms,2014.0
6.38111922600087,54.485881811312,2014-11-15,DE,1.0,90.0,116.0,5000.0,5000.0,Areva,Areva,M5000-116,M5000-116,1.0,Custom offshore wind farms,2014.0
6.36708312423137,54.4858824046929,2014-11-15,DE,1.0,90.0,116.0,5000.0,5000.0,Areva,Areva,M5000-116,M5000-116,1.0,Custom offshore wind farms,2014.0
6.35304649577122,54.4858903449436,2014-11-15,DE,1.0,90.0,116.0,5000.0,5000.0,Areva,Areva,M5000-116,M5000-116,1.0,Custom offshore wind farms,2014.0
6.33899449682485,54.4858963146553,2014-11-15,DE,1.0,90.0,116.0,5000.0,5000.0,Areva,Areva,M5000-116,M5000-116,1.0,Custom offshore wind farms,2014.0
6.39822674437694,54.4919781896307,2014-11-15,DE,1.0,90.0,116.0,5000.0,5000.0,Areva,Areva,M5000-116,M5000-116,1.0,Custom offshore wind farms,2014.0
6.38378693912926,54.4919810435465,2014-11-15,DE,1.0,90.0,116.0,5000.0,5000.0,Areva,Areva,M5000-116,M5000-116,1.0,Custom offshore wind farms,2014.0
6.37020671711779,54.4919927018914,2014-11-15,DE,1.0,90.0,116.0,5000.0,5000.0,Areva,Areva,M5000-116,M5000-116,1.0,Custom offshore wind farms,2014.0
6.35662047339802,54.492001082825,2014-11-15,DE,1.0,90.0,116.0,5000.0,5000.0,Areva,Areva,M5000-116,M5000-116,1.0,Custom offshore wind farms,2014.0
6.32947019293332,54.4920063769747,2014-11-15,DE,1.0,90.0,116.0,5000.0,5000.0,Areva,Areva,M5000-116,M5000-116,1.0,Custom offshore wind farms,2014.0
6.34304501756193,54.4920089813076,2014-11-15,DE,1.0,90.0,116.0,5000.0,5000.0,Areva,Areva,M5000-116,M5000-116,1.0,Custom offshore wind farms,2014.0
6.40051120010635,54.4980777535284,2014-11-15,DE,1.0,90.0,116.0,5000.0,5000.0,Areva,Areva,M5000-116,M5000-116,1.0,Custom offshore wind farms,2014.0
6.38630002839481,54.4980948393775,2014-11-15,DE,1.0,90.0,116.0,5000.0,5000.0,Areva,Areva,M5000-116,M5000-116,1.0,Custom offshore wind farms,2014.0
6.37303151116267,54.4981037796804,2014-11-15,DE,1.0,90.0,116.0,5000.0,5000.0,Areva,Areva,M5000-116,M5000-116,1.0,Custom offshore wind farms,2014.0
6.35974761204299,54.4981109258721,2014-11-15,DE,1.0,90.0,116.0,5000.0,5000.0,Areva,Areva,M5000-116,M5000-116,1.0,Custom offshore wind farms,2014.0
6.31992761715665,54.4981153086136,2014-11-15,DE,1.0,90.0,116.0,5000.0,5000.0,Areva,Areva,M5000-116,M5000-116,1.0,Custom offshore wind farms,2014.0
6.34647918068365,54.4981169503266,2014-11-15,DE,1.0,90.0,116.0,5000.0,5000.0,Areva,Areva,M5000-116,M5000-116,1.0,Custom offshore wind farms,2014.0
6.33319537013432,54.4981211773016,2014-11-15,DE,1.0,90.0,116.0,5000.0,5000.0,Areva,Areva,M5000-116,M5000-116,1.0,Custom offshore wind farms,2014.0
6.40164213714541,54.5041075137921,2014-11-15,DE,1.0,90.0,116.0,5000.0,5000.0,Areva,Areva,M5000-116,M5000-116,1.0,Custom offshore wind farms,2014.0
6.38773854909997,54.5041134239908,2014-11-15,DE,1.0,90.0,116.0,5000.0,5000.0,Areva,Areva,M5000-116,M5000-116,1.0,Custom offshore wind farms,2014.0
6.37385099952464,54.504122000789,2014-11-15,DE,1.0,90.0,116.0,5000.0,5000.0,Areva,Areva,M5000-116,M5000-116,1.0,Custom offshore wind farms,2014.0
6.35996179349533,54.5041300968392,2014-11-15,DE,1.0,90.0,116.0,5000.0,5000.0,Areva,Areva,M5000-116,M5000-116,1.0,Custom offshore wind farms,2014.0
6.34605835155705,54.5041312112848,2014-11-15,DE,1.0,90.0,116.0,5000.0,5000.0,Areva,Areva,M5000-116,M5000-116,1.0,Custom offshore wind farms,2014.0
6.31828189024711,54.5041383030603,2014-11-15,DE,1.0,90.0,116.0,5000.0,5000.0,Areva,Areva,M5000-116,M5000-116,1.0,Custom offshore wind farms,2014.0
6.3321698030341,54.5041400440064,2014-11-15,DE,1.0,90.0,116.0,5000.0,5000.0,Areva,Areva,M5000-116,M5000-116,1.0,Custom offshore wind farms,2014.0
6.40353572489464,54.5102974854279,2014-11-15,DE,1.0,90.0,116.0,5000.0,5000.0,Areva,Areva,M5000-116,M5000-116,1.0,Custom offshore wind farms,2014.0
6.38932087176703,54.5103059023951,2014-11-15,DE,1.0,90.0,116.0,5000.0,5000.0,Areva,Areva,M5000-116,M5000-116,1.0,Custom offshore wind farms,2014.0
6.37512092062488,54.5103219601319,2014-11-15,DE,1.0,90.0,116.0,5000.0,5000.0,Areva,Areva,M5000-116,M5000-116,1.0,Custom offshore wind farms,2014.0
6.36092159238497,54.5103273716231,2014-11-15,DE,1.0,90.0,116.0,5000.0,5000.0,Areva,Areva,M5000-116,M5000-116,1.0,Custom offshore wind farms,2014.0
6.34670688709241,54.510330775954,2014-11-15,DE,1.0,90.0,116.0,5000.0,5000.0,Areva,Areva,M5000-116,M5000-116,1.0,Custom offshore wind farms,2014.0
6.33250766355711,54.5103328488115,2014-11-15,DE,1.0,90.0,116.0,5000.0,5000.0,Areva,Areva,M5000-116,M5000-116,1.0,Custom offshore wind farms,2014.0
6.31830790607829,54.5103422305785,2014-11-15,DE,1.0,90.0,116.0,5000.0,5000.0,Areva,Areva,M5000-116,M5000-116,1.0,Custom offshore wind farms,2014.0
6.40531152825994,54.5164039763461,2014-11-15,DE,1.0,90.0,116.0,5000.0,5000.0,Areva,Areva,M5000-116,M5000-116,1.0,Custom offshore wind farms,2014.0
6.37627464375404,54.5164244009456,2014-11-15,DE,1.0,90.0,116.0,5000.0,5000.0,Areva,Areva,M5000-116,M5000-116,1.0,Custom offshore wind farms,2014.0
6.36176399252622,54.5164321654673,2014-11-15,DE,1.0,90.0,116.0,5000.0,5000.0,Areva,Areva,M5000-116,M5000-116,1.0,Custom offshore wind farms,2014.0
6.34725339351311,54.5164381877218,2014-11-15,DE,1.0,90.0,116.0,5000.0,5000.0,Areva,Areva,M5000-116,M5000-116,1.0,Custom offshore wind farms,2014.0
6.33272741754512,54.5164421271699,2014-11-15,DE,1.0,90.0,116.0,5000.0,5000.0,Areva,Areva,M5000-116,M5000-116,1.0,Custom offshore wind farms,2014.0
6.31821692779085,54.516444663077,2014-11-15,DE,1.0,90.0,116.0,5000.0,5000.0,Areva,Areva,M5000-116,M5000-116,1.0,Custom offshore wind farms,2014.0
6.39060583414472,54.5168065865246,2014-11-15,DE,1.0,90.0,116.0,5000.0,5000.0,Areva,Areva,M5000-116,M5000-116,1.0,Custom offshore wind farms,2014.0
6.40663968027873,54.5225098168614,2014-11-15,DE,1.0,90.0,116.0,5000.0,5000.0,Areva,Areva,M5000-116,M5000-116,1.0,Custom offshore wind farms,2014.0
6.39189467929206,54.5225251860526,2014-11-15,DE,1.0,90.0,116.0,5000.0,5000.0,Areva,Areva,M5000-116,M5000-116,1.0,Custom offshore wind farms,2014.0
6.37713429257631,54.522538421439,2014-11-15,DE,1.0,90.0,116.0,5000.0,5000.0,Areva,Areva,M5000-116,M5000-116,1.0,Custom offshore wind farms,2014.0
6.36238996805749,54.5225412133684,2014-11-15,DE,1.0,90.0,116.0,5000.0,5000.0,Areva,Areva,M5000-116,M5000-116,1.0,Custom offshore wind farms,2014.0
6.33288547486025,54.522550038106,2014-11-15,DE,1.0,90.0,116.0,5000.0,5000.0,Areva,Areva,M5000-116,M5000-116,1.0,Custom offshore wind farms,2014.0
6.34764511888562,54.5225511841397,2014-11-15,DE,1.0,90.0,116.0,5000.0,5000.0,Areva,Areva,M5000-116,M5000-116,1.0,Custom offshore wind farms,2014.0
6.31814073617089,54.522556409403,2014-11-15,DE,1.0,90.0,116.0,5000.0,5000.0,Areva,Areva,M5000-116,M5000-116,1.0,Custom offshore wind farms,2014.0
6.41010124745097,54.5286164114476,2014-11-15,DE,1.0,90.0,116.0,5000.0,5000.0,Areva,Areva,M5000-116,M5000-116,1.0,Custom offshore wind farms,2014.0
6.39479776088894,54.5286291812647,2014-11-15,DE,1.0,90.0,116.0,5000.0,5000.0,Areva,Areva,M5000-116,M5000-116,1.0,Custom offshore wind farms,2014.0
6.3795097640783,54.5286403481467,2014-11-15,DE,1.0,90.0,116.0,5000.0,5000.0,Areva,Areva,M5000-116,M5000-116,1.0,Custom offshore wind farms,2014.0
6.36422182256411,54.5286495813755,2014-11-15,DE,1.0,90.0,116.0,5000.0,5000.0,Areva,Areva,M5000-116,M5000-116,1.0,Custom offshore wind farms,2014.0
6.34893393815841,54.5286568809652,2014-11-15,DE,1.0,90.0,116.0,5000.0,5000.0,Areva,Areva,M5000-116,M5000-116,1.0,Custom offshore wind farms,2014.0
6.33363067733509,54.5286619064422,2014-11-15,DE,1.0,90.0,116.0,5000.0,5000.0,Areva,Areva,M5000-116,M5000-116,1.0,Custom offshore wind farms,2014.0
6.31834291277348,54.5286653368466,2014-11-15,DE,1.0,90.0,116.0,5000.0,5000.0,Areva,Areva,M5000-116,M5000-116,1.0,Custom offshore wind farms,2014.0
6.40991519919068,54.5347257051518,2014-11-15,DE,1.0,90.0,116.0,5000.0,5000.0,Areva,Areva,M5000-116,M5000-116,1.0,Custom offshore wind farms,2014.0
6.3946248647588,54.5347387590383,2014-11-15,DE,1.0,90.0,116.0,5000.0,5000.0,Areva,Areva,M5000-116,M5000-116,1.0,Custom offshore wind farms,2014.0
6.37931914564332,54.5347495441422,2014-11-15,DE,1.0,90.0,116.0,5000.0,5000.0,Areva,Areva,M5000-116,M5000-116,1.0,Custom offshore wind farms,2014.0
6.36402892025047,54.534758727891,2014-11-15,DE,1.0,90.0,116.0,5000.0,5000.0,Areva,Areva,M5000-116,M5000-116,1.0,Custom offshore wind farms,2014.0
6.34873875200549,54.5347659775674,2014-11-15,DE,1.0,90.0,116.0,5000.0,5000.0,Areva,Areva,M5000-116,M5000-116,1.0,Custom offshore wind farms,2014.0
6.33343320508077,54.5347709526472,2014-11-15,DE,1.0,90.0,116.0,5000.0,5000.0,Areva,Areva,M5000-116,M5000-116,1.0,Custom offshore wind farms,2014.0
6.31814315676151,54.5347743322713,2014-11-15,DE,1.0,90.0,116.0,5000.0,5000.0,Areva,Areva,M5000-116,M5000-116,1.0,Custom offshore wind farms,2014.0
6.41582130920358,54.5408305161242,2014-11-15,DE,1.0,90.0,116.0,5000.0,5000.0,Areva,Areva,M5000-116,M5000-116,1.0,Custom offshore wind farms,2014.0
6.40187372851144,54.5408462351719,2014-11-15,DE,1.0,90.0,116.0,5000.0,5000.0,Areva,Areva,M5000-116,M5000-116,1.0,Custom offshore wind farms,2014.0
6.38791074891993,54.5408600113843,2014-11-15,DE,1.0,90.0,116.0,5000.0,5000.0,Areva,Areva,M5000-116,M5000-116,1.0,Custom offshore wind farms,2014.0
6.37396383003713,54.5408635325519,2014-11-15,DE,1.0,90.0,116.0,5000.0,5000.0,Areva,Areva,M5000-116,M5000-116,1.0,Custom offshore wind farms,2014.0
6.360016381854,54.5408744222761,2014-11-15,DE,1.0,90.0,116.0,5000.0,5000.0,Areva,Areva,M5000-116,M5000-116,1.0,Custom offshore wind farms,2014.0
6.34606956247306,54.5408747253468,2014-11-15,DE,1.0,90.0,116.0,5000.0,5000.0,Areva,Areva,M5000-116,M5000-116,1.0,Custom offshore wind farms,2014.0
6.33212221042067,54.5408823967946,2014-11-15,DE,1.0,90.0,116.0,5000.0,5000.0,Areva,Areva,M5000-116,M5000-116,1.0,Custom offshore wind farms,2014.0
6.31817490696691,54.5408884590701,2014-11-15,DE,1.0,90.0,116.0,5000.0,5000.0,Areva,Areva,M5000-116,M5000-116,1.0,Custom offshore wind farms,2014.0
6.952766,53.981939,2017-06-01,DE,1.0,110.0,154.0,6000.0,6000.0,Siemens,Siemens,SWT-6.0-154,SWT-6.0-154,1.0,Custom offshore wind farms,2017.0
6.964258,53.983606,2017-06-01,DE,1.0,110.0,154.0,6000.0,6000.0,Siemens,Siemens,SWT-6.0-154,SWT-6.0-154,1.0,Custom offshore wind farms,2017.0
6.977285,53.98548,2017-06-01,DE,1.0,110.0,154.0,6000.0,6000.0,Siemens,Siemens,SWT-6.0-154,SWT-6.0-154,1.0,Custom offshore wind farms,2017.0
6.997414,53.988403,2017-06-01,DE,1.0,110.0,154.0,6000.0,6000.0,Siemens,Siemens,SWT-6.0-154,SWT-6.0-154,1.0,Custom offshore wind farms,2017.0
6.964971,53.990724,2017-06-01,DE,1.0,110.0,154.0,6000.0,6000.0,Siemens,Siemens,SWT-6.0-154,SWT-6.0-154,1.0,Custom offshore wind farms,2017.0
7.015297,53.991011,2017-06-01,DE,1.0,110.0,154.0,6000.0,6000.0,Siemens,Siemens,SWT-6.0-154,SWT-6.0-154,1.0,Custom offshore wind farms,2017.0
6.988175,53.992451,2017-06-01,DE,1.0,110.0,154.0,6000.0,6000.0,Siemens,Siemens,SWT-6.0-154,SWT-6.0-154,1.0,Custom offshore wind farms,2017.0
7.033751,53.993666,2017-06-01,DE,1.0,110.0,154.0,6000.0,6000.0,Siemens,Siemens,SWT-6.0-154,SWT-6.0-154,1.0,Custom offshore wind farms,2017.0
6.941861,53.993828,2017-06-01,DE,1.0,110.0,154.0,6000.0,6000.0,Siemens,Siemens,SWT-6.0-154,SWT-6.0-154,1.0,Custom offshore wind farms,2017.0
6.95592,53.99529,2017-06-01,DE,1.0,110.0,154.0,6000.0,6000.0,Siemens,Siemens,SWT-6.0-154,SWT-6.0-154,1.0,Custom offshore wind farms,2017.0
7.045361,53.995317,2017-06-01,DE,1.0,110.0,154.0,6000.0,6000.0,Siemens,Siemens,SWT-6.0-154,SWT-6.0-154,1.0,Custom offshore wind farms,2017.0
6.981055,53.9957449999999,2017-06-01,DE,1.0,110.0,154.0,6000.0,6000.0,Siemens,Siemens,SWT-6.0-154,SWT-6.0-154,1.0,Custom offshore wind farms,2017.0
7.004763,53.997787,2017-06-01,DE,1.0,110.0,154.0,6000.0,6000.0,Siemens,Siemens,SWT-6.0-154,SWT-6.0-154,1.0,Custom offshore wind farms,2017.0
7.067576,53.998571,2017-06-01,DE,1.0,110.0,154.0,6000.0,6000.0,Siemens,Siemens,SWT-6.0-154,SWT-6.0-154,1.0,Custom offshore wind farms,2017.0
7.055846,54.000917,2017-06-01,DE,1.0,110.0,154.0,6000.0,6000.0,Siemens,Siemens,SWT-6.0-154,SWT-6.0-154,1.0,Custom offshore wind farms,2017.0
7.021782,54.00128,2017-06-01,DE,1.0,110.0,154.0,6000.0,6000.0,Siemens,Siemens,SWT-6.0-154,SWT-6.0-154,1.0,Custom offshore wind farms,2017.0
6.941855,54.00166,2017-06-01,DE,1.0,110.0,154.0,6000.0,6000.0,Siemens,Siemens,SWT-6.0-154,SWT-6.0-154,1.0,Custom offshore wind farms,2017.0
6.996979,54.0022089999999,2017-06-01,DE,1.0,110.0,154.0,6000.0,6000.0,Siemens,Siemens,SWT-6.0-154,SWT-6.0-154,1.0,Custom offshore wind farms,2017.0
6.98335,54.004112,2017-06-01,DE,1.0,110.0,154.0,6000.0,6000.0,Siemens,Siemens,SWT-6.0-154,SWT-6.0-154,1.0,Custom offshore wind farms,2017.0
7.03365,54.004222,2017-06-01,DE,1.0,110.0,154.0,6000.0,6000.0,Siemens,Siemens,SWT-6.0-154,SWT-6.0-154,1.0,Custom offshore wind farms,2017.0
6.964283,54.0054939999999,2017-06-01,DE,1.0,110.0,154.0,6000.0,6000.0,Siemens,Siemens,SWT-6.0-154,SWT-6.0-154,1.0,Custom offshore wind farms,2017.0
7.015686,54.008037,2017-06-01,DE,1.0,110.0,154.0,6000.0,6000.0,Siemens,Siemens,SWT-6.0-154,SWT-6.0-154,1.0,Custom offshore wind farms,2017.0
7.046927,54.009033,2017-06-01,DE,1.0,110.0,154.0,6000.0,6000.0,Siemens,Siemens,SWT-6.0-154,SWT-6.0-154,1.0,Custom offshore wind farms,2017.0
7.031743,54.010933,2017-06-01,DE,1.0,110.0,154.0,6000.0,6000.0,Siemens,Siemens,SWT-6.0-154,SWT-6.0-154,1.0,Custom offshore wind farms,2017.0
6.951747,54.01099,2017-06-01,DE,1.0,110.0,154.0,6000.0,6000.0,Siemens,Siemens,SWT-6.0-154,SWT-6.0-154,1.0,Custom offshore wind farms,2017.0
7.005995,54.011335,2017-06-01,DE,1.0,110.0,154.0,6000.0,6000.0,Siemens,Siemens,SWT-6.0-154,SWT-6.0-154,1.0,Custom offshore wind farms,2017.0
6.97849799999999,54.013902,2017-06-01,DE,1.0,110.0,154.0,6000.0,6000.0,Siemens,Siemens,SWT-6.0-154,SWT-6.0-154,1.0,Custom offshore wind farms,2017.0
6.943498,54.013915,2017-06-01,DE,1.0,110.0,154.0,6000.0,6000.0,Siemens,Siemens,SWT-6.0-154,SWT-6.0-154,1.0,Custom offshore wind farms,2017.0
6.959936,54.015951,2017-06-01,DE,1.0,110.0,154.0,6000.0,6000.0,Siemens,Siemens,SWT-6.0-154,SWT-6.0-154,1.0,Custom offshore wind farms,2017.0
7.02922899999999,54.019919,2017-06-01,DE,1.0,110.0,154.0,6000.0,6000.0,Siemens,Siemens,SWT-6.0-154,SWT-6.0-154,1.0,Custom offshore wind farms,2017.0
7.013805,54.020523,2017-06-01,DE,1.0,110.0,154.0,6000.0,6000.0,Siemens,Siemens,SWT-6.0-154,SWT-6.0-154,1.0,Custom offshore wind farms,2017.0
6.943821,54.020702,2017-06-01,DE,1.0,110.0,154.0,6000.0,6000.0,Siemens,Siemens,SWT-6.0-154,SWT-6.0-154,1.0,Custom offshore wind farms,2017.0
6.96781799999999,54.0207189999999,2017-06-01,DE,1.0,110.0,154.0,6000.0,6000.0,Siemens,Siemens,SWT-6.0-154,SWT-6.0-154,1.0,Custom offshore wind farms,2017.0
6.95672,54.021281,2017-06-01,DE,1.0,110.0,154.0,6000.0,6000.0,Siemens,Siemens,SWT-6.0-154,SWT-6.0-154,1.0,Custom offshore wind farms,2017.0
6.991656,54.021678,2017-06-01,DE,1.0,110.0,154.0,6000.0,6000.0,Siemens,Siemens,SWT-6.0-154,SWT-6.0-154,1.0,Custom offshore wind farms,2017.0
6.95857899999999,54.027431,2017-06-01,DE,1.0,110.0,154.0,6000.0,6000.0,Siemens,Siemens,SWT-6.0-154,SWT-6.0-154,1.0,Custom offshore wind farms,2017.0
6.942775,54.028246,2017-06-01,DE,1.0,110.0,154.0,6000.0,6000.0,Siemens,Siemens,SWT-6.0-154,SWT-6.0-154,1.0,Custom offshore wind farms,2017.0
7.009556,54.03103,2017-06-01,DE,1.0,110.0,154.0,6000.0,6000.0,Siemens,Siemens,SWT-6.0-154,SWT-6.0-154,1.0,Custom offshore wind farms,2017.0
6.97406999999999,54.031848,2017-06-01,DE,1.0,110.0,154.0,6000.0,6000.0,Siemens,Siemens,SWT-6.0-154,SWT-6.0-154,1.0,Custom offshore wind farms,2017.0
6.95039299999999,54.032703,2017-06-01,DE,1.0,110.0,154.0,6000.0,6000.0,Siemens,Siemens,SWT-6.0-154,SWT-6.0-154,1.0,Custom offshore wind farms,2017.0
6.968914,54.036338,2017-06-01,DE,1.0,110.0,154.0,6000.0,6000.0,Siemens,Siemens,SWT-6.0-154,SWT-6.0-154,1.0,Custom offshore wind farms,2017.0
6.942749,54.037566,2017-06-01,DE,1.0,110.0,154.0,6000.0,6000.0,Siemens,Siemens,SWT-6.0-154,SWT-6.0-154,1.0,Custom offshore wind farms,2017.0
6.979779,54.038525,2017-06-01,DE,1.0,110.0,154.0,6000.0,6000.0,Siemens,Siemens,SWT-6.0-154,SWT-6.0-154,1.0,Custom offshore wind farms,2017.0
6.991067,54.042517,2017-06-01,DE,1.0,110.0,154.0,6000.0,6000.0,Siemens,Siemens,SWT-6.0-154,SWT-6.0-154,1.0,Custom offshore wind farms,2017.0
6.956846,54.042641,2017-06-01,DE,1.0,110.0,154.0,6000.0,6000.0,Siemens,Siemens,SWT-6.0-154,SWT-6.0-154,1.0,Custom offshore wind farms,2017.0
6.972902,54.042919,2017-06-01,DE,1.0,110.0,154.0,6000.0,6000.0,Siemens,Siemens,SWT-6.0-154,SWT-6.0-154,1.0,Custom offshore wind farms,2017.0
6.984281,54.046142,2017-06-01,DE,1.0,110.0,154.0,6000.0,6000.0,Siemens,Siemens,SWT-6.0-154,SWT-6.0-154,1.0,Custom offshore wind farms,2017.0
6.950666,54.047176,2017-06-01,DE,1.0,110.0,154.0,6000.0,6000.0,Siemens,Siemens,SWT-6.0-154,SWT-6.0-154,1.0,Custom offshore wind farms,2017.0
6.966015,54.048224,2017-06-01,DE,1.0,110.0,154.0,6000.0,6000.0,Siemens,Siemens,SWT-6.0-154,SWT-6.0-154,1.0,Custom offshore wind farms,2017.0
6.94407,54.051523,2017-06-01,DE,1.0,110.0,154.0,6000.0,6000.0,Siemens,Siemens,SWT-6.0-154,SWT-6.0-154,1.0,Custom offshore wind farms,2017.0
6.954878,54.053214,2017-06-01,DE,1.0,110.0,154.0,6000.0,6000.0,Siemens,Siemens,SWT-6.0-154,SWT-6.0-154,1.0,Custom offshore wind farms,2017.0
6.96766799999999,54.05497,2017-06-01,DE,1.0,110.0,154.0,6000.0,6000.0,Siemens,Siemens,SWT-6.0-154,SWT-6.0-154,1.0,Custom offshore wind farms,2017.0
6.94433699999999,54.057548,2017-06-01,DE,1.0,110.0,154.0,6000.0,6000.0,Siemens,Siemens,SWT-6.0-154,SWT-6.0-154,1.0,Custom offshore wind farms,2017.0
6.957921,54.05983,2017-06-01,DE,1.0,110.0,154.0,6000.0,6000.0,Siemens,Siemens,SWT-6.0-154,SWT-6.0-154,1.0,Custom offshore wind farms,2017.0
6.942896,54.064965,2017-06-01,DE,1.0,110.0,154.0,6000.0,6000.0,Siemens,Siemens,SWT-6.0-154,SWT-6.0-154,1.0,Custom offshore wind farms,2017.0
7.00821799999999,54.044408,2017-06-01,DE,1.0,110.0,154.0,6000.0,6000.0,Siemens,Siemens,SWT-6.0-154,SWT-6.0-154,1.0,Custom offshore wind farms,2017.0
6.997143,54.050316,2017-06-01,DE,1.0,110.0,154.0,6000.0,6000.0,Siemens,Siemens,SWT-6.0-154,SWT-6.0-154,1.0,Custom offshore wind farms,2017.0
7.018379,54.050366,2017-06-01,DE,1.0,110.0,154.0,6000.0,6000.0,Siemens,Siemens,SWT-6.0-154,SWT-6.0-154,1.0,Custom offshore wind farms,2017.0
6.986047,54.056229,2017-06-01,DE,1.0,110.0,154.0,6000.0,6000.0,Siemens,Siemens,SWT-6.0-154,SWT-6.0-154,1.0,Custom offshore wind farms,2017.0
7.028553,54.056319,2017-06-01,DE,1.0,110.0,154.0,6000.0,6000.0,Siemens,Siemens,SWT-6.0-154,SWT-6.0-154,1.0,Custom offshore wind farms,2017.0
7.007426,54.056344,2017-06-01,DE,1.0,110.0,154.0,6000.0,6000.0,Siemens,Siemens,SWT-6.0-154,SWT-6.0-154,1.0,Custom offshore wind farms,2017.0
6.974961,54.0621199999999,2017-06-01,DE,1.0,110.0,154.0,6000.0,6000.0,Siemens,Siemens,SWT-6.0-154,SWT-6.0-154,1.0,Custom offshore wind farms,2017.0
6.996114,54.062148,2017-06-01,DE,1.0,110.0,154.0,6000.0,6000.0,Siemens,Siemens,SWT-6.0-154,SWT-6.0-154,1.0,Custom offshore wind farms,2017.0
7.038708,54.062273,2017-06-01,DE,1.0,110.0,154.0,6000.0,6000.0,Siemens,Siemens,SWT-6.0-154,SWT-6.0-154,1.0,Custom offshore wind farms,2017.0
7.017714,54.06238,2017-06-01,DE,1.0,110.0,154.0,6000.0,6000.0,Siemens,Siemens,SWT-6.0-154,SWT-6.0-154,1.0,Custom offshore wind farms,2017.0
6.965577,54.06712,2017-06-01,DE,1.0,110.0,154.0,6000.0,6000.0,Siemens,Siemens,SWT-6.0-154,SWT-6.0-154,1.0,Custom offshore wind farms,2017.0
6.985038,54.068038,2017-06-01,DE,1.0,110.0,154.0,6000.0,6000.0,Siemens,Siemens,SWT-6.0-154,SWT-6.0-154,1.0,Custom offshore wind farms,2017.0
7.006205,54.068066,2017-06-01,DE,1.0,110.0,154.0,6000.0,6000.0,Siemens,Siemens,SWT-6.0-154,SWT-6.0-154,1.0,Custom offshore wind farms,2017.0
7.048878,54.06821,2017-06-01,DE,1.0,110.0,154.0,6000.0,6000.0,Siemens,Siemens,SWT-6.0-154,SWT-6.0-154,1.0,Custom offshore wind farms,2017.0
7.028001,54.068413,2017-06-01,DE,1.0,110.0,154.0,6000.0,6000.0,Siemens,Siemens,SWT-6.0-154,SWT-6.0-154,1.0,Custom offshore wind farms,2017.0
6.959459,54.07279,2017-06-01,DE,1.0,110.0,154.0,6000.0,6000.0,Siemens,Siemens,SWT-6.0-154,SWT-6.0-154,1.0,Custom offshore wind farms,2017.0
6.973945,54.073941,2017-06-01,DE,1.0,110.0,154.0,6000.0,6000.0,Siemens,Siemens,SWT-6.0-154,SWT-6.0-154,1.0,Custom offshore wind farms,2017.0
6.99511,54.073958,2017-06-01,DE,1.0,110.0,154.0,6000.0,6000.0,Siemens,Siemens,SWT-6.0-154,SWT-6.0-154,1.0,Custom offshore wind farms,2017.0
7.016292,54.073973,2017-06-01,DE,1.0,110.0,154.0,6000.0,6000.0,Siemens,Siemens,SWT-6.0-154,SWT-6.0-154,1.0,Custom offshore wind farms,2017.0
7.038288,54.074436,2017-06-01,DE,1.0,110.0,154.0,6000.0,6000.0,Siemens,Siemens,SWT-6.0-154,SWT-6.0-154,1.0,Custom offshore wind farms,2017.0
7.059471,54.074439,2017-06-01,DE,1.0,110.0,154.0,6000.0,6000.0,Siemens,Siemens,SWT-6.0-154,SWT-6.0-154,1.0,Custom offshore wind farms,2017.0
6.94166,54.079837,2017-06-01,DE,1.0,110.0,154.0,6000.0,6000.0,Siemens,Siemens,SWT-6.0-154,SWT-6.0-154,1.0,Custom offshore wind farms,2017.0
6.962843,54.079859,2017-06-01,DE,1.0,110.0,154.0,6000.0,6000.0,Siemens,Siemens,SWT-6.0-154,SWT-6.0-154,1.0,Custom offshore wind farms,2017.0
6.98401499999999,54.079874,2017-06-01,DE,1.0,110.0,154.0,6000.0,6000.0,Siemens,Siemens,SWT-6.0-154,SWT-6.0-154,1.0,Custom offshore wind farms,2017.0
7.005203,54.07988,2017-06-01,DE,1.0,110.0,154.0,6000.0,6000.0,Siemens,Siemens,SWT-6.0-154,SWT-6.0-154,1.0,Custom offshore wind farms,2017.0
7.02637599999999,54.079883,2017-06-01,DE,1.0,110.0,154.0,6000.0,6000.0,Siemens,Siemens,SWT-6.0-154,SWT-6.0-154,1.0,Custom offshore wind farms,2017.0
7.07006,54.080662,2017-06-01,DE,1.0,110.0,154.0,6000.0,6000.0,Siemens,Siemens,SWT-6.0-154,SWT-6.0-154,1.0,Custom offshore wind farms,2017.0
7.048886,54.080668,2017-06-01,DE,1.0,110.0,154.0,6000.0,6000.0,Siemens,Siemens,SWT-6.0-154,SWT-6.0-154,1.0,Custom offshore wind farms,2017.0
6.952234,54.086075,2017-06-01,DE,1.0,110.0,154.0,6000.0,6000.0,Siemens,Siemens,SWT-6.0-154,SWT-6.0-154,1.0,Custom offshore wind farms,2017.0
6.973412,54.086091,2017-06-01,DE,1.0,110.0,154.0,6000.0,6000.0,Siemens,Siemens,SWT-6.0-154,SWT-6.0-154,1.0,Custom offshore wind farms,2017.0
6.99460399999999,54.086105,2017-06-01,DE,1.0,110.0,154.0,6000.0,6000.0,Siemens,Siemens,SWT-6.0-154,SWT-6.0-154,1.0,Custom offshore wind farms,2017.0
7.01577,54.086108,2017-06-01,DE,1.0,110.0,154.0,6000.0,6000.0,Siemens,Siemens,SWT-6.0-154,SWT-6.0-154,1.0,Custom offshore wind farms,2017.0
7.03694499999999,54.08613,2017-06-01,DE,1.0,110.0,154.0,6000.0,6000.0,Siemens,Siemens,SWT-6.0-154,SWT-6.0-154,1.0,Custom offshore wind farms,2017.0
7.080652,54.086885,2017-06-01,DE,1.0,110.0,154.0,6000.0,6000.0,Siemens,Siemens,SWT-6.0-154,SWT-6.0-154,1.0,Custom offshore wind farms,2017.0
7.059466,54.086893,2017-06-01,DE,1.0,110.0,154.0,6000.0,6000.0,Siemens,Siemens,SWT-6.0-154,SWT-6.0-154,1.0,Custom offshore wind farms,2017.0
7.005091,54.092282,2017-06-01,DE,1.0,110.0,154.0,6000.0,6000.0,Siemens,Siemens,SWT-6.0-154,SWT-6.0-154,1.0,Custom offshore wind farms,2017.0
6.94162899999999,54.092296,2017-06-01,DE,1.0,110.0,154.0,6000.0,6000.0,Siemens,Siemens,SWT-6.0-154,SWT-6.0-154,1.0,Custom offshore wind farms,2017.0
6.96280399999999,54.092311,2017-06-01,DE,1.0,110.0,154.0,6000.0,6000.0,Siemens,Siemens,SWT-6.0-154,SWT-6.0-154,1.0,Custom offshore wind farms,2017.0
6.983997,54.092321,2017-06-01,DE,1.0,110.0,154.0,6000.0,6000.0,Siemens,Siemens,SWT-6.0-154,SWT-6.0-154,1.0,Custom offshore wind farms,2017.0
7.026367,54.092337,2017-06-01,DE,1.0,110.0,154.0,6000.0,6000.0,Siemens,Siemens,SWT-6.0-154,SWT-6.0-154,1.0,Custom offshore wind farms,2017.0
7.047637,54.09238,2017-06-01,DE,1.0,110.0,154.0,6000.0,6000.0,Siemens,Siemens,SWT-6.0-154,SWT-6.0-154,1.0,Custom offshore wind farms,2017.0
7.070073,54.093122,2017-06-01,DE,1.0,110.0,154.0,6000.0,6000.0,Siemens,Siemens,SWT-6.0-154,SWT-6.0-154,1.0,Custom offshore wind farms,2017.0
6.368348,54.389706,2019-08-13,DE,1.0,105.0,154.0,7000.0,7000.0,Siemens,Siemens,SWT-7.0-154,SWT-7.0-154,1.0,Custom offshore wind farms,2019.0
6.360733,54.394816,2019-08-13,DE,1.0,105.0,154.0,7000.0,7000.0,Siemens,Siemens,SWT-7.0-154,SWT-7.0-154,1.0,Custom offshore wind farms,2019.0
6.370645,54.397372,2019-08-13,DE,1.0,105.0,154.0,7000.0,7000.0,Siemens,Siemens,SWT-7.0-154,SWT-7.0-154,1.0,Custom offshore wind farms,2019.0
6.35466,54.398758,2019-08-13,DE,1.0,105.0,154.0,7000.0,7000.0,Siemens,Siemens,SWT-7.0-154,SWT-7.0-154,1.0,Custom offshore wind farms,2019.0
6.348576,54.40269,2019-08-13,DE,1.0,105.0,154.0,7000.0,7000.0,Siemens,Siemens,SWT-7.0-154,SWT-7.0-154,1.0,Custom offshore wind farms,2019.0
6.372612,54.403645,2019-08-13,DE,1.0,105.0,154.0,7000.0,7000.0,Siemens,Siemens,SWT-7.0-154,SWT-7.0-154,1.0,Custom offshore wind farms,2019.0
6.359614,54.405342,2019-08-13,DE,1.0,105.0,154.0,7000.0,7000.0,Siemens,Siemens,SWT-7.0-154,SWT-7.0-154,1.0,Custom offshore wind farms,2019.0
6.342499,54.406632,2019-08-13,DE,1.0,105.0,154.0,7000.0,7000.0,Siemens,Siemens,SWT-7.0-154,SWT-7.0-154,1.0,Custom offshore wind farms,2019.0
6.355038,54.409602,2019-08-13,DE,1.0,105.0,154.0,7000.0,7000.0,Siemens,Siemens,SWT-7.0-154,SWT-7.0-154,1.0,Custom offshore wind farms,2019.0
6.374406,54.40989,2019-08-13,DE,1.0,105.0,154.0,7000.0,7000.0,Siemens,Siemens,SWT-7.0-154,SWT-7.0-154,1.0,Custom offshore wind farms,2019.0
6.336415,54.410574,2019-08-13,DE,1.0,105.0,154.0,7000.0,7000.0,Siemens,Siemens,SWT-7.0-154,SWT-7.0-154,1.0,Custom offshore wind farms,2019.0
6.365353,54.4134069999999,2019-08-13,DE,1.0,105.0,154.0,7000.0,7000.0,Siemens,Siemens,SWT-7.0-154,SWT-7.0-154,1.0,Custom offshore wind farms,2019.0
6.330319,54.414506,2019-08-13,DE,1.0,105.0,154.0,7000.0,7000.0,Siemens,Siemens,SWT-7.0-154,SWT-7.0-154,1.0,Custom offshore wind farms,2019.0
6.37664,54.416184,2019-08-13,DE,1.0,105.0,154.0,7000.0,7000.0,Siemens,Siemens,SWT-7.0-154,SWT-7.0-154,1.0,Custom offshore wind farms,2019.0
6.342848,54.417711,2019-08-13,DE,1.0,105.0,154.0,7000.0,7000.0,Siemens,Siemens,SWT-7.0-154,SWT-7.0-154,1.0,Custom offshore wind farms,2019.0
6.359964,54.417824,2019-08-13,DE,1.0,105.0,154.0,7000.0,7000.0,Siemens,Siemens,SWT-7.0-154,SWT-7.0-154,1.0,Custom offshore wind farms,2019.0
6.324234,54.418438,2019-08-13,DE,1.0,105.0,154.0,7000.0,7000.0,Siemens,Siemens,SWT-7.0-154,SWT-7.0-154,1.0,Custom offshore wind farms,2019.0
6.318154,54.422373,2019-08-13,DE,1.0,105.0,154.0,7000.0,7000.0,Siemens,Siemens,SWT-7.0-154,SWT-7.0-154,1.0,Custom offshore wind farms,2019.0
6.378757,54.422511,2019-08-13,DE,1.0,105.0,154.0,7000.0,7000.0,Siemens,Siemens,SWT-7.0-154,SWT-7.0-154,1.0,Custom offshore wind farms,2019.0
6.356049,54.424034,2019-08-13,DE,1.0,105.0,154.0,7000.0,7000.0,Siemens,Siemens,SWT-7.0-154,SWT-7.0-154,1.0,Custom offshore wind farms,2019.0
6.329048,54.424907,2019-08-13,DE,1.0,105.0,154.0,7000.0,7000.0,Siemens,Siemens,SWT-7.0-154,SWT-7.0-154,1.0,Custom offshore wind farms,2019.0
6.369433,54.425702,2019-08-13,DE,1.0,105.0,154.0,7000.0,7000.0,Siemens,Siemens,SWT-7.0-154,SWT-7.0-154,1.0,Custom offshore wind farms,2019.0
6.318769,54.428501,2019-08-13,DE,1.0,105.0,154.0,7000.0,7000.0,Siemens,Siemens,SWT-7.0-154,SWT-7.0-154,1.0,Custom offshore wind farms,2019.0
6.380622,54.428896,2019-08-13,DE,1.0,105.0,154.0,7000.0,7000.0,Siemens,Siemens,SWT-7.0-154,SWT-7.0-154,1.0,Custom offshore wind farms,2019.0
6.350666,54.42953,2019-08-13,DE,1.0,105.0,154.0,7000.0,7000.0,Siemens,Siemens,SWT-7.0-154,SWT-7.0-154,1.0,Custom offshore wind farms,2019.0
6.340103,54.432017,2019-08-13,DE,1.0,105.0,154.0,7000.0,7000.0,Siemens,Siemens,SWT-7.0-154,SWT-7.0-154,1.0,Custom offshore wind farms,2019.0
6.370832,54.432525,2019-08-13,DE,1.0,105.0,154.0,7000.0,7000.0,Siemens,Siemens,SWT-7.0-154,SWT-7.0-154,1.0,Custom offshore wind farms,2019.0
6.301954,54.4328819999999,2019-08-13,DE,1.0,105.0,154.0,7000.0,7000.0,Siemens,Siemens,SWT-7.0-154,SWT-7.0-154,1.0,Custom offshore wind farms,2019.0
6.325068,54.43422,2019-08-13,DE,1.0,105.0,154.0,7000.0,7000.0,Siemens,Siemens,SWT-7.0-154,SWT-7.0-154,1.0,Custom offshore wind farms,2019.0
6.382465,54.435323,2019-08-13,DE,1.0,105.0,154.0,7000.0,7000.0,Siemens,Siemens,SWT-7.0-154,SWT-7.0-154,1.0,Custom offshore wind farms,2019.0
6.365001,54.436338,2019-08-13,DE,1.0,105.0,154.0,7000.0,7000.0,Siemens,Siemens,SWT-7.0-154,SWT-7.0-154,1.0,Custom offshore wind farms,2019.0
6.295962,54.436752,2019-08-13,DE,1.0,105.0,154.0,7000.0,7000.0,Siemens,Siemens,SWT-7.0-154,SWT-7.0-154,1.0,Custom offshore wind farms,2019.0
6.347722,54.437468,2019-08-13,DE,1.0,105.0,154.0,7000.0,7000.0,Siemens,Siemens,SWT-7.0-154,SWT-7.0-154,1.0,Custom offshore wind farms,2019.0
6.33258,54.439446,2019-08-13,DE,1.0,105.0,154.0,7000.0,7000.0,Siemens,Siemens,SWT-7.0-154,SWT-7.0-154,1.0,Custom offshore wind farms,2019.0
6.289952,54.440618,2019-08-13,DE,1.0,105.0,154.0,7000.0,7000.0,Siemens,Siemens,SWT-7.0-154,SWT-7.0-154,1.0,Custom offshore wind farms,2019.0
6.384583,54.44158,2019-08-13,DE,1.0,105.0,154.0,7000.0,7000.0,Siemens,Siemens,SWT-7.0-154,SWT-7.0-154,1.0,Custom offshore wind farms,2019.0
6.367836,54.442579,2019-08-13,DE,1.0,105.0,154.0,7000.0,7000.0,Siemens,Siemens,SWT-7.0-154,SWT-7.0-154,1.0,Custom offshore wind farms,2019.0
6.300542,54.443156,2019-08-13,DE,1.0,105.0,154.0,7000.0,7000.0,Siemens,Siemens,SWT-7.0-154,SWT-7.0-154,1.0,Custom offshore wind farms,2019.0
6.355588,54.444086,2019-08-13,DE,1.0,105.0,154.0,7000.0,7000.0,Siemens,Siemens,SWT-7.0-154,SWT-7.0-154,1.0,Custom offshore wind farms,2019.0
6.343138,54.444479,2019-08-13,DE,1.0,105.0,154.0,7000.0,7000.0,Siemens,Siemens,SWT-7.0-154,SWT-7.0-154,1.0,Custom offshore wind farms,2019.0
6.283962,54.444486,2019-08-13,DE,1.0,105.0,154.0,7000.0,7000.0,Siemens,Siemens,SWT-7.0-154,SWT-7.0-154,1.0,Custom offshore wind farms,2019.0
6.378421,54.445448,2019-08-13,DE,1.0,105.0,154.0,7000.0,7000.0,Siemens,Siemens,SWT-7.0-154,SWT-7.0-154,1.0,Custom offshore wind farms,2019.0
6.318167,54.446936,2019-08-13,DE,1.0,105.0,154.0,7000.0,7000.0,Siemens,Siemens,SWT-7.0-154,SWT-7.0-154,1.0,Custom offshore wind farms,2019.0
6.277957,54.44835,2019-08-13,DE,1.0,105.0,154.0,7000.0,7000.0,Siemens,Siemens,SWT-7.0-154,SWT-7.0-154,1.0,Custom offshore wind farms,2019.0
6.372274,54.449305,2019-08-13,DE,1.0,105.0,154.0,7000.0,7000.0,Siemens,Siemens,SWT-7.0-154,SWT-7.0-154,1.0,Custom offshore wind farms,2019.0
6.29085899999999,54.450514,2019-08-13,DE,1.0,105.0,154.0,7000.0,7000.0,Siemens,Siemens,SWT-7.0-154,SWT-7.0-154,1.0,Custom offshore wind farms,2019.0
6.349861,54.450541,2019-08-13,DE,1.0,105.0,154.0,7000.0,7000.0,Siemens,Siemens,SWT-7.0-154,SWT-7.0-154,1.0,Custom offshore wind farms,2019.0
6.329225,54.451929,2019-08-13,DE,1.0,105.0,154.0,7000.0,7000.0,Siemens,Siemens,SWT-7.0-154,SWT-7.0-154,1.0,Custom offshore wind farms,2019.0
6.271965,54.452215,2019-08-13,DE,1.0,105.0,154.0,7000.0,7000.0,Siemens,Siemens,SWT-7.0-154,SWT-7.0-154,1.0,Custom offshore wind farms,2019.0
6.366114,54.453175,2019-08-13,DE,1.0,105.0,154.0,7000.0,7000.0,Siemens,Siemens,SWT-7.0-154,SWT-7.0-154,1.0,Custom offshore wind farms,2019.0
6.287062,54.454935,2019-08-13,DE,1.0,105.0,154.0,7000.0,7000.0,Siemens,Siemens,SWT-7.0-154,SWT-7.0-154,1.0,Custom offshore wind farms,2019.0
6.26596999999999,54.456072,2019-08-13,DE,1.0,105.0,154.0,7000.0,7000.0,Siemens,Siemens,SWT-7.0-154,SWT-7.0-154,1.0,Custom offshore wind farms,2019.0
6.317111,54.45669,2019-08-13,DE,1.0,105.0,154.0,7000.0,7000.0,Siemens,Siemens,SWT-7.0-154,SWT-7.0-154,1.0,Custom offshore wind farms,2019.0
6.360161,54.456973,2019-08-13,DE,1.0,105.0,154.0,7000.0,7000.0,Siemens,Siemens,SWT-7.0-154,SWT-7.0-154,1.0,Custom offshore wind farms,2019.0
6.300664,54.4574199999999,2019-08-13,DE,1.0,105.0,154.0,7000.0,7000.0,Siemens,Siemens,SWT-7.0-154,SWT-7.0-154,1.0,Custom offshore wind farms,2019.0
6.337564,54.457743,2019-08-13,DE,1.0,105.0,154.0,7000.0,7000.0,Siemens,Siemens,SWT-7.0-154,SWT-7.0-154,1.0,Custom offshore wind farms,2019.0
6.259973,54.459939,2019-08-13,DE,1.0,105.0,154.0,7000.0,7000.0,Siemens,Siemens,SWT-7.0-154,SWT-7.0-154,1.0,Custom offshore wind farms,2019.0
6.293801,54.461142,2019-08-13,DE,1.0,105.0,154.0,7000.0,7000.0,Siemens,Siemens,SWT-7.0-154,SWT-7.0-154,1.0,Custom offshore wind farms,2019.0
6.275111,54.462024,2019-08-13,DE,1.0,105.0,154.0,7000.0,7000.0,Siemens,Siemens,SWT-7.0-154,SWT-7.0-154,1.0,Custom offshore wind farms,2019.0
6.348691,54.464215,2019-08-13,DE,1.0,105.0,154.0,7000.0,7000.0,Siemens,Siemens,SWT-7.0-154,SWT-7.0-154,1.0,Custom offshore wind farms,2019.0
6.269326,54.4654069999999,2019-08-13,DE,1.0,105.0,154.0,7000.0,7000.0,Siemens,Siemens,SWT-7.0-154,SWT-7.0-154,1.0,Custom offshore wind farms,2019.0
6.32789,54.465548,2019-08-13,DE,1.0,105.0,154.0,7000.0,7000.0,Siemens,Siemens,SWT-7.0-154,SWT-7.0-154,1.0,Custom offshore wind farms,2019.0
6.343163,54.46782,2019-08-13,DE,1.0,105.0,154.0,7000.0,7000.0,Siemens,Siemens,SWT-7.0-154,SWT-7.0-154,1.0,Custom offshore wind farms,2019.0
6.286402,54.467937,2019-08-13,DE,1.0,105.0,154.0,7000.0,7000.0,Siemens,Siemens,SWT-7.0-154,SWT-7.0-154,1.0,Custom offshore wind farms,2019.0
6.278688,54.470875,2019-08-13,DE,1.0,105.0,154.0,7000.0,7000.0,Siemens,Siemens,SWT-7.0-154,SWT-7.0-154,1.0,Custom offshore wind farms,2019.0
6.337345,54.471428,2019-08-13,DE,1.0,105.0,154.0,7000.0,7000.0,Siemens,Siemens,SWT-7.0-154,SWT-7.0-154,1.0,Custom offshore wind farms,2019.0
6.315529,54.473129,2019-08-13,DE,1.0,105.0,154.0,7000.0,7000.0,Siemens,Siemens,SWT-7.0-154,SWT-7.0-154,1.0,Custom offshore wind farms,2019.0
6.331501,54.4750319999999,2019-08-13,DE,1.0,105.0,154.0,7000.0,7000.0,Siemens,Siemens,SWT-7.0-154,SWT-7.0-154,1.0,Custom offshore wind farms,2019.0
6.288051,54.4763569999999,2019-08-13,DE,1.0,105.0,154.0,7000.0,7000.0,Siemens,Siemens,SWT-7.0-154,SWT-7.0-154,1.0,Custom offshore wind farms,2019.0
6.297432,54.481833,2019-08-13,DE,1.0,105.0,154.0,7000.0,7000.0,Siemens,Siemens,SWT-7.0-154,SWT-7.0-154,1.0,Custom offshore wind farms,2019.0
6.313991,54.485862,2019-08-13,DE,1.0,105.0,154.0,7000.0,7000.0,Siemens,Siemens,SWT-7.0-154,SWT-7.0-154,1.0,Custom offshore wind farms,2019.0
7.80499241904733,55.4683137696366,2002-12-11,DK,1.0,67.0,80.0,2000.0,2000.0,Vestas,Vestas,V80/2000,V80/2000,1.0,Custom offshore wind farms,2002.0
7.81384828682858,55.4683999036468,2002-12-11,DK,1.0,67.0,80.0,2000.0,2000.0,Vestas,Vestas,V80/2000,V80/2000,1.0,Custom offshore wind farms,2002.0
7.82270420220542,55.468485397144,2002-12-11,DK,1.0,67.0,80.0,2000.0,2000.0,Vestas,Vestas,V80/2000,V80/2000,1.0,Custom offshore wind farms,2002.0
7.83156016482295,55.4685702501208,2002-12-11,DK,1.0,67.0,80.0,2000.0,2000.0,Vestas,Vestas,V80/2000,V80/2000,1.0,Custom offshore wind farms,2002.0
7.84041617432625,55.46865446257,2002-12-11,DK,1.0,67.0,80.0,2000.0,2000.0,Vestas,Vestas,V80/2000,V80/2000,1.0,Custom offshore wind farms,2002.0
7.84927223036039,55.4687380344842,2002-12-11,DK,1.0,67.0,80.0,2000.0,2000.0,Vestas,Vestas,V80/2000,V80/2000,1.0,Custom offshore wind farms,2002.0
7.85812833257042,55.4688209658561,2002-12-11,DK,1.0,67.0,80.0,2000.0,2000.0,Vestas,Vestas,V80/2000,V80/2000,1.0,Custom offshore wind farms,2002.0
7.86698448060138,55.4689032566786,2002-12-11,DK,1.0,67.0,80.0,2000.0,2000.0,Vestas,Vestas,V80/2000,V80/2000,1.0,Custom offshore wind farms,2002.0
7.87584067409832,55.4689849069445,2002-12-11,DK,1.0,67.0,80.0,2000.0,2000.0,Vestas,Vestas,V80/2000,V80/2000,1.0,Custom offshore wind farms,2002.0
7.88469691270625,55.4690659166467,2002-12-11,DK,1.0,67.0,80.0,2000.0,2000.0,Vestas,Vestas,V80/2000,V80/2000,1.0,Custom offshore wind farms,2002.0
7.80376581018869,55.4732982397882,2002-12-11,DK,1.0,67.0,80.0,2000.0,2000.0,Vestas,Vestas,V80/2000,V80/2000,1.0,Custom offshore wind farms,2002.0
7.8126227914356,55.4733844675763,2002-12-11,DK,1.0,67.0,80.0,2000.0,2000.0,Vestas,Vestas,V80/2000,V80/2000,1.0,Custom offshore wind farms,2002.0
7.82147982034157,55.4734700547336,2002-12-11,DK,1.0,67.0,80.0,2000.0,2000.0,Vestas,Vestas,V80/2000,V80/2000,1.0,Custom offshore wind farms,2002.0
7.83033689655155,55.4735550012526,2002-12-11,DK,1.0,67.0,80.0,2000.0,2000.0,Vestas,Vestas,V80/2000,V80/2000,1.0,Custom offshore wind farms,2002.0
7.83919401971046,55.473639307126,2002-12-11,DK,1.0,67.0,80.0,2000.0,2000.0,Vestas,Vestas,V80/2000,V80/2000,1.0,Custom offshore wind farms,2002.0
7.84805118946323,55.4737229723464,2002-12-11,DK,1.0,67.0,80.0,2000.0,2000.0,Vestas,Vestas,V80/2000,V80/2000,1.0,Custom offshore wind farms,2002.0
7.85690840545475,55.4738059969066,2002-12-11,DK,1.0,67.0,80.0,2000.0,2000.0,Vestas,Vestas,V80/2000,V80/2000,1.0,Custom offshore wind farms,2002.0
7.86576566732993,55.4738883807995,2002-12-11,DK,1.0,67.0,80.0,2000.0,2000.0,Vestas,Vestas,V80/2000,V80/2000,1.0,Custom offshore wind farms,2002.0
7.87462297473364,55.4739701240178,2002-12-11,DK,1.0,67.0,80.0,2000.0,2000.0,Vestas,Vestas,V80/2000,V80/2000,1.0,Custom offshore wind farms,2002.0
7.88348032731075,55.4740512265544,2002-12-11,DK,1.0,67.0,80.0,2000.0,2000.0,Vestas,Vestas,V80/2000,V80/2000,1.0,Custom offshore wind farms,2002.0
7.80252306486084,55.4782825374964,2002-12-11,DK,1.0,67.0,80.0,2000.0,2000.0,Vestas,Vestas,V80/2000,V80/2000,1.0,Custom offshore wind farms,2002.0
7.81138115982766,55.4783688602395,2002-12-11,DK,1.0,67.0,80.0,2000.0,2000.0,Vestas,Vestas,V80/2000,V80/2000,1.0,Custom offshore wind farms,2002.0
7.8202393025177,55.4784545422338,2002-12-11,DK,1.0,67.0,80.0,2000.0,2000.0,Vestas,Vestas,V80/2000,V80/2000,1.0,Custom offshore wind farms,2002.0
7.82909749257575,55.4785395834718,2002-12-11,DK,1.0,67.0,80.0,2000.0,2000.0,Vestas,Vestas,V80/2000,V80/2000,1.0,Custom offshore wind farms,2002.0
7.83795572964657,55.4786239839463,2002-12-11,DK,1.0,67.0,80.0,2000.0,2000.0,Vestas,Vestas,V80/2000,V80/2000,1.0,Custom offshore wind farms,2002.0
7.84681401337495,55.47870774365,2002-12-11,DK,1.0,67.0,80.0,2000.0,2000.0,Vestas,Vestas,V80/2000,V80/2000,1.0,Custom offshore wind farms,2002.0
7.85567234340563,55.4787908625754,2002-12-11,DK,1.0,67.0,80.0,2000.0,2000.0,Vestas,Vestas,V80/2000,V80/2000,1.0,Custom offshore wind farms,2002.0
7.86453071938337,55.4788733407155,2002-12-11,DK,1.0,67.0,80.0,2000.0,2000.0,Vestas,Vestas,V80/2000,V80/2000,1.0,Custom offshore wind farms,2002.0
7.87338914095288,55.478955178063,2002-12-11,DK,1.0,67.0,80.0,2000.0,2000.0,Vestas,Vestas,V80/2000,V80/2000,1.0,Custom offshore wind farms,2002.0
7.8822476077589,55.4790363746109,2002-12-11,DK,1.0,67.0,80.0,2000.0,2000.0,Vestas,Vestas,V80/2000,V80/2000,1.0,Custom offshore wind farms,2002.0
7.801295816896,55.4832669720247,2002-12-11,DK,1.0,67.0,80.0,2000.0,2000.0,Vestas,Vestas,V80/2000,V80/2000,1.0,Custom offshore wind farms,2002.0
7.8101550260081,55.4833533886115,2002-12-11,DK,1.0,67.0,80.0,2000.0,2000.0,Vestas,Vestas,V80/2000,V80/2000,1.0,Custom offshore wind farms,2002.0
7.81901428290697,55.4834391643316,2002-12-11,DK,1.0,67.0,80.0,2000.0,2000.0,Vestas,Vestas,V80/2000,V80/2000,1.0,Custom offshore wind farms,2002.0
7.82787358723726,55.4835242991775,2002-12-11,DK,1.0,67.0,80.0,2000.0,2000.0,Vestas,Vestas,V80/2000,V80/2000,1.0,Custom offshore wind farms,2002.0
7.8367329386436,55.4836087931418,2002-12-11,DK,1.0,67.0,80.0,2000.0,2000.0,Vestas,Vestas,V80/2000,V80/2000,1.0,Custom offshore wind farms,2002.0
7.8455923367706,55.4836926462173,2002-12-11,DK,1.0,67.0,80.0,2000.0,2000.0,Vestas,Vestas,V80/2000,V80/2000,1.0,Custom offshore wind farms,2002.0
7.85445178126287,55.4837758583966,2002-12-11,DK,1.0,67.0,80.0,2000.0,2000.0,Vestas,Vestas,V80/2000,V80/2000,1.0,Custom offshore wind farms,2002.0
7.863311271765,55.4838584296724,2002-12-11,DK,1.0,67.0,80.0,2000.0,2000.0,Vestas,Vestas,V80/2000,V80/2000,1.0,Custom offshore wind farms,2002.0
7.87217080792157,55.4839403600378,2002-12-11,DK,1.0,67.0,80.0,2000.0,2000.0,Vestas,Vestas,V80/2000,V80/2000,1.0,Custom offshore wind farms,2002.0
7.88103038937716,55.4840216494854,2002-12-11,DK,1.0,67.0,80.0,2000.0,2000.0,Vestas,Vestas,V80/2000,V80/2000,1.0,Custom offshore wind farms,2002.0
7.80006825015278,55.4882513888152,2002-12-11,DK,1.0,67.0,80.0,2000.0,2000.0,Vestas,Vestas,V80/2000,V80/2000,1.0,Custom offshore wind farms,2002.0
7.80892857375022,55.4883378992786,2002-12-11,DK,1.0,67.0,80.0,2000.0,2000.0,Vestas,Vestas,V80/2000,V80/2000,1.0,Custom offshore wind farms,2002.0
7.81778894519804,55.4884237687573,2002-12-11,DK,1.0,67.0,80.0,2000.0,2000.0,Vestas,Vestas,V80/2000,V80/2000,1.0,Custom offshore wind farms,2002.0
7.82664936414074,55.4885089972437,2002-12-11,DK,1.0,67.0,80.0,2000.0,2000.0,Vestas,Vestas,V80/2000,V80/2000,1.0,Custom offshore wind farms,2002.0
7.83550983022281,55.4885935847306,2002-12-11,DK,1.0,67.0,80.0,2000.0,2000.0,Vestas,Vestas,V80/2000,V80/2000,1.0,Custom offshore wind farms,2002.0
7.84437034308869,55.4886775312106,2002-12-11,DK,1.0,67.0,80.0,2000.0,2000.0,Vestas,Vestas,V80/2000,V80/2000,1.0,Custom offshore wind farms,2002.0
7.85323090238285,55.4887608366764,2002-12-11,DK,1.0,67.0,80.0,2000.0,2000.0,Vestas,Vestas,V80/2000,V80/2000,1.0,Custom offshore wind farms,2002.0
7.86209150774973,55.4888435011207,2002-12-11,DK,1.0,67.0,80.0,2000.0,2000.0,Vestas,Vestas,V80/2000,V80/2000,1.0,Custom offshore wind farms,2002.0
7.87095215883377,55.4889255245364,2002-12-11,DK,1.0,67.0,80.0,2000.0,2000.0,Vestas,Vestas,V80/2000,V80/2000,1.0,Custom offshore wind farms,2002.0
7.87981285527937,55.4890069069164,2002-12-11,DK,1.0,67.0,80.0,2000.0,2000.0,Vestas,Vestas,V80/2000,V80/2000,1.0,Custom offshore wind farms,2002.0
7.79884063789531,55.4932268041467,2002-12-11,DK,1.0,67.0,80.0,2000.0,2000.0,Vestas,Vestas,V80/2000,V80/2000,1.0,Custom offshore wind farms,2002.0
7.8077020743024,55.4933134084906,2002-12-11,DK,1.0,67.0,80.0,2000.0,2000.0,Vestas,Vestas,V80/2000,V80/2000,1.0,Custom offshore wind farms,2002.0
7.8165635586235,55.493399371732,2002-12-11,DK,1.0,67.0,80.0,2000.0,2000.0,Vestas,Vestas,V80/2000,V80/2000,1.0,Custom offshore wind farms,2002.0
7.82542509050295,55.4934846938633,2002-12-11,DK,1.0,67.0,80.0,2000.0,2000.0,Vestas,Vestas,V80/2000,V80/2000,1.0,Custom offshore wind farms,2002.0
7.83428666958509,55.4935693748772,2002-12-11,DK,1.0,67.0,80.0,2000.0,2000.0,Vestas,Vestas,V80/2000,V80/2000,1.0,Custom offshore wind farms,2002.0
7.84314829551422,55.4936534147664,2002-12-11,DK,1.0,67.0,80.0,2000.0,2000.0,Vestas,Vestas,V80/2000,V80/2000,1.0,Custom offshore wind farms,2002.0
7.85200996793465,55.4937368135235,2002-12-11,DK,1.0,67.0,80.0,2000.0,2000.0,Vestas,Vestas,V80/2000,V80/2000,1.0,Custom offshore wind farms,2002.0
7.86087168649068,55.4938195711413,2002-12-11,DK,1.0,67.0,80.0,2000.0,2000.0,Vestas,Vestas,V80/2000,V80/2000,1.0,Custom offshore wind farms,2002.0
7.86973345082657,55.4939016876126,2002-12-11,DK,1.0,67.0,80.0,2000.0,2000.0,Vestas,Vestas,V80/2000,V80/2000,1.0,Custom offshore wind farms,2002.0
7.87859526058662,55.4939831629303,2002-12-11,DK,1.0,67.0,80.0,2000.0,2000.0,Vestas,Vestas,V80/2000,V80/2000,1.0,Custom offshore wind farms,2002.0
7.79759660754469,55.4982110300616,2002-12-11,DK,1.0,67.0,80.0,2000.0,2000.0,Vestas,Vestas,V80/2000,V80/2000,1.0,Custom offshore wind farms,2002.0
7.80645915903105,55.4982977294927,2002-12-11,DK,1.0,67.0,80.0,2000.0,2000.0,Vestas,Vestas,V80/2000,V80/2000,1.0,Custom offshore wind farms,2002.0
7.81532175849576,55.4983837877032,2002-12-11,DK,1.0,67.0,80.0,2000.0,2000.0,Vestas,Vestas,V80/2000,V80/2000,1.0,Custom offshore wind farms,2002.0
7.82418440558303,55.4984692046857,2002-12-11,DK,1.0,67.0,80.0,2000.0,2000.0,Vestas,Vestas,V80/2000,V80/2000,1.0,Custom offshore wind farms,2002.0
7.83304709993701,55.4985539804328,2002-12-11,DK,1.0,67.0,80.0,2000.0,2000.0,Vestas,Vestas,V80/2000,V80/2000,1.0,Custom offshore wind farms,2002.0
7.84190984120189,55.4986381149369,2002-12-11,DK,1.0,67.0,80.0,2000.0,2000.0,Vestas,Vestas,V80/2000,V80/2000,1.0,Custom offshore wind farms,2002.0
7.85077262902181,55.4987216081909,2002-12-11,DK,1.0,67.0,80.0,2000.0,2000.0,Vestas,Vestas,V80/2000,V80/2000,1.0,Custom offshore wind farms,2002.0
7.85963546304091,55.4988044601876,2002-12-11,DK,1.0,67.0,80.0,2000.0,2000.0,Vestas,Vestas,V80/2000,V80/2000,1.0,Custom offshore wind farms,2002.0
7.86849834290333,55.4988866709196,2002-12-11,DK,1.0,67.0,80.0,2000.0,2000.0,Vestas,Vestas,V80/2000,V80/2000,1.0,Custom offshore wind farms,2002.0
7.87736126825318,55.4989682403799,2002-12-11,DK,1.0,67.0,80.0,2000.0,2000.0,Vestas,Vestas,V80/2000,V80/2000,1.0,Custom offshore wind farms,2002.0
7.79636808192635,55.5031953934429,2002-12-11,DK,1.0,67.0,80.0,2000.0,2000.0,Vestas,Vestas,V80/2000,V80/2000,1.0,Custom offshore wind farms,2002.0
7.80523174891834,55.5032821868493,2002-12-11,DK,1.0,67.0,80.0,2000.0,2000.0,Vestas,Vestas,V80/2000,V80/2000,1.0,Custom offshore wind farms,2002.0
7.81409546395245,55.5033683389171,2002-12-11,DK,1.0,67.0,80.0,2000.0,2000.0,Vestas,Vestas,V80/2000,V80/2000,1.0,Custom offshore wind farms,2002.0
7.82295922667271,55.5034538496386,2002-12-11,DK,1.0,67.0,80.0,2000.0,2000.0,Vestas,Vestas,V80/2000,V80/2000,1.0,Custom offshore wind farms,2002.0
7.83182303672315,55.5035387190066,2002-12-11,DK,1.0,67.0,80.0,2000.0,2000.0,Vestas,Vestas,V80/2000,V80/2000,1.0,Custom offshore wind farms,2002.0
7.84068689374779,55.5036229470137,2002-12-11,DK,1.0,67.0,80.0,2000.0,2000.0,Vestas,Vestas,V80/2000,V80/2000,1.0,Custom offshore wind farms,2002.0
7.84955079739063,55.5037065336525,2002-12-11,DK,1.0,67.0,80.0,2000.0,2000.0,Vestas,Vestas,V80/2000,V80/2000,1.0,Custom offshore wind farms,2002.0
7.85841474729565,55.5037894789157,2002-12-11,DK,1.0,67.0,80.0,2000.0,2000.0,Vestas,Vestas,V80/2000,V80/2000,1.0,Custom offshore wind farms,2002.0
7.86727874310685,55.5038717827962,2002-12-11,DK,1.0,67.0,80.0,2000.0,2000.0,Vestas,Vestas,V80/2000,V80/2000,1.0,Custom offshore wind farms,2002.0
7.87614278446818,55.5039534452869,2002-12-11,DK,1.0,67.0,80.0,2000.0,2000.0,Vestas,Vestas,V80/2000,V80/2000,1.0,Custom offshore wind farms,2002.0
7.54679290632783,55.5564840359472,2009-09-17,DK,1.0,68.3,93.0,2300.0,2300.0,Siemens,Siemens,SWT-2.3-93,SWT-2.3-93,1.0,Custom offshore wind farms,2009.0
7.55538243768028,55.5570169506578,2009-09-17,DK,1.0,68.3,93.0,2300.0,2300.0,Siemens,Siemens,SWT-2.3-93,SWT-2.3-93,1.0,Custom offshore wind farms,2009.0
7.56397253936472,55.5575402817797,2009-09-17,DK,1.0,68.3,93.0,2300.0,2300.0,Siemens,Siemens,SWT-2.3-93,SWT-2.3-93,1.0,Custom offshore wind farms,2009.0
7.572562553821,55.5580719947857,2009-09-17,DK,1.0,68.3,93.0,2300.0,2300.0,Siemens,Siemens,SWT-2.3-93,SWT-2.3-93,1.0,Custom offshore wind farms,2009.0
7.58115313407851,55.5585941240631,2009-09-17,DK,1.0,68.3,93.0,2300.0,2300.0,Siemens,Siemens,SWT-2.3-93,SWT-2.3-93,1.0,Custom offshore wind farms,2009.0
7.58974363038952,55.5591246352166,2009-09-17,DK,1.0,68.3,93.0,2300.0,2300.0,Siemens,Siemens,SWT-2.3-93,SWT-2.3-93,1.0,Custom offshore wind farms,2009.0
7.59833468797016,55.5596455625027,2009-09-17,DK,1.0,68.3,93.0,2300.0,2300.0,Siemens,Siemens,SWT-2.3-93,SWT-2.3-93,1.0,Custom offshore wind farms,2009.0
7.54571640655279,55.564595181677,2009-09-17,DK,1.0,68.3,93.0,2300.0,2300.0,Siemens,Siemens,SWT-2.3-93,SWT-2.3-93,1.0,Custom offshore wind farms,2009.0
7.55433541924071,55.5648049898368,2009-09-17,DK,1.0,68.3,93.0,2300.0,2300.0,Siemens,Siemens,SWT-2.3-93,SWT-2.3-93,1.0,Custom offshore wind farms,2009.0
7.56297005746856,55.5650233609838,2009-09-17,DK,1.0,68.3,93.0,2300.0,2300.0,Siemens,Siemens,SWT-2.3-93,SWT-2.3-93,1.0,Custom offshore wind farms,2009.0
7.57160512781157,55.565232141536,2009-09-17,DK,1.0,68.3,93.0,2300.0,2300.0,Siemens,Siemens,SWT-2.3-93,SWT-2.3-93,1.0,Custom offshore wind farms,2009.0
7.58024030000671,55.5654403142005,2009-09-17,DK,1.0,68.3,93.0,2300.0,2300.0,Siemens,Siemens,SWT-2.3-93,SWT-2.3-93,1.0,Custom offshore wind farms,2009.0
7.58887525166209,55.5656568618183,2009-09-17,DK,1.0,68.3,93.0,2300.0,2300.0,Siemens,Siemens,SWT-2.3-93,SWT-2.3-93,1.0,Custom offshore wind farms,2009.0
7.59751062854662,55.5658638186937,2009-09-17,DK,1.0,68.3,93.0,2300.0,2300.0,Siemens,Siemens,SWT-2.3-93,SWT-2.3-93,1.0,Custom offshore wind farms,2009.0
7.59738356446008,55.572099029166,2009-09-17,DK,1.0,68.3,93.0,2300.0,2300.0,Siemens,Siemens,SWT-2.3-93,SWT-2.3-93,1.0,Custom offshore wind farms,2009.0
7.58875139900817,55.5722066382805,2009-09-17,DK,1.0,68.3,93.0,2300.0,2300.0,Siemens,Siemens,SWT-2.3-93,SWT-2.3-93,1.0,Custom offshore wind farms,2009.0
7.58010334238232,55.5723134555748,2009-09-17,DK,1.0,68.3,93.0,2300.0,2300.0,Siemens,Siemens,SWT-2.3-93,SWT-2.3-93,1.0,Custom offshore wind farms,2009.0
7.57147110362396,55.5724198472367,2009-09-17,DK,1.0,68.3,93.0,2300.0,2300.0,Siemens,Siemens,SWT-2.3-93,SWT-2.3-93,1.0,Custom offshore wind farms,2009.0
7.56282330247767,55.5725164620868,2009-09-17,DK,1.0,68.3,93.0,2300.0,2300.0,Siemens,Siemens,SWT-2.3-93,SWT-2.3-93,1.0,Custom offshore wind farms,2009.0
7.55419099370335,55.5726216363073,2009-09-17,DK,1.0,68.3,93.0,2300.0,2300.0,Siemens,Siemens,SWT-2.3-93,SWT-2.3-93,1.0,Custom offshore wind farms,2009.0
7.54554279514672,55.5727260142146,2009-09-17,DK,1.0,68.3,93.0,2300.0,2300.0,Siemens,Siemens,SWT-2.3-93,SWT-2.3-93,1.0,Custom offshore wind farms,2009.0
7.59798650096294,55.5783246119186,2009-09-17,DK,1.0,68.3,93.0,2300.0,2300.0,Siemens,Siemens,SWT-2.3-93,SWT-2.3-93,1.0,Custom offshore wind farms,2009.0
7.58937341023385,55.5787470203011,2009-09-17,DK,1.0,68.3,93.0,2300.0,2300.0,Siemens,Siemens,SWT-2.3-93,SWT-2.3-93,1.0,Custom offshore wind farms,2009.0
7.58076014479807,55.5791688224747,2009-09-17,DK,1.0,68.3,93.0,2300.0,2300.0,Siemens,Siemens,SWT-2.3-93,SWT-2.3-93,1.0,Custom offshore wind farms,2009.0
7.57214670497621,55.5795900184123,2009-09-17,DK,1.0,68.3,93.0,2300.0,2300.0,Siemens,Siemens,SWT-2.3-93,SWT-2.3-93,1.0,Custom offshore wind farms,2009.0
7.5635330910889,55.5800106080869,2009-09-17,DK,1.0,68.3,93.0,2300.0,2300.0,Siemens,Siemens,SWT-2.3-93,SWT-2.3-93,1.0,Custom offshore wind farms,2009.0
7.55491930345684,55.5804305914716,2009-09-17,DK,1.0,68.3,93.0,2300.0,2300.0,Siemens,Siemens,SWT-2.3-93,SWT-2.3-93,1.0,Custom offshore wind farms,2009.0
7.54630534240075,55.5808499685394,2009-09-17,DK,1.0,68.3,93.0,2300.0,2300.0,Siemens,Siemens,SWT-2.3-93,SWT-2.3-93,1.0,Custom offshore wind farms,2009.0
7.59928902543307,55.5845132470621,2009-09-17,DK,1.0,68.3,93.0,2300.0,2300.0,Siemens,Siemens,SWT-2.3-93,SWT-2.3-93,1.0,Custom offshore wind farms,2009.0
7.59074262287272,55.5852510500586,2009-09-17,DK,1.0,68.3,93.0,2300.0,2300.0,Siemens,Siemens,SWT-2.3-93,SWT-2.3-93,1.0,Custom offshore wind farms,2009.0
7.58219590958811,55.5859882554349,2009-09-17,DK,1.0,68.3,93.0,2300.0,2300.0,Siemens,Siemens,SWT-2.3-93,SWT-2.3-93,1.0,Custom offshore wind farms,2009.0
7.57364888587791,55.5867248631433,2009-09-17,DK,1.0,68.3,93.0,2300.0,2300.0,Siemens,Siemens,SWT-2.3-93,SWT-2.3-93,1.0,Custom offshore wind farms,2009.0
7.55658720886928,55.5872890328881,2009-09-17,DK,1.0,68.3,93.0,2300.0,2300.0,Siemens,Siemens,SWT-2.3-93,SWT-2.3-93,1.0,Custom offshore wind farms,2009.0
7.5651018797969,55.5874518904044,2009-09-17,DK,1.0,68.3,93.0,2300.0,2300.0,Siemens,Siemens,SWT-2.3-93,SWT-2.3-93,1.0,Custom offshore wind farms,2009.0
7.54800628685969,55.5889221171237,2009-09-17,DK,1.0,68.3,93.0,2300.0,2300.0,Siemens,Siemens,SWT-2.3-93,SWT-2.3-93,1.0,Custom offshore wind farms,2009.0
7.60129210424637,55.5906469484231,2009-09-17,DK,1.0,68.3,93.0,2300.0,2300.0,Siemens,Siemens,SWT-2.3-93,SWT-2.3-93,1.0,Custom offshore wind farms,2009.0
7.59284450681067,55.5916915740594,2009-09-17,DK,1.0,68.3,93.0,2300.0,2300.0,Siemens,Siemens,SWT-2.3-93,SWT-2.3-93,1.0,Custom offshore wind farms,2009.0
7.58439614653978,55.592744597839,2009-09-17,DK,1.0,68.3,93.0,2300.0,2300.0,Siemens,Siemens,SWT-2.3-93,SWT-2.3-93,1.0,Custom offshore wind farms,2009.0
7.57594766858471,55.593788054062,2009-09-17,DK,1.0,68.3,93.0,2300.0,2300.0,Siemens,Siemens,SWT-2.3-93,SWT-2.3-93,1.0,Custom offshore wind farms,2009.0
7.56749875174044,55.5948309254957,2009-09-17,DK,1.0,68.3,93.0,2300.0,2300.0,Siemens,Siemens,SWT-2.3-93,SWT-2.3-93,1.0,Custom offshore wind farms,2009.0
7.55904939627342,55.5958732120736,2009-09-17,DK,1.0,68.3,93.0,2300.0,2300.0,Siemens,Siemens,SWT-2.3-93,SWT-2.3-93,1.0,Custom offshore wind farms,2009.0
7.60399733388627,55.5966897520605,2009-09-17,DK,1.0,68.3,93.0,2300.0,2300.0,Siemens,Siemens,SWT-2.3-93,SWT-2.3-93,1.0,Custom offshore wind farms,2009.0
7.55059960245021,55.5969149137293,2009-09-17,DK,1.0,68.3,93.0,2300.0,2300.0,Siemens,Siemens,SWT-2.3-93,SWT-2.3-93,1.0,Custom offshore wind farms,2009.0
7.59568037587321,55.5980416081964,2009-09-17,DK,1.0,68.3,93.0,2300.0,2300.0,Siemens,Siemens,SWT-2.3-93,SWT-2.3-93,1.0,Custom offshore wind farms,2009.0
7.58736253180914,55.5994018796079,2009-09-17,DK,1.0,68.3,93.0,2300.0,2300.0,Siemens,Siemens,SWT-2.3-93,SWT-2.3-93,1.0,Custom offshore wind farms,2009.0
7.57906031144108,55.6007527844282,2009-09-17,DK,1.0,68.3,93.0,2300.0,2300.0,Siemens,Siemens,SWT-2.3-93,SWT-2.3-93,1.0,Custom offshore wind farms,2009.0
7.57074166296619,55.6021029387805,2009-09-17,DK,1.0,68.3,93.0,2300.0,2300.0,Siemens,Siemens,SWT-2.3-93,SWT-2.3-93,1.0,Custom offshore wind farms,2009.0
7.60737392401178,55.6026232872651,2009-09-17,DK,1.0,68.3,93.0,2300.0,2300.0,Siemens,Siemens,SWT-2.3-93,SWT-2.3-93,1.0,Custom offshore wind farms,2009.0
7.5624383187098,55.6034527113655,2009-09-17,DK,1.0,68.3,93.0,2300.0,2300.0,Siemens,Siemens,SWT-2.3-93,SWT-2.3-93,1.0,Custom offshore wind farms,2009.0
7.59923534084969,55.6042829566987,2009-09-17,DK,1.0,68.3,93.0,2300.0,2300.0,Siemens,Siemens,SWT-2.3-93,SWT-2.3-93,1.0,Custom offshore wind farms,2009.0
7.5541185458186,55.6048017311591,2009-09-17,DK,1.0,68.3,93.0,2300.0,2300.0,Siemens,Siemens,SWT-2.3-93,SWT-2.3-93,1.0,Custom offshore wind farms,2009.0
7.59109640031253,55.6059330990219,2009-09-17,DK,1.0,68.3,93.0,2300.0,2300.0,Siemens,Siemens,SWT-2.3-93,SWT-2.3-93,1.0,Custom offshore wind farms,2009.0
7.58295678428961,55.6075826970095,2009-09-17,DK,1.0,68.3,93.0,2300.0,2300.0,Siemens,Siemens,SWT-2.3-93,SWT-2.3-93,1.0,Custom offshore wind farms,2009.0
7.61143897380275,55.6084207314071,2009-09-17,DK,1.0,68.3,93.0,2300.0,2300.0,Siemens,Siemens,SWT-2.3-93,SWT-2.3-93,1.0,Custom offshore wind farms,2009.0
7.57481616715045,55.609240733301,2009-09-17,DK,1.0,68.3,93.0,2300.0,2300.0,Siemens,Siemens,SWT-2.3-93,SWT-2.3-93,1.0,Custom offshore wind farms,2009.0
7.60349544334775,55.610370464092,2009-09-17,DK,1.0,68.3,93.0,2300.0,2300.0,Siemens,Siemens,SWT-2.3-93,SWT-2.3-93,1.0,Custom offshore wind farms,2009.0
7.56665932897825,55.6108890568103,2009-09-17,DK,1.0,68.3,93.0,2300.0,2300.0,Siemens,Siemens,SWT-2.3-93,SWT-2.3-93,1.0,Custom offshore wind farms,2009.0
7.59555113160177,55.6123196773972,2009-09-17,DK,1.0,68.3,93.0,2300.0,2300.0,Siemens,Siemens,SWT-2.3-93,SWT-2.3-93,1.0,Custom offshore wind farms,2009.0
7.55851735547325,55.6125460027789,2009-09-17,DK,1.0,68.3,93.0,2300.0,2300.0,Siemens,Siemens,SWT-2.3-93,SWT-2.3-93,1.0,Custom offshore wind farms,2009.0
7.61614576653004,55.6140635147903,2009-09-17,DK,1.0,68.3,93.0,2300.0,2300.0,Siemens,Siemens,SWT-2.3-93,SWT-2.3-93,1.0,Custom offshore wind farms,2009.0
7.58762191000199,55.6142685539869,2009-09-17,DK,1.0,68.3,93.0,2300.0,2300.0,Siemens,Siemens,SWT-2.3-93,SWT-2.3-93,1.0,Custom offshore wind farms,2009.0
7.57967603675004,55.6162167292321,2009-09-17,DK,1.0,68.3,93.0,2300.0,2300.0,Siemens,Siemens,SWT-2.3-93,SWT-2.3-93,1.0,Custom offshore wind farms,2009.0
7.60844540957101,55.6162948959009,2009-09-17,DK,1.0,68.3,93.0,2300.0,2300.0,Siemens,Siemens,SWT-2.3-93,SWT-2.3-93,1.0,Custom offshore wind farms,2009.0
7.57174525533789,55.618164569603,2009-09-17,DK,1.0,68.3,93.0,2300.0,2300.0,Siemens,Siemens,SWT-2.3-93,SWT-2.3-93,1.0,Custom offshore wind farms,2009.0
7.60074418380892,55.6185257880561,2009-09-17,DK,1.0,68.3,93.0,2300.0,2300.0,Siemens,Siemens,SWT-2.3-93,SWT-2.3-93,1.0,Custom offshore wind farms,2009.0
7.62147991295578,55.6195154551292,2009-09-17,DK,1.0,68.3,93.0,2300.0,2300.0,Siemens,Siemens,SWT-2.3-93,SWT-2.3-93,1.0,Custom offshore wind farms,2009.0
7.56379814949172,55.6201027236668,2009-09-17,DK,1.0,68.3,93.0,2300.0,2300.0,Siemens,Siemens,SWT-2.3-93,SWT-2.3-93,1.0,Custom offshore wind farms,2009.0
7.59304176752059,55.6207651739279,2009-09-17,DK,1.0,68.3,93.0,2300.0,2300.0,Siemens,Siemens,SWT-2.3-93,SWT-2.3-93,1.0,Custom offshore wind farms,2009.0
7.61405501143834,55.6220198802032,2009-09-17,DK,1.0,68.3,93.0,2300.0,2300.0,Siemens,Siemens,SWT-2.3-93,SWT-2.3-93,1.0,Custom offshore wind farms,2009.0
7.58533880252192,55.6229950877808,2009-09-17,DK,1.0,68.3,93.0,2300.0,2300.0,Siemens,Siemens,SWT-2.3-93,SWT-2.3-93,1.0,Custom offshore wind farms,2009.0
7.60662884912769,55.6245328325954,2009-09-17,DK,1.0,68.3,93.0,2300.0,2300.0,Siemens,Siemens,SWT-2.3-93,SWT-2.3-93,1.0,Custom offshore wind farms,2009.0
7.62744222729208,55.6247585062403,2009-09-17,DK,1.0,68.3,93.0,2300.0,2300.0,Siemens,Siemens,SWT-2.3-93,SWT-2.3-93,1.0,Custom offshore wind farms,2009.0
7.57763496887782,55.6252245123199,2009-09-17,DK,1.0,68.3,93.0,2300.0,2300.0,Siemens,Siemens,SWT-2.3-93,SWT-2.3-93,1.0,Custom offshore wind farms,2009.0
7.59920174126943,55.6270453292788,2009-09-17,DK,1.0,68.3,93.0,2300.0,2300.0,Siemens,Siemens,SWT-2.3-93,SWT-2.3-93,1.0,Custom offshore wind farms,2009.0
7.56992993949893,55.6274624301175,2009-09-17,DK,1.0,68.3,93.0,2300.0,2300.0,Siemens,Siemens,SWT-2.3-93,SWT-2.3-93,1.0,Custom offshore wind farms,2009.0
7.6203088937884,55.6275361667,2009-09-17,DK,1.0,68.3,93.0,2300.0,2300.0,Siemens,Siemens,SWT-2.3-93,SWT-2.3-93,1.0,Custom offshore wind farms,2009.0
7.59175781032159,55.6295571878571,2009-09-17,DK,1.0,68.3,93.0,2300.0,2300.0,Siemens,Siemens,SWT-2.3-93,SWT-2.3-93,1.0,Custom offshore wind farms,2009.0
7.63398586034534,55.6297740816308,2009-09-17,DK,1.0,68.3,93.0,2300.0,2300.0,Siemens,Siemens,SWT-2.3-93,SWT-2.3-93,1.0,Custom offshore wind farms,2009.0
7.61319043269158,55.6303135852437,2009-09-17,DK,1.0,68.3,93.0,2300.0,2300.0,Siemens,Siemens,SWT-2.3-93,SWT-2.3-93,1.0,Custom offshore wind farms,2009.0
7.58432881036548,55.6320687717802,2009-09-17,DK,1.0,68.3,93.0,2300.0,2300.0,Siemens,Siemens,SWT-2.3-93,SWT-2.3-93,1.0,Custom offshore wind farms,2009.0
7.6271926090371,55.6328075490515,2009-09-17,DK,1.0,68.3,93.0,2300.0,2300.0,Siemens,Siemens,SWT-2.3-93,SWT-2.3-93,1.0,Custom offshore wind farms,2009.0
7.60605508904077,55.6330904036707,2009-09-17,DK,1.0,68.3,93.0,2300.0,2300.0,Siemens,Siemens,SWT-2.3-93,SWT-2.3-93,1.0,Custom offshore wind farms,2009.0
7.57689919045953,55.63457091691,2009-09-17,DK,1.0,68.3,93.0,2300.0,2300.0,Siemens,Siemens,SWT-2.3-93,SWT-2.3-93,1.0,Custom offshore wind farms,2009.0
7.62038242999831,55.6358404546919,2009-09-17,DK,1.0,68.3,93.0,2300.0,2300.0,Siemens,Siemens,SWT-2.3-93,SWT-2.3-93,1.0,Custom offshore wind farms,2009.0
7.59891873966521,55.6358668004251,2009-09-17,DK,1.0,68.3,93.0,2300.0,2300.0,Siemens,Siemens,SWT-2.3-93,SWT-2.3-93,1.0,Custom offshore wind farms,2009.0
7.59179726569313,55.6386429576663,2009-09-17,DK,1.0,68.3,93.0,2300.0,2300.0,Siemens,Siemens,SWT-2.3-93,SWT-2.3-93,1.0,Custom offshore wind farms,2009.0
7.61358708243702,55.6388731546991,2009-09-17,DK,1.0,68.3,93.0,2300.0,2300.0,Siemens,Siemens,SWT-2.3-93,SWT-2.3-93,1.0,Custom offshore wind farms,2009.0
7.58465890571555,55.6414185116217,2009-09-17,DK,1.0,68.3,93.0,2300.0,2300.0,Siemens,Siemens,SWT-2.3-93,SWT-2.3-93,1.0,Custom offshore wind farms,2009.0
7.6067906871341,55.6419054712522,2009-09-17,DK,1.0,68.3,93.0,2300.0,2300.0,Siemens,Siemens,SWT-2.3-93,SWT-2.3-93,1.0,Custom offshore wind farms,2009.0
7.59999324395236,55.6449374042244,2009-09-17,DK,1.0,68.3,93.0,2300.0,2300.0,Siemens,Siemens,SWT-2.3-93,SWT-2.3-93,1.0,Custom offshore wind farms,2009.0
7.59319475275472,55.6479689534889,2009-09-17,DK,1.0,68.3,93.0,2300.0,2300.0,Siemens,Siemens,SWT-2.3-93,SWT-2.3-93,1.0,Custom offshore wind farms,2009.0
7.69012576909984,55.6343583326456,2019-08-22,DK,1.0,105.0,164.0,8000.0,8000.0,Vestas,Vestas,V164/8000,V164/8000,1.0,Custom offshore wind farms,2019.0
7.68199830441549,55.6431677603966,2019-08-22,DK,1.0,105.0,164.0,8000.0,8000.0,Vestas,Vestas,V164/8000,V164/8000,1.0,Custom offshore wind farms,2019.0
7.71010609881355,55.6436641705219,2019-08-22,DK,1.0,105.0,164.0,8000.0,8000.0,Vestas,Vestas,V164/8000,V164/8000,1.0,Custom offshore wind farms,2019.0
7.67489072989183,55.6522572659519,2019-08-22,DK,1.0,105.0,164.0,8000.0,8000.0,Vestas,Vestas,V164/8000,V164/8000,1.0,Custom offshore wind farms,2019.0
7.73041802599255,55.654309070786,2019-08-22,DK,1.0,105.0,164.0,8000.0,8000.0,Vestas,Vestas,V164/8000,V164/8000,1.0,Custom offshore wind farms,2019.0
7.7019347130652,55.6557993574252,2019-08-22,DK,1.0,105.0,164.0,8000.0,8000.0,Vestas,Vestas,V164/8000,V164/8000,1.0,Custom offshore wind farms,2019.0
7.64103786026061,55.6605319167398,2019-08-22,DK,1.0,105.0,164.0,8000.0,8000.0,Vestas,Vestas,V164/8000,V164/8000,1.0,Custom offshore wind farms,2019.0
7.66880542529649,55.6615731302472,2019-08-22,DK,1.0,105.0,164.0,8000.0,8000.0,Vestas,Vestas,V164/8000,V164/8000,1.0,Custom offshore wind farms,2019.0
7.72436114454113,55.6636368949726,2019-08-22,DK,1.0,105.0,164.0,8000.0,8000.0,Vestas,Vestas,V164/8000,V164/8000,1.0,Custom offshore wind farms,2019.0
7.75213338551086,55.6646592758809,2019-08-22,DK,1.0,105.0,164.0,8000.0,8000.0,Vestas,Vestas,V164/8000,V164/8000,1.0,Custom offshore wind farms,2019.0
7.69415829353021,55.6683336047861,2019-08-22,DK,1.0,105.0,164.0,8000.0,8000.0,Vestas,Vestas,V164/8000,V164/8000,1.0,Custom offshore wind farms,2019.0
7.63600125610706,55.6700555030639,2019-08-22,DK,1.0,105.0,164.0,8000.0,8000.0,Vestas,Vestas,V164/8000,V164/8000,1.0,Custom offshore wind farms,2019.0
7.66379130519805,55.6710980608199,2019-08-22,DK,1.0,105.0,164.0,8000.0,8000.0,Vestas,Vestas,V164/8000,V164/8000,1.0,Custom offshore wind farms,2019.0
7.7193605101042,55.6731551718674,2019-08-22,DK,1.0,105.0,164.0,8000.0,8000.0,Vestas,Vestas,V164/8000,V164/8000,1.0,Custom offshore wind farms,2019.0
7.74713934323569,55.6741787138932,2019-08-22,DK,1.0,105.0,164.0,8000.0,8000.0,Vestas,Vestas,V164/8000,V164/8000,1.0,Custom offshore wind farms,2019.0
7.6042748143009,55.678685220694,2019-08-22,DK,1.0,105.0,164.0,8000.0,8000.0,Vestas,Vestas,V164/8000,V164/8000,1.0,Custom offshore wind farms,2019.0
7.687010302681,55.6790498726771,2019-08-22,DK,1.0,105.0,164.0,8000.0,8000.0,Vestas,Vestas,V164/8000,V164/8000,1.0,Custom offshore wind farms,2019.0
7.63207001737401,55.6797349872624,2019-08-22,DK,1.0,105.0,164.0,8000.0,8000.0,Vestas,Vestas,V164/8000,V164/8000,1.0,Custom offshore wind farms,2019.0
7.77294154960783,55.6825089293676,2019-08-22,DK,1.0,105.0,164.0,8000.0,8000.0,Vestas,Vestas,V164/8000,V164/8000,1.0,Custom offshore wind farms,2019.0
7.71450639376712,55.6829803106501,2019-08-22,DK,1.0,105.0,164.0,8000.0,8000.0,Vestas,Vestas,V164/8000,V164/8000,1.0,Custom offshore wind farms,2019.0
7.7426809112533,55.6842785509317,2019-08-22,DK,1.0,105.0,164.0,8000.0,8000.0,Vestas,Vestas,V164/8000,V164/8000,1.0,Custom offshore wind farms,2019.0
7.57364364056116,55.6874273772749,2019-08-22,DK,1.0,105.0,164.0,8000.0,8000.0,Vestas,Vestas,V164/8000,V164/8000,1.0,Custom offshore wind farms,2019.0
7.60142820377812,55.6884839251798,2019-08-22,DK,1.0,105.0,164.0,8000.0,8000.0,Vestas,Vestas,V164/8000,V164/8000,1.0,Custom offshore wind farms,2019.0
7.65701801732755,55.6905783524532,2019-08-22,DK,1.0,105.0,164.0,8000.0,8000.0,Vestas,Vestas,V164/8000,V164/8000,1.0,Custom offshore wind farms,2019.0
7.70917935878278,55.6969429341266,2019-08-22,DK,1.0,105.0,164.0,8000.0,8000.0,Vestas,Vestas,V164/8000,V164/8000,1.0,Custom offshore wind farms,2019.0
7.57189909602247,55.6973191098583,2019-08-22,DK,1.0,105.0,164.0,8000.0,8000.0,Vestas,Vestas,V164/8000,V164/8000,1.0,Custom offshore wind farms,2019.0
7.5996906185284,55.6983760875664,2019-08-22,DK,1.0,105.0,164.0,8000.0,8000.0,Vestas,Vestas,V164/8000,V164/8000,1.0,Custom offshore wind farms,2019.0
7.62749996202696,55.6994179774087,2019-08-22,DK,1.0,105.0,164.0,8000.0,8000.0,Vestas,Vestas,V164/8000,V164/8000,1.0,Custom offshore wind farms,2019.0
7.68310685987836,55.7015006786222,2019-08-22,DK,1.0,105.0,164.0,8000.0,8000.0,Vestas,Vestas,V164/8000,V164/8000,1.0,Custom offshore wind farms,2019.0
7.70859725751412,55.706875566576,2019-08-22,DK,1.0,105.0,164.0,8000.0,8000.0,Vestas,Vestas,V164/8000,V164/8000,1.0,Custom offshore wind farms,2019.0
7.56872774310511,55.7070324314191,2019-08-22,DK,1.0,105.0,164.0,8000.0,8000.0,Vestas,Vestas,V164/8000,V164/8000,1.0,Custom offshore wind farms,2019.0
7.59908104418635,55.7082990616215,2019-08-22,DK,1.0,105.0,164.0,8000.0,8000.0,Vestas,Vestas,V164/8000,V164/8000,1.0,Custom offshore wind farms,2019.0
7.62688118833793,55.709349928986,2019-08-22,DK,1.0,105.0,164.0,8000.0,8000.0,Vestas,Vestas,V164/8000,V164/8000,1.0,Custom offshore wind farms,2019.0
7.68250214849543,55.7114329757661,2019-08-22,DK,1.0,105.0,164.0,8000.0,8000.0,Vestas,Vestas,V164/8000,V164/8000,1.0,Custom offshore wind farms,2019.0
7.56159285121694,55.7166903236644,2019-08-22,DK,1.0,105.0,164.0,8000.0,8000.0,Vestas,Vestas,V164/8000,V164/8000,1.0,Custom offshore wind farms,2019.0
7.59958538732266,55.7182257390892,2019-08-22,DK,1.0,105.0,164.0,8000.0,8000.0,Vestas,Vestas,V164/8000,V164/8000,1.0,Custom offshore wind farms,2019.0
7.65521730676371,55.7203212007825,2019-08-22,DK,1.0,105.0,164.0,8000.0,8000.0,Vestas,Vestas,V164/8000,V164/8000,1.0,Custom offshore wind farms,2019.0
7.68302768571097,55.7213594076842,2019-08-22,DK,1.0,105.0,164.0,8000.0,8000.0,Vestas,Vestas,V164/8000,V164/8000,1.0,Custom offshore wind farms,2019.0
7.55337775374092,55.7257509764708,2019-08-22,DK,1.0,105.0,164.0,8000.0,8000.0,Vestas,Vestas,V164/8000,V164/8000,1.0,Custom offshore wind farms,2019.0
7.60120578093913,55.7281201800633,2019-08-22,DK,1.0,105.0,164.0,8000.0,8000.0,Vestas,Vestas,V164/8000,V164/8000,1.0,Custom offshore wind farms,2019.0
7.62903598397763,55.7291708133951,2019-08-22,DK,1.0,105.0,164.0,8000.0,8000.0,Vestas,Vestas,V164/8000,V164/8000,1.0,Custom offshore wind farms,2019.0
7.65685186102661,55.7302149748212,2019-08-22,DK,1.0,105.0,164.0,8000.0,8000.0,Vestas,Vestas,V164/8000,V164/8000,1.0,Custom offshore wind farms,2019.0
7.68468523816728,55.7312530152691,2019-08-22,DK,1.0,105.0,164.0,8000.0,8000.0,Vestas,Vestas,V164/8000,V164/8000,1.0,Custom offshore wind farms,2019.0
7.55067193839792,55.7360354558234,2019-08-22,DK,1.0,105.0,164.0,8000.0,8000.0,Vestas,Vestas,V164/8000,V164/8000,1.0,Custom offshore wind farms,2019.0
7.57564718928061,55.7373160623959,2019-08-22,DK,1.0,105.0,164.0,8000.0,8000.0,Vestas,Vestas,V164/8000,V164/8000,1.0,Custom offshore wind farms,2019.0
7.60396091502975,55.7379286299387,2019-08-22,DK,1.0,105.0,164.0,8000.0,8000.0,Vestas,Vestas,V164/8000,V164/8000,1.0,Custom offshore wind farms,2019.0
7.631782255888,55.738978496213,2019-08-22,DK,1.0,105.0,164.0,8000.0,8000.0,Vestas,Vestas,V164/8000,V164/8000,1.0,Custom offshore wind farms,2019.0
7.65962111100899,55.7400222431992,2019-08-22,DK,1.0,105.0,164.0,8000.0,8000.0,Vestas,Vestas,V164/8000,V164/8000,1.0,Custom offshore wind farms,2019.0
7.68744562451169,55.7410595190801,2019-08-22,DK,1.0,105.0,164.0,8000.0,8000.0,Vestas,Vestas,V164/8000,V164/8000,1.0,Custom offshore wind farms,2019.0
7.64127199986862,54.3470640009567,2014-06-01,DE,1.0,88.0,120.0,3600.0,3600.0,Siemens,Siemens,SWT-3.6-120,SWT-3.6-120,1.0,Custom offshore wind farms,2014.0
7.64126499947838,54.3515360008383,2014-06-01,DE,1.0,88.0,120.0,3600.0,3600.0,Siemens,Siemens,SWT-3.6-120,SWT-3.6-120,1.0,Custom offshore wind farms,2014.0
7.65254458717779,54.3523018884027,2014-06-01,DE,1.0,88.0,120.0,3600.0,3600.0,Siemens,Siemens,SWT-3.6-120,SWT-3.6-120,1.0,Custom offshore wind farms,2014.0
7.64127300028984,54.3559930006911,2014-06-01,DE,1.0,88.0,120.0,3600.0,3600.0,Siemens,Siemens,SWT-3.6-120,SWT-3.6-120,1.0,Custom offshore wind farms,2014.0
7.66045080599763,54.3566685436133,2014-06-01,DE,1.0,88.0,120.0,3600.0,3600.0,Siemens,Siemens,SWT-3.6-120,SWT-3.6-120,1.0,Custom offshore wind farms,2014.0
7.65199900047338,54.3585480005029,2014-06-01,DE,1.0,88.0,120.0,3600.0,3600.0,Siemens,Siemens,SWT-3.6-120,SWT-3.6-120,1.0,Custom offshore wind farms,2014.0
7.67099300022743,54.3601130012305,2014-06-01,DE,1.0,88.0,120.0,3600.0,3600.0,Siemens,Siemens,SWT-3.6-120,SWT-3.6-120,1.0,Custom offshore wind farms,2014.0
7.64116500058094,54.3604530013041,2014-06-01,DE,1.0,88.0,120.0,3600.0,3600.0,Siemens,Siemens,SWT-3.6-120,SWT-3.6-120,1.0,Custom offshore wind farms,2014.0
7.66208913565073,54.362979778098,2014-06-01,DE,1.0,88.0,120.0,3600.0,3600.0,Siemens,Siemens,SWT-3.6-120,SWT-3.6-120,1.0,Custom offshore wind farms,2014.0
7.67912899950549,54.3630230008303,2014-06-01,DE,1.0,88.0,120.0,3600.0,3600.0,Siemens,Siemens,SWT-3.6-120,SWT-3.6-120,1.0,Custom offshore wind farms,2014.0
7.64128500058827,54.3649960008229,2014-06-01,DE,1.0,88.0,120.0,3600.0,3600.0,Siemens,Siemens,SWT-3.6-120,SWT-3.6-120,1.0,Custom offshore wind farms,2014.0
7.68920100043012,54.3665610013132,2014-06-01,DE,1.0,88.0,120.0,3600.0,3600.0,Siemens,Siemens,SWT-3.6-120,SWT-3.6-120,1.0,Custom offshore wind farms,2014.0
7.66052166586798,54.3673083461772,2014-06-01,DE,1.0,88.0,120.0,3600.0,3600.0,Siemens,Siemens,SWT-3.6-120,SWT-3.6-120,1.0,Custom offshore wind farms,2014.0
7.64129603374116,54.3694578933324,2014-06-01,DE,1.0,88.0,120.0,3600.0,3600.0,Siemens,Siemens,SWT-3.6-120,SWT-3.6-120,1.0,Custom offshore wind farms,2014.0
7.64130041614333,54.3694603694682,2014-06-01,DE,1.0,88.0,120.0,3600.0,3600.0,Siemens,Siemens,SWT-3.6-120,SWT-3.6-120,1.0,Custom offshore wind farms,2014.0
7.6992399993714,54.3699510007546,2014-06-01,DE,1.0,88.0,120.0,3600.0,3600.0,Siemens,Siemens,SWT-3.6-120,SWT-3.6-120,1.0,Custom offshore wind farms,2014.0
7.68962600009379,54.3721630012719,2014-06-01,DE,1.0,88.0,120.0,3600.0,3600.0,Siemens,Siemens,SWT-3.6-120,SWT-3.6-120,1.0,Custom offshore wind farms,2014.0
7.66077000031026,54.3722130010871,2014-06-01,DE,1.0,88.0,120.0,3600.0,3600.0,Siemens,Siemens,SWT-3.6-120,SWT-3.6-120,1.0,Custom offshore wind farms,2014.0
7.7127150001521,54.3738880004957,2014-06-01,DE,1.0,88.0,120.0,3600.0,3600.0,Siemens,Siemens,SWT-3.6-120,SWT-3.6-120,1.0,Custom offshore wind farms,2014.0
7.64126680442853,54.3743432635644,2014-06-01,DE,1.0,88.0,120.0,3600.0,3600.0,Siemens,Siemens,SWT-3.6-120,SWT-3.6-120,1.0,Custom offshore wind farms,2014.0
7.67142900019901,54.3757120013391,2014-06-01,DE,1.0,88.0,120.0,3600.0,3600.0,Siemens,Siemens,SWT-3.6-120,SWT-3.6-120,1.0,Custom offshore wind farms,2014.0
7.69594700060295,54.3762660009709,2014-06-01,DE,1.0,88.0,120.0,3600.0,3600.0,Siemens,Siemens,SWT-3.6-120,SWT-3.6-120,1.0,Custom offshore wind farms,2014.0
7.66082104686881,54.3771711246914,2014-06-01,DE,1.0,88.0,120.0,3600.0,3600.0,Siemens,Siemens,SWT-3.6-120,SWT-3.6-120,1.0,Custom offshore wind farms,2014.0
7.72583799955945,54.3774370005438,2014-06-01,DE,1.0,88.0,120.0,3600.0,3600.0,Siemens,Siemens,SWT-3.6-120,SWT-3.6-120,1.0,Custom offshore wind farms,2014.0
7.71269854241445,54.3783871942055,2014-06-01,DE,1.0,88.0,120.0,3600.0,3600.0,Siemens,Siemens,SWT-3.6-120,SWT-3.6-120,1.0,Custom offshore wind farms,2014.0
7.64123800074021,54.3788210011617,2014-06-01,DE,1.0,88.0,120.0,3600.0,3600.0,Siemens,Siemens,SWT-3.6-120,SWT-3.6-120,1.0,Custom offshore wind farms,2014.0
7.73750236872972,54.3802479303434,2014-06-01,DE,1.0,88.0,120.0,3600.0,3600.0,Siemens,Siemens,SWT-3.6-120,SWT-3.6-120,1.0,Custom offshore wind farms,2014.0
7.67776799940737,54.3813010010408,2014-06-01,DE,1.0,88.0,120.0,3600.0,3600.0,Siemens,Siemens,SWT-3.6-120,SWT-3.6-120,1.0,Custom offshore wind farms,2014.0
7.66094481614986,54.3817552782312,2014-06-01,DE,1.0,88.0,120.0,3600.0,3600.0,Siemens,Siemens,SWT-3.6-120,SWT-3.6-120,1.0,Custom offshore wind farms,2014.0
7.69380174763807,54.3822156423435,2014-06-01,DE,1.0,88.0,120.0,3600.0,3600.0,Siemens,Siemens,SWT-3.6-120,SWT-3.6-120,1.0,Custom offshore wind farms,2014.0
7.74811674584586,54.3825964844206,2014-06-01,DE,1.0,88.0,120.0,3600.0,3600.0,Siemens,Siemens,SWT-3.6-120,SWT-3.6-120,1.0,Custom offshore wind farms,2014.0
7.72665199962946,54.3827910009245,2014-06-01,DE,1.0,88.0,120.0,3600.0,3600.0,Siemens,Siemens,SWT-3.6-120,SWT-3.6-120,1.0,Custom offshore wind farms,2014.0
7.64125983031812,54.383309143934,2014-06-01,DE,1.0,88.0,120.0,3600.0,3600.0,Siemens,Siemens,SWT-3.6-120,SWT-3.6-120,1.0,Custom offshore wind farms,2014.0
7.75769862510722,54.3843620203343,2014-06-01,DE,1.0,88.0,120.0,3600.0,3600.0,Siemens,Siemens,SWT-3.6-120,SWT-3.6-120,1.0,Custom offshore wind farms,2014.0
7.71079600006796,54.3844200007688,2014-06-01,DE,1.0,88.0,120.0,3600.0,3600.0,Siemens,Siemens,SWT-3.6-120,SWT-3.6-120,1.0,Custom offshore wind farms,2014.0
7.76641425329108,54.3860474774453,2014-06-01,DE,1.0,88.0,120.0,3600.0,3600.0,Siemens,Siemens,SWT-3.6-120,SWT-3.6-120,1.0,Custom offshore wind farms,2014.0
7.67642300038913,54.3864630010562,2014-06-01,DE,1.0,88.0,120.0,3600.0,3600.0,Siemens,Siemens,SWT-3.6-120,SWT-3.6-120,1.0,Custom offshore wind farms,2014.0
7.73989935224257,54.3865843745174,2014-06-01,DE,1.0,88.0,120.0,3600.0,3600.0,Siemens,Siemens,SWT-3.6-120,SWT-3.6-120,1.0,Custom offshore wind farms,2014.0
7.66258201654995,54.3875640267554,2014-06-01,DE,1.0,88.0,120.0,3600.0,3600.0,Siemens,Siemens,SWT-3.6-120,SWT-3.6-120,1.0,Custom offshore wind farms,2014.0
7.64126600003058,54.3878150008744,2014-06-01,DE,1.0,88.0,120.0,3600.0,3600.0,Siemens,Siemens,SWT-3.6-120,SWT-3.6-120,1.0,Custom offshore wind farms,2014.0
7.72768299997291,54.3890230012923,2014-06-01,DE,1.0,88.0,120.0,3600.0,3600.0,Siemens,Siemens,SWT-3.6-120,SWT-3.6-120,1.0,Custom offshore wind farms,2014.0
7.68811830363221,54.3896095514754,2014-06-01,DE,1.0,88.0,120.0,3600.0,3600.0,Siemens,Siemens,SWT-3.6-120,SWT-3.6-120,1.0,Custom offshore wind farms,2014.0
7.74627563302232,54.3904598798679,2014-06-01,DE,1.0,88.0,120.0,3600.0,3600.0,Siemens,Siemens,SWT-3.6-120,SWT-3.6-120,1.0,Custom offshore wind farms,2014.0
7.76582003984784,54.3909668308213,2014-06-01,DE,1.0,88.0,120.0,3600.0,3600.0,Siemens,Siemens,SWT-3.6-120,SWT-3.6-120,1.0,Custom offshore wind farms,2014.0
7.70937304306433,54.3914731934885,2014-06-01,DE,1.0,88.0,120.0,3600.0,3600.0,Siemens,Siemens,SWT-3.6-120,SWT-3.6-120,1.0,Custom offshore wind farms,2014.0
7.66041948385793,54.3918524629345,2014-06-01,DE,1.0,88.0,120.0,3600.0,3600.0,Siemens,Siemens,SWT-3.6-120,SWT-3.6-120,1.0,Custom offshore wind farms,2014.0
7.64126899959955,54.3922980007451,2014-06-01,DE,1.0,88.0,120.0,3600.0,3600.0,Siemens,Siemens,SWT-3.6-120,SWT-3.6-120,1.0,Custom offshore wind farms,2014.0
7.65324092099224,54.3949983890636,2014-06-01,DE,1.0,88.0,120.0,3600.0,3600.0,Siemens,Siemens,SWT-3.6-120,SWT-3.6-120,1.0,Custom offshore wind farms,2014.0
7.69025997522725,54.3951751244628,2014-06-01,DE,1.0,88.0,120.0,3600.0,3600.0,Siemens,Siemens,SWT-3.6-120,SWT-3.6-120,1.0,Custom offshore wind farms,2014.0
7.69026468272776,54.3951772427835,2014-06-01,DE,1.0,88.0,120.0,3600.0,3600.0,Siemens,Siemens,SWT-3.6-120,SWT-3.6-120,1.0,Custom offshore wind farms,2014.0
7.72697443561575,54.3955428880557,2014-06-01,DE,1.0,88.0,120.0,3600.0,3600.0,Siemens,Siemens,SWT-3.6-120,SWT-3.6-120,1.0,Custom offshore wind farms,2014.0
7.7450353789597,54.3957732958445,2014-06-01,DE,1.0,88.0,120.0,3600.0,3600.0,Siemens,Siemens,SWT-3.6-120,SWT-3.6-120,1.0,Custom offshore wind farms,2014.0
7.7652732201092,54.3958417227985,2014-06-01,DE,1.0,88.0,120.0,3600.0,3600.0,Siemens,Siemens,SWT-3.6-120,SWT-3.6-120,1.0,Custom offshore wind farms,2014.0
7.67447199976566,54.3971580011156,2014-06-01,DE,1.0,88.0,120.0,3600.0,3600.0,Siemens,Siemens,SWT-3.6-120,SWT-3.6-120,1.0,Custom offshore wind farms,2014.0
7.70793055621337,54.3986572009514,2014-06-01,DE,1.0,88.0,120.0,3600.0,3600.0,Siemens,Siemens,SWT-3.6-120,SWT-3.6-120,1.0,Custom offshore wind farms,2014.0
7.66379935999746,54.399376559982,2014-06-01,DE,1.0,88.0,120.0,3600.0,3600.0,Siemens,Siemens,SWT-3.6-120,SWT-3.6-120,1.0,Custom offshore wind farms,2014.0
7.76470750109453,54.4007565022592,2014-06-01,DE,1.0,88.0,120.0,3600.0,3600.0,Siemens,Siemens,SWT-3.6-120,SWT-3.6-120,1.0,Custom offshore wind farms,2014.0
7.72569790907502,54.4014435493436,2014-06-01,DE,1.0,88.0,120.0,3600.0,3600.0,Siemens,Siemens,SWT-3.6-120,SWT-3.6-120,1.0,Custom offshore wind farms,2014.0
7.68836653443012,54.4015651371536,2014-06-01,DE,1.0,88.0,120.0,3600.0,3600.0,Siemens,Siemens,SWT-3.6-120,SWT-3.6-120,1.0,Custom offshore wind farms,2014.0
7.74605546852236,54.4017195759166,2014-06-01,DE,1.0,88.0,120.0,3600.0,3600.0,Siemens,Siemens,SWT-3.6-120,SWT-3.6-120,1.0,Custom offshore wind farms,2014.0
7.67362288726898,54.4030129597388,2014-06-01,DE,1.0,88.0,120.0,3600.0,3600.0,Siemens,Siemens,SWT-3.6-120,SWT-3.6-120,1.0,Custom offshore wind farms,2014.0
7.76413052654089,54.405671879755,2014-06-01,DE,1.0,88.0,120.0,3600.0,3600.0,Siemens,Siemens,SWT-3.6-120,SWT-3.6-120,1.0,Custom offshore wind farms,2014.0
7.70627199959856,54.4068470007141,2014-06-01,DE,1.0,88.0,120.0,3600.0,3600.0,Siemens,Siemens,SWT-3.6-120,SWT-3.6-120,1.0,Custom offshore wind farms,2014.0
7.74491097113258,54.4069117404145,2014-06-01,DE,1.0,88.0,120.0,3600.0,3600.0,Siemens,Siemens,SWT-3.6-120,SWT-3.6-120,1.0,Custom offshore wind farms,2014.0
7.72451487743522,54.407794582121,2014-06-01,DE,1.0,88.0,120.0,3600.0,3600.0,Siemens,Siemens,SWT-3.6-120,SWT-3.6-120,1.0,Custom offshore wind farms,2014.0
7.7635966910487,54.4105313383895,2014-06-01,DE,1.0,88.0,120.0,3600.0,3600.0,Siemens,Siemens,SWT-3.6-120,SWT-3.6-120,1.0,Custom offshore wind farms,2014.0
7.69726510085402,54.4121558270439,2014-06-01,DE,1.0,88.0,120.0,3600.0,3600.0,Siemens,Siemens,SWT-3.6-120,SWT-3.6-120,1.0,Custom offshore wind farms,2014.0
7.74274592677724,54.4137200984864,2014-06-01,DE,1.0,88.0,120.0,3600.0,3600.0,Siemens,Siemens,SWT-3.6-120,SWT-3.6-120,1.0,Custom offshore wind farms,2014.0
7.72440599989958,54.4153270008101,2014-06-01,DE,1.0,88.0,120.0,3600.0,3600.0,Siemens,Siemens,SWT-3.6-120,SWT-3.6-120,1.0,Custom offshore wind farms,2014.0
7.7052008918579,54.4153816778308,2014-06-01,DE,1.0,88.0,120.0,3600.0,3600.0,Siemens,Siemens,SWT-3.6-120,SWT-3.6-120,1.0,Custom offshore wind farms,2014.0
7.76305184948707,54.4154038012557,2014-06-01,DE,1.0,88.0,120.0,3600.0,3600.0,Siemens,Siemens,SWT-3.6-120,SWT-3.6-120,1.0,Custom offshore wind farms,2014.0
7.74834285914148,54.4186766834638,2014-06-01,DE,1.0,88.0,120.0,3600.0,3600.0,Siemens,Siemens,SWT-3.6-120,SWT-3.6-120,1.0,Custom offshore wind farms,2014.0
7.71633799966343,54.4196240007495,2014-06-01,DE,1.0,88.0,120.0,3600.0,3600.0,Siemens,Siemens,SWT-3.6-120,SWT-3.6-120,1.0,Custom offshore wind farms,2014.0
7.76247324538975,54.42028732733,2014-06-01,DE,1.0,88.0,120.0,3600.0,3600.0,Siemens,Siemens,SWT-3.6-120,SWT-3.6-120,1.0,Custom offshore wind farms,2014.0
7.72894800053537,54.424305000791,2014-06-01,DE,1.0,88.0,120.0,3600.0,3600.0,Siemens,Siemens,SWT-3.6-120,SWT-3.6-120,1.0,Custom offshore wind farms,2014.0
7.74124000023295,54.4250050010889,2014-06-01,DE,1.0,88.0,120.0,3600.0,3600.0,Siemens,Siemens,SWT-3.6-120,SWT-3.6-120,1.0,Custom offshore wind farms,2014.0
7.76207859651809,54.425199696786,2014-06-01,DE,1.0,88.0,120.0,3600.0,3600.0,Siemens,Siemens,SWT-3.6-120,SWT-3.6-120,1.0,Custom offshore wind farms,2014.0
7.75784699994682,54.4293620010807,2014-06-01,DE,1.0,88.0,120.0,3600.0,3600.0,Siemens,Siemens,SWT-3.6-120,SWT-3.6-120,1.0,Custom offshore wind farms,2014.0
7.73866199976054,54.4299970005523,2014-06-01,DE,1.0,88.0,120.0,3600.0,3600.0,Siemens,Siemens,SWT-3.6-120,SWT-3.6-120,1.0,Custom offshore wind farms,2014.0
7.75253000006423,54.433846001113,2014-06-01,DE,1.0,88.0,120.0,3600.0,3600.0,Siemens,Siemens,SWT-3.6-120,SWT-3.6-120,1.0,Custom offshore wind farms,2014.0
6.56868,54.0043,2019-06-01,DE,1.0,103.0,151.0,6000.0,6000.0,Siemens,Siemens,SWT-6.0-154,SWT-6.0-154,1.0,Custom offshore wind farms,2019.0
6.5166,54.0075,2019-06-01,DE,1.0,103.0,151.0,6000.0,6000.0,Siemens,Siemens,SWT-6.0-154,SWT-6.0-154,1.0,Custom offshore wind farms,2019.0
6.5288,54.0075,2019-06-01,DE,1.0,103.0,151.0,6000.0,6000.0,Siemens,Siemens,SWT-6.0-154,SWT-6.0-154,1.0,Custom offshore wind farms,2019.0
6.504436,54.007511,2019-06-01,DE,1.0,103.0,151.0,6000.0,6000.0,Siemens,Siemens,SWT-6.0-154,SWT-6.0-154,1.0,Custom offshore wind farms,2019.0
6.54105,54.00781,2019-06-01,DE,1.0,103.0,151.0,6000.0,6000.0,Siemens,Siemens,SWT-6.0-154,SWT-6.0-154,1.0,Custom offshore wind farms,2019.0
6.55589,54.0115699999999,2019-06-01,DE,1.0,103.0,151.0,6000.0,6000.0,Siemens,Siemens,SWT-6.0-154,SWT-6.0-154,1.0,Custom offshore wind farms,2019.0
6.5683,54.01172,2019-06-01,DE,1.0,103.0,151.0,6000.0,6000.0,Siemens,Siemens,SWT-6.0-154,SWT-6.0-154,1.0,Custom offshore wind farms,2019.0
6.5284,54.015,2019-06-01,DE,1.0,103.0,151.0,6000.0,6000.0,Siemens,Siemens,SWT-6.0-154,SWT-6.0-154,1.0,Custom offshore wind farms,2019.0
6.504008,54.015006,2019-06-01,DE,1.0,103.0,151.0,6000.0,6000.0,Siemens,Siemens,SWT-6.0-154,SWT-6.0-154,1.0,Custom offshore wind farms,2019.0
6.51618,54.01508,2019-06-01,DE,1.0,103.0,151.0,6000.0,6000.0,Siemens,Siemens,SWT-6.0-154,SWT-6.0-154,1.0,Custom offshore wind farms,2019.0
6.56792,54.01913,2019-06-01,DE,1.0,103.0,151.0,6000.0,6000.0,Siemens,Siemens,SWT-6.0-154,SWT-6.0-154,1.0,Custom offshore wind farms,2019.0
6.5556,54.01935,2019-06-01,DE,1.0,103.0,151.0,6000.0,6000.0,Siemens,Siemens,SWT-6.0-154,SWT-6.0-154,1.0,Custom offshore wind farms,2019.0
6.5431,54.02016,2019-06-01,DE,1.0,103.0,151.0,6000.0,6000.0,Siemens,Siemens,SWT-6.0-154,SWT-6.0-154,1.0,Custom offshore wind farms,2019.0
6.503589,54.022483,2019-06-01,DE,1.0,103.0,151.0,6000.0,6000.0,Siemens,Siemens,SWT-6.0-154,SWT-6.0-154,1.0,Custom offshore wind farms,2019.0
6.51578,54.02261,2019-06-01,DE,1.0,103.0,151.0,6000.0,6000.0,Siemens,Siemens,SWT-6.0-154,SWT-6.0-154,1.0,Custom offshore wind farms,2019.0
6.56758,54.02653,2019-06-01,DE,1.0,103.0,151.0,6000.0,6000.0,Siemens,Siemens,SWT-6.0-154,SWT-6.0-154,1.0,Custom offshore wind farms,2019.0
6.52992,54.02738,2019-06-01,DE,1.0,103.0,151.0,6000.0,6000.0,Siemens,Siemens,SWT-6.0-154,SWT-6.0-154,1.0,Custom offshore wind farms,2019.0
6.5426,54.0281,2019-06-01,DE,1.0,103.0,151.0,6000.0,6000.0,Siemens,Siemens,SWT-6.0-154,SWT-6.0-154,1.0,Custom offshore wind farms,2019.0
6.50335,54.02986,2019-06-01,DE,1.0,103.0,151.0,6000.0,6000.0,Siemens,Siemens,SWT-6.0-154,SWT-6.0-154,1.0,Custom offshore wind farms,2019.0
6.56713,54.03394,2019-06-01,DE,1.0,103.0,151.0,6000.0,6000.0,Siemens,Siemens,SWT-6.0-154,SWT-6.0-154,1.0,Custom offshore wind farms,2019.0
6.5547,54.0347,2019-06-01,DE,1.0,103.0,151.0,6000.0,6000.0,Siemens,Siemens,SWT-6.0-154,SWT-6.0-154,1.0,Custom offshore wind farms,2019.0
6.51659,54.03483,2019-06-01,DE,1.0,103.0,151.0,6000.0,6000.0,Siemens,Siemens,SWT-6.0-154,SWT-6.0-154,1.0,Custom offshore wind farms,2019.0
6.52945,54.03531,2019-06-01,DE,1.0,103.0,151.0,6000.0,6000.0,Siemens,Siemens,SWT-6.0-154,SWT-6.0-154,1.0,Custom offshore wind farms,2019.0
6.54219,54.0356,2019-06-01,DE,1.0,103.0,151.0,6000.0,6000.0,Siemens,Siemens,SWT-6.0-154,SWT-6.0-154,1.0,Custom offshore wind farms,2019.0
6.592,54.0363,2019-06-01,DE,1.0,103.0,151.0,6000.0,6000.0,Siemens,Siemens,SWT-6.0-154,SWT-6.0-154,1.0,Custom offshore wind farms,2019.0
6.6187,54.0363,2019-06-01,DE,1.0,103.0,151.0,6000.0,6000.0,Siemens,Siemens,SWT-6.0-154,SWT-6.0-154,1.0,Custom offshore wind farms,2019.0
6.60601,54.03631,2019-06-01,DE,1.0,103.0,151.0,6000.0,6000.0,Siemens,Siemens,SWT-6.0-154,SWT-6.0-154,1.0,Custom offshore wind farms,2019.0
6.57943999999999,54.03807,2019-06-01,DE,1.0,103.0,151.0,6000.0,6000.0,Siemens,Siemens,SWT-6.0-154,SWT-6.0-154,1.0,Custom offshore wind farms,2019.0
6.56673999999999,54.04135,2019-06-01,DE,1.0,103.0,151.0,6000.0,6000.0,Siemens,Siemens,SWT-6.0-154,SWT-6.0-154,1.0,Custom offshore wind farms,2019.0
6.55446,54.04283,2019-06-01,DE,1.0,103.0,151.0,6000.0,6000.0,Siemens,Siemens,SWT-6.0-154,SWT-6.0-154,1.0,Custom offshore wind farms,2019.0
6.51614,54.04309,2019-06-01,DE,1.0,103.0,151.0,6000.0,6000.0,Siemens,Siemens,SWT-6.0-154,SWT-6.0-154,1.0,Custom offshore wind farms,2019.0
6.5417,54.0435,2019-06-01,DE,1.0,103.0,151.0,6000.0,6000.0,Siemens,Siemens,SWT-6.0-154,SWT-6.0-154,1.0,Custom offshore wind farms,2019.0
6.6188,54.0435,2019-06-01,DE,1.0,103.0,151.0,6000.0,6000.0,Siemens,Siemens,SWT-6.0-154,SWT-6.0-154,1.0,Custom offshore wind farms,2019.0
6.60583,54.04365,2019-06-01,DE,1.0,103.0,151.0,6000.0,6000.0,Siemens,Siemens,SWT-6.0-154,SWT-6.0-154,1.0,Custom offshore wind farms,2019.0
6.59161,54.0437,2019-06-01,DE,1.0,103.0,151.0,6000.0,6000.0,Siemens,Siemens,SWT-6.0-154,SWT-6.0-154,1.0,Custom offshore wind farms,2019.0
6.52896,54.04371,2019-06-01,DE,1.0,103.0,151.0,6000.0,6000.0,Siemens,Siemens,SWT-6.0-154,SWT-6.0-154,1.0,Custom offshore wind farms,2019.0
6.57901,54.04563,2019-06-01,DE,1.0,103.0,151.0,6000.0,6000.0,Siemens,Siemens,SWT-6.0-154,SWT-6.0-154,1.0,Custom offshore wind farms,2019.0
6.56643,54.04876,2019-06-01,DE,1.0,103.0,151.0,6000.0,6000.0,Siemens,Siemens,SWT-6.0-154,SWT-6.0-154,1.0,Custom offshore wind farms,2019.0
6.6097,54.0503,2019-06-01,DE,1.0,103.0,151.0,6000.0,6000.0,Siemens,Siemens,SWT-6.0-154,SWT-6.0-154,1.0,Custom offshore wind farms,2019.0
6.55395,54.05045,2019-06-01,DE,1.0,103.0,151.0,6000.0,6000.0,Siemens,Siemens,SWT-6.0-154,SWT-6.0-154,1.0,Custom offshore wind farms,2019.0
6.5412,54.051,2019-06-01,DE,1.0,103.0,151.0,6000.0,6000.0,Siemens,Siemens,SWT-6.0-154,SWT-6.0-154,1.0,Custom offshore wind farms,2019.0
6.59118999999999,54.05103,2019-06-01,DE,1.0,103.0,151.0,6000.0,6000.0,Siemens,Siemens,SWT-6.0-154,SWT-6.0-154,1.0,Custom offshore wind farms,2019.0
6.52849,54.05163,2019-06-01,DE,1.0,103.0,151.0,6000.0,6000.0,Siemens,Siemens,SWT-6.0-154,SWT-6.0-154,1.0,Custom offshore wind farms,2019.0
6.57858,54.05318,2019-06-01,DE,1.0,103.0,151.0,6000.0,6000.0,Siemens,Siemens,SWT-6.0-154,SWT-6.0-154,1.0,Custom offshore wind farms,2019.0
6.566,54.05617,2019-06-01,DE,1.0,103.0,151.0,6000.0,6000.0,Siemens,Siemens,SWT-6.0-154,SWT-6.0-154,1.0,Custom offshore wind farms,2019.0
6.60171,54.05649,2019-06-01,DE,1.0,103.0,151.0,6000.0,6000.0,Siemens,Siemens,SWT-6.0-154,SWT-6.0-154,1.0,Custom offshore wind farms,2019.0
6.55354,54.05823,2019-06-01,DE,1.0,103.0,151.0,6000.0,6000.0,Siemens,Siemens,SWT-6.0-154,SWT-6.0-154,1.0,Custom offshore wind farms,2019.0
6.59076,54.05836,2019-06-01,DE,1.0,103.0,151.0,6000.0,6000.0,Siemens,Siemens,SWT-6.0-154,SWT-6.0-154,1.0,Custom offshore wind farms,2019.0
6.54082,54.05863,2019-06-01,DE,1.0,103.0,151.0,6000.0,6000.0,Siemens,Siemens,SWT-6.0-154,SWT-6.0-154,1.0,Custom offshore wind farms,2019.0
6.528,54.0589,2019-06-01,DE,1.0,103.0,151.0,6000.0,6000.0,Siemens,Siemens,SWT-6.0-154,SWT-6.0-154,1.0,Custom offshore wind farms,2019.0
6.57815,54.06074,2019-06-01,DE,1.0,103.0,151.0,6000.0,6000.0,Siemens,Siemens,SWT-6.0-154,SWT-6.0-154,1.0,Custom offshore wind farms,2019.0
6.56558,54.06358,2019-06-01,DE,1.0,103.0,151.0,6000.0,6000.0,Siemens,Siemens,SWT-6.0-154,SWT-6.0-154,1.0,Custom offshore wind farms,2019.0
6.59033,54.06569,2019-06-01,DE,1.0,103.0,151.0,6000.0,6000.0,Siemens,Siemens,SWT-6.0-154,SWT-6.0-154,1.0,Custom offshore wind farms,2019.0
6.55311,54.06601,2019-06-01,DE,1.0,103.0,151.0,6000.0,6000.0,Siemens,Siemens,SWT-6.0-154,SWT-6.0-154,1.0,Custom offshore wind farms,2019.0
6.54035,54.0662,2019-06-01,DE,1.0,103.0,151.0,6000.0,6000.0,Siemens,Siemens,SWT-6.0-154,SWT-6.0-154,1.0,Custom offshore wind farms,2019.0
6.57771999999999,54.06829,2019-06-01,DE,1.0,103.0,151.0,6000.0,6000.0,Siemens,Siemens,SWT-6.0-154,SWT-6.0-154,1.0,Custom offshore wind farms,2019.0
6.56518,54.07099,2019-06-01,DE,1.0,103.0,151.0,6000.0,6000.0,Siemens,Siemens,SWT-6.0-154,SWT-6.0-154,1.0,Custom offshore wind farms,2019.0
6.5404,54.0737,2019-06-01,DE,1.0,103.0,151.0,6000.0,6000.0,Siemens,Siemens,SWT-6.0-154,SWT-6.0-154,1.0,Custom offshore wind farms,2019.0
6.55262,54.07378,2019-06-01,DE,1.0,103.0,151.0,6000.0,6000.0,Siemens,Siemens,SWT-6.0-154,SWT-6.0-154,1.0,Custom offshore wind farms,2019.0
6.57729,54.07586,2019-06-01,DE,1.0,103.0,151.0,6000.0,6000.0,Siemens,Siemens,SWT-6.0-154,SWT-6.0-154,1.0,Custom offshore wind farms,2019.0
6.5648,54.07839,2019-06-01,DE,1.0,103.0,151.0,6000.0,6000.0,Siemens,Siemens,SWT-6.0-154,SWT-6.0-154,1.0,Custom offshore wind farms,2019.0
6.5399,54.08139,2019-06-01,DE,1.0,103.0,151.0,6000.0,6000.0,Siemens,Siemens,SWT-6.0-154,SWT-6.0-154,1.0,Custom offshore wind farms,2019.0
6.5522,54.08156,2019-06-01,DE,1.0,103.0,151.0,6000.0,6000.0,Siemens,Siemens,SWT-6.0-154,SWT-6.0-154,1.0,Custom offshore wind farms,2019.0
6.56441,54.08581,2019-06-01,DE,1.0,103.0,151.0,6000.0,6000.0,Siemens,Siemens,SWT-6.0-154,SWT-6.0-154,1.0,Custom offshore wind farms,2019.0
6.53954,54.08908,2019-06-01,DE,1.0,103.0,151.0,6000.0,6000.0,Siemens,Siemens,SWT-6.0-154,SWT-6.0-154,1.0,Custom offshore wind farms,2019.0
6.55179,54.08924,2019-06-01,DE,1.0,103.0,151.0,6000.0,6000.0,Siemens,Siemens,SWT-6.0-154,SWT-6.0-154,1.0,Custom offshore wind farms,2019.0
12.6683733685839,55.6759201084102,2001-03-01,DK,1.0,69.0,82.4,2300.0,2300.0,Siemens,Bonus,B82/2300,B82-2300,1.0,Custom offshore wind farms,2001.0
12.6688581479662,55.677533989131,2001-03-01,DK,1.0,69.0,82.4,2300.0,2300.0,Siemens,Bonus,B82/2300,B82-2300,1.0,Custom offshore wind farms,2001.0
12.6692533191955,55.679159182423,2001-03-01,DK,1.0,69.0,82.4,2300.0,2300.0,Siemens,Bonus,B82/2300,B82-2300,1.0,Custom offshore wind farms,2001.0
12.6696331317851,55.6807848343702,2001-03-01,DK,1.0,69.0,82.4,2300.0,2300.0,Siemens,Bonus,B82/2300,B82-2300,1.0,Custom offshore wind farms,2001.0
12.6699526686184,55.6824122894821,2001-03-01,DK,1.0,69.0,82.4,2300.0,2300.0,Siemens,Bonus,B82/2300,B82-2300,1.0,Custom offshore wind farms,2001.0
12.6701979656098,55.684059051141,2001-03-01,DK,1.0,69.0,82.4,2300.0,2300.0,Siemens,Bonus,B82/2300,B82-2300,1.0,Custom offshore wind farms,2001.0
12.6704267766863,55.685689310711,2001-03-01,DK,1.0,69.0,82.4,2300.0,2300.0,Siemens,Bonus,B82/2300,B82-2300,1.0,Custom offshore wind farms,2001.0
12.6705806857823,55.687330264613,2001-03-01,DK,1.0,69.0,82.4,2300.0,2300.0,Siemens,Bonus,B82/2300,B82-2300,1.0,Custom offshore wind farms,2001.0
12.6707195223051,55.6889715795288,2001-03-01,DK,1.0,69.0,82.4,2300.0,2300.0,Siemens,Bonus,B82/2300,B82-2300,1.0,Custom offshore wind farms,2001.0
12.6707531567909,55.6906248556235,2001-03-01,DK,1.0,69.0,82.4,2300.0,2300.0,Siemens,Bonus,B82/2300,B82-2300,1.0,Custom offshore wind farms,2001.0
12.6707397707653,55.6922621841393,2001-03-01,DK,1.0,69.0,82.4,2300.0,2300.0,Siemens,Bonus,B82/2300,B82-2300,1.0,Custom offshore wind farms,2001.0
12.6707114718192,55.6939000486697,2001-03-01,DK,1.0,69.0,82.4,2300.0,2300.0,Siemens,Bonus,B82/2300,B82-2300,1.0,Custom offshore wind farms,2001.0
12.6705780686855,55.6955495113234,2001-03-01,DK,1.0,69.0,82.4,2300.0,2300.0,Siemens,Bonus,B82/2300,B82-2300,1.0,Custom offshore wind farms,2001.0
12.6704435573248,55.6971906438771,2001-03-01,DK,1.0,69.0,82.4,2300.0,2300.0,Siemens,Bonus,B82/2300,B82-2300,1.0,Custom offshore wind farms,2001.0
12.6702328022304,55.6988253351703,2001-03-01,DK,1.0,69.0,82.4,2300.0,2300.0,Siemens,Bonus,B82/2300,B82-2300,1.0,Custom offshore wind farms,2001.0
12.669961385342,55.7004619306819,2001-03-01,DK,1.0,69.0,82.4,2300.0,2300.0,Siemens,Bonus,B82/2300,B82-2300,1.0,Custom offshore wind farms,2001.0
12.6696286501178,55.7020918170942,2001-03-01,DK,1.0,69.0,82.4,2300.0,2300.0,Siemens,Bonus,B82/2300,B82-2300,1.0,Custom offshore wind farms,2001.0
12.6692655429293,55.7037224306701,2001-03-01,DK,1.0,69.0,82.4,2300.0,2300.0,Siemens,Bonus,B82/2300,B82-2300,1.0,Custom offshore wind farms,2001.0
12.6688419123854,55.7053549427303,2001-03-01,DK,1.0,69.0,82.4,2300.0,2300.0,Siemens,Bonus,B82/2300,B82-2300,1.0,Custom offshore wind farms,2001.0
12.668355503845,55.7069637025182,2001-03-01,DK,1.0,69.0,82.4,2300.0,2300.0,Siemens,Bonus,B82/2300,B82-2300,1.0,Custom offshore wind farms,2001.0
8.24150251025722,56.6648347733831,2017-10-01,DK,1.0,105.0,154.0,7000.0,7000.0,Siemens,Siemens,SWT-7.0-154,SWT-7.0-154,1.0,Custom offshore wind farms,2017.0
8.25605060061678,56.6692529497711,2017-10-01,DK,1.0,105.0,154.0,7000.0,7000.0,Siemens,Siemens,SWT-7.0-154,SWT-7.0-154,1.0,Custom offshore wind farms,2017.0
8.2340697364154,56.6725247511143,2017-10-01,DK,1.0,105.0,154.0,7000.0,7000.0,Siemens,Siemens,SWT-7.0-154,SWT-7.0-154,1.0,Custom offshore wind farms,2017.0
8.25175082546818,56.6770794387771,2017-10-01,DK,1.0,105.0,154.0,7000.0,7000.0,Siemens,Siemens,SWT-7.0-154,SWT-7.0-154,1.0,Custom offshore wind farms,2017.0
6.747665,53.961503,2017-11-06,DE,1.0,90.0,126.0,6150.0,6150.0,Senvion,Senvion,6.2M126,6.2M126,1.0,Custom offshore wind farms,2017.0
6.760853,53.962426,2017-11-06,DE,1.0,90.0,126.0,6150.0,6150.0,Senvion,Senvion,6.2M126,6.2M126,1.0,Custom offshore wind farms,2017.0
6.774029,53.963348,2017-11-06,DE,1.0,90.0,126.0,6150.0,6150.0,Senvion,Senvion,6.2M126,6.2M126,1.0,Custom offshore wind farms,2017.0
6.785587,53.966211,2017-11-06,DE,1.0,90.0,126.0,6150.0,6150.0,Senvion,Senvion,6.2M126,6.2M126,1.0,Custom offshore wind farms,2017.0
6.747664,53.9672699999999,2017-11-06,DE,1.0,90.0,126.0,6150.0,6150.0,Senvion,Senvion,6.2M126,6.2M126,1.0,Custom offshore wind farms,2017.0
6.770996,53.9688319999999,2017-11-06,DE,1.0,90.0,126.0,6150.0,6150.0,Senvion,Senvion,6.2M126,6.2M126,1.0,Custom offshore wind farms,2017.0
6.851852,53.969027,2017-11-06,DE,1.0,90.0,126.0,6150.0,6150.0,Senvion,Senvion,6.2M126,6.2M126,1.0,Custom offshore wind farms,2017.0
6.815042,53.970193,2017-11-06,DE,1.0,90.0,126.0,6150.0,6150.0,Senvion,Senvion,6.2M126,6.2M126,1.0,Custom offshore wind farms,2017.0
6.864935,53.970894,2017-11-06,DE,1.0,90.0,126.0,6150.0,6150.0,Senvion,Senvion,6.2M126,6.2M126,1.0,Custom offshore wind farms,2017.0
6.759338,53.970931,2017-11-06,DE,1.0,90.0,126.0,6150.0,6150.0,Senvion,Senvion,6.2M126,6.2M126,1.0,Custom offshore wind farms,2017.0
6.828554,53.970981,2017-11-06,DE,1.0,90.0,126.0,6150.0,6150.0,Senvion,Senvion,6.2M126,6.2M126,1.0,Custom offshore wind farms,2017.0
6.841131,53.971768,2017-11-06,DE,1.0,90.0,126.0,6150.0,6150.0,Senvion,Senvion,6.2M126,6.2M126,1.0,Custom offshore wind farms,2017.0
6.80366,53.972179,2017-11-06,DE,1.0,90.0,126.0,6150.0,6150.0,Senvion,Senvion,6.2M126,6.2M126,1.0,Custom offshore wind farms,2017.0
6.877842,53.972948,2017-11-06,DE,1.0,90.0,126.0,6150.0,6150.0,Senvion,Senvion,6.2M126,6.2M126,1.0,Custom offshore wind farms,2017.0
6.74766799999999,53.973022,2017-11-06,DE,1.0,90.0,126.0,6150.0,6150.0,Senvion,Senvion,6.2M126,6.2M126,1.0,Custom offshore wind farms,2017.0
6.792313,53.974219,2017-11-06,DE,1.0,90.0,126.0,6150.0,6150.0,Senvion,Senvion,6.2M126,6.2M126,1.0,Custom offshore wind farms,2017.0
6.890859,53.974963,2017-11-06,DE,1.0,90.0,126.0,6150.0,6150.0,Senvion,Senvion,6.2M126,6.2M126,1.0,Custom offshore wind farms,2017.0
6.780955,53.976259,2017-11-06,DE,1.0,90.0,126.0,6150.0,6150.0,Senvion,Senvion,6.2M126,6.2M126,1.0,Custom offshore wind farms,2017.0
6.903077,53.976855,2017-11-06,DE,1.0,90.0,126.0,6150.0,6150.0,Senvion,Senvion,6.2M126,6.2M126,1.0,Custom offshore wind farms,2017.0
6.81773699999999,53.977574,2017-11-06,DE,1.0,90.0,126.0,6150.0,6150.0,Senvion,Senvion,6.2M126,6.2M126,1.0,Custom offshore wind farms,2017.0
6.769645,53.97829,2017-11-06,DE,1.0,90.0,126.0,6150.0,6150.0,Senvion,Senvion,6.2M126,6.2M126,1.0,Custom offshore wind farms,2017.0
6.830285,53.978336,2017-11-06,DE,1.0,90.0,126.0,6150.0,6150.0,Senvion,Senvion,6.2M126,6.2M126,1.0,Custom offshore wind farms,2017.0
6.84284799999999,53.979129,2017-11-06,DE,1.0,90.0,126.0,6150.0,6150.0,Senvion,Senvion,6.2M126,6.2M126,1.0,Custom offshore wind farms,2017.0
6.869561,53.979176,2017-11-06,DE,1.0,90.0,126.0,6150.0,6150.0,Senvion,Senvion,6.2M126,6.2M126,1.0,Custom offshore wind farms,2017.0
6.80389199999999,53.979529,2017-11-06,DE,1.0,90.0,126.0,6150.0,6150.0,Senvion,Senvion,6.2M126,6.2M126,1.0,Custom offshore wind farms,2017.0
6.758313,53.980316,2017-11-06,DE,1.0,90.0,126.0,6150.0,6150.0,Senvion,Senvion,6.2M126,6.2M126,1.0,Custom offshore wind farms,2017.0
6.85785099999999,53.980677,2017-11-06,DE,1.0,90.0,126.0,6150.0,6150.0,Senvion,Senvion,6.2M126,6.2M126,1.0,Custom offshore wind farms,2017.0
6.8821,53.980949,2017-11-06,DE,1.0,90.0,126.0,6150.0,6150.0,Senvion,Senvion,6.2M126,6.2M126,1.0,Custom offshore wind farms,2017.0
6.79249799999999,53.981511,2017-11-06,DE,1.0,90.0,126.0,6150.0,6150.0,Senvion,Senvion,6.2M126,6.2M126,1.0,Custom offshore wind farms,2017.0
6.747666,53.98223,2017-11-06,DE,1.0,90.0,126.0,6150.0,6150.0,Senvion,Senvion,6.2M126,6.2M126,1.0,Custom offshore wind farms,2017.0
6.894563,53.982799,2017-11-06,DE,1.0,90.0,126.0,6150.0,6150.0,Senvion,Senvion,6.2M126,6.2M126,1.0,Custom offshore wind farms,2017.0
6.78116199999999,53.98358,2017-11-06,DE,1.0,90.0,126.0,6150.0,6150.0,Senvion,Senvion,6.2M126,6.2M126,1.0,Custom offshore wind farms,2017.0
6.814365,53.984736,2017-11-06,DE,1.0,90.0,126.0,6150.0,6150.0,Senvion,Senvion,6.2M126,6.2M126,1.0,Custom offshore wind farms,2017.0
6.82695,53.985343,2017-11-06,DE,1.0,90.0,126.0,6150.0,6150.0,Senvion,Senvion,6.2M126,6.2M126,1.0,Custom offshore wind farms,2017.0
6.769785,53.985651,2017-11-06,DE,1.0,90.0,126.0,6150.0,6150.0,Senvion,Senvion,6.2M126,6.2M126,1.0,Custom offshore wind farms,2017.0
6.869586,53.98619,2017-11-06,DE,1.0,90.0,126.0,6150.0,6150.0,Senvion,Senvion,6.2M126,6.2M126,1.0,Custom offshore wind farms,2017.0
6.802895,53.986698,2017-11-06,DE,1.0,90.0,126.0,6150.0,6150.0,Senvion,Senvion,6.2M126,6.2M126,1.0,Custom offshore wind farms,2017.0
6.845514,53.987326,2017-11-06,DE,1.0,90.0,126.0,6150.0,6150.0,Senvion,Senvion,6.2M126,6.2M126,1.0,Custom offshore wind farms,2017.0
6.75851,53.987792,2017-11-06,DE,1.0,90.0,126.0,6150.0,6150.0,Senvion,Senvion,6.2M126,6.2M126,1.0,Custom offshore wind farms,2017.0
6.747671,53.988069,2017-11-06,DE,1.0,90.0,126.0,6150.0,6150.0,Senvion,Senvion,6.2M126,6.2M126,1.0,Custom offshore wind farms,2017.0
6.881949,53.988391,2017-11-06,DE,1.0,90.0,126.0,6150.0,6150.0,Senvion,Senvion,6.2M126,6.2M126,1.0,Custom offshore wind farms,2017.0
6.791549,53.988722,2017-11-06,DE,1.0,90.0,126.0,6150.0,6150.0,Senvion,Senvion,6.2M126,6.2M126,1.0,Custom offshore wind farms,2017.0
6.894523,53.990115,2017-11-06,DE,1.0,90.0,126.0,6150.0,6150.0,Senvion,Senvion,6.2M126,6.2M126,1.0,Custom offshore wind farms,2017.0
6.780147,53.990746,2017-11-06,DE,1.0,90.0,126.0,6150.0,6150.0,Senvion,Senvion,6.2M126,6.2M126,1.0,Custom offshore wind farms,2017.0
6.819513,53.991897,2017-11-06,DE,1.0,90.0,126.0,6150.0,6150.0,Senvion,Senvion,6.2M126,6.2M126,1.0,Custom offshore wind farms,2017.0
6.832096,53.992491,2017-11-06,DE,1.0,90.0,126.0,6150.0,6150.0,Senvion,Senvion,6.2M126,6.2M126,1.0,Custom offshore wind farms,2017.0
6.768856,53.992815,2017-11-06,DE,1.0,90.0,126.0,6150.0,6150.0,Senvion,Senvion,6.2M126,6.2M126,1.0,Custom offshore wind farms,2017.0
6.84460099999999,53.992927,2017-11-06,DE,1.0,90.0,126.0,6150.0,6150.0,Senvion,Senvion,6.2M126,6.2M126,1.0,Custom offshore wind farms,2017.0
6.857102,53.993622,2017-11-06,DE,1.0,90.0,126.0,6150.0,6150.0,Senvion,Senvion,6.2M126,6.2M126,1.0,Custom offshore wind farms,2017.0
6.74768,53.993911,2017-11-06,DE,1.0,90.0,126.0,6150.0,6150.0,Senvion,Senvion,6.2M126,6.2M126,1.0,Custom offshore wind farms,2017.0
6.802026,53.994328,2017-11-06,DE,1.0,90.0,126.0,6150.0,6150.0,Senvion,Senvion,6.2M126,6.2M126,1.0,Custom offshore wind farms,2017.0
6.869546,53.994674,2017-11-06,DE,1.0,90.0,126.0,6150.0,6150.0,Senvion,Senvion,6.2M126,6.2M126,1.0,Custom offshore wind farms,2017.0
6.882012,53.995697,2017-11-06,DE,1.0,90.0,126.0,6150.0,6150.0,Senvion,Senvion,6.2M126,6.2M126,1.0,Custom offshore wind farms,2017.0
6.894514,53.997427,2017-11-06,DE,1.0,90.0,126.0,6150.0,6150.0,Senvion,Senvion,6.2M126,6.2M126,1.0,Custom offshore wind farms,2017.0
11.7610494365292,54.527264420872,2003-09-01,DK,1.0,69.0,82.4,2300.0,2300.0,Siemens,Bonus,B82/2300,B82-2300,1.0,Custom offshore wind farms,2003.0
11.7478485434039,54.528617146943,2003-09-01,DK,1.0,69.0,82.4,2300.0,2300.0,Siemens,Bonus,B82/2300,B82-2300,1.0,Custom offshore wind farms,2003.0
11.7346513600231,54.5299683361838,2003-09-01,DK,1.0,69.0,82.4,2300.0,2300.0,Siemens,Bonus,B82/2300,B82-2300,1.0,Custom offshore wind farms,2003.0
11.7214486266618,54.5313181983972,2003-09-01,DK,1.0,69.0,82.4,2300.0,2300.0,Siemens,Bonus,B82/2300,B82-2300,1.0,Custom offshore wind farms,2003.0
11.7610452893179,54.5315979510637,2003-09-01,DK,1.0,69.0,82.4,2300.0,2300.0,Siemens,Bonus,B82/2300,B82-2300,1.0,Custom offshore wind farms,2003.0
11.708248061918,54.5326665589227,2003-09-01,DK,1.0,69.0,82.4,2300.0,2300.0,Siemens,Bonus,B82/2300,B82-2300,1.0,Custom offshore wind farms,2003.0
11.7478507195576,54.5329505164796,2003-09-01,DK,1.0,69.0,82.4,2300.0,2300.0,Siemens,Bonus,B82/2300,B82-2300,1.0,Custom offshore wind farms,2003.0
11.695052754646,54.5340133497087,2003-09-01,DK,1.0,69.0,82.4,2300.0,2300.0,Siemens,Bonus,B82/2300,B82-2300,1.0,Custom offshore wind farms,2003.0
11.7346505985126,54.5343017560444,2003-09-01,DK,1.0,69.0,82.4,2300.0,2300.0,Siemens,Bonus,B82/2300,B82-2300,1.0,Custom offshore wind farms,2003.0
11.6818441815018,54.5353589835363,2003-09-01,DK,1.0,69.0,82.4,2300.0,2300.0,Siemens,Bonus,B82/2300,B82-2300,1.0,Custom offshore wind farms,2003.0
11.721449557802,54.5356515637583,2003-09-01,DK,1.0,69.0,82.4,2300.0,2300.0,Siemens,Bonus,B82/2300,B82-2300,1.0,Custom offshore wind farms,2003.0
11.7610482690548,54.5359223255292,2003-09-01,DK,1.0,69.0,82.4,2300.0,2300.0,Siemens,Bonus,B82/2300,B82-2300,1.0,Custom offshore wind farms,2003.0
11.6686362364263,54.5367031494197,2003-09-01,DK,1.0,69.0,82.4,2300.0,2300.0,Siemens,Bonus,B82/2300,B82-2300,1.0,Custom offshore wind farms,2003.0
11.7082485474771,54.5369909277434,2003-09-01,DK,1.0,69.0,82.4,2300.0,2300.0,Siemens,Bonus,B82/2300,B82-2300,1.0,Custom offshore wind farms,2003.0
11.7478507645992,54.5372749415666,2003-09-01,DK,1.0,69.0,82.4,2300.0,2300.0,Siemens,Bonus,B82/2300,B82-2300,1.0,Custom offshore wind farms,2003.0
11.6950472173811,54.5383378367347,2003-09-01,DK,1.0,69.0,82.4,2300.0,2300.0,Siemens,Bonus,B82/2300,B82-2300,1.0,Custom offshore wind farms,2003.0
11.7346507956377,54.5386261613454,2003-09-01,DK,1.0,69.0,82.4,2300.0,2300.0,Siemens,Bonus,B82/2300,B82-2300,1.0,Custom offshore wind farms,2003.0
11.68184401603,54.5396923250457,2003-09-01,DK,1.0,69.0,82.4,2300.0,2300.0,Siemens,Bonus,B82/2300,B82-2300,1.0,Custom offshore wind farms,2003.0
11.7214483630143,54.5399759841367,2003-09-01,DK,1.0,69.0,82.4,2300.0,2300.0,Siemens,Bonus,B82/2300,B82-2300,1.0,Custom offshore wind farms,2003.0
11.7610481774042,54.5402467677599,2003-09-01,DK,1.0,69.0,82.4,2300.0,2300.0,Siemens,Bonus,B82/2300,B82-2300,1.0,Custom offshore wind farms,2003.0
11.6686408512846,54.5410363693631,2003-09-01,DK,1.0,69.0,82.4,2300.0,2300.0,Siemens,Bonus,B82/2300,B82-2300,1.0,Custom offshore wind farms,2003.0
11.7082496434094,54.5413242708577,2003-09-01,DK,1.0,69.0,82.4,2300.0,2300.0,Siemens,Bonus,B82/2300,B82-2300,1.0,Custom offshore wind farms,2003.0
11.7478492813397,54.5415993989928,2003-09-01,DK,1.0,69.0,82.4,2300.0,2300.0,Siemens,Bonus,B82/2300,B82-2300,1.0,Custom offshore wind farms,2003.0
11.6950484623764,54.5426711604777,2003-09-01,DK,1.0,69.0,82.4,2300.0,2300.0,Siemens,Bonus,B82/2300,B82-2300,1.0,Custom offshore wind farms,2003.0
11.7346494643507,54.5429505988138,2003-09-01,DK,1.0,69.0,82.4,2300.0,2300.0,Siemens,Bonus,B82/2300,B82-2300,1.0,Custom offshore wind farms,2003.0
11.6818463648558,54.544016618016,2003-09-01,DK,1.0,69.0,82.4,2300.0,2300.0,Siemens,Bonus,B82/2300,B82-2300,1.0,Custom offshore wind farms,2003.0
11.7214487274856,54.544300366998,2003-09-01,DK,1.0,69.0,82.4,2300.0,2300.0,Siemens,Bonus,B82/2300,B82-2300,1.0,Custom offshore wind farms,2003.0
11.7610502519798,54.5445801486349,2003-09-01,DK,1.0,69.0,82.4,2300.0,2300.0,Siemens,Bonus,B82/2300,B82-2300,1.0,Custom offshore wind farms,2003.0
11.6686402635755,54.5453607114183,2003-09-01,DK,1.0,69.0,82.4,2300.0,2300.0,Siemens,Bonus,B82/2300,B82-2300,1.0,Custom offshore wind farms,2003.0
11.7082501600371,54.5456486341395,2003-09-01,DK,1.0,69.0,82.4,2300.0,2300.0,Siemens,Bonus,B82/2300,B82-2300,1.0,Custom offshore wind farms,2003.0
11.7478515052195,54.5459327602327,2003-09-01,DK,1.0,69.0,82.4,2300.0,2300.0,Siemens,Bonus,B82/2300,B82-2300,1.0,Custom offshore wind farms,2003.0
11.695049130892,54.5469955042889,2003-09-01,DK,1.0,69.0,82.4,2300.0,2300.0,Siemens,Bonus,B82/2300,B82-2300,1.0,Custom offshore wind farms,2003.0
11.7346502932789,54.5472839754533,2003-09-01,DK,1.0,69.0,82.4,2300.0,2300.0,Siemens,Bonus,B82/2300,B82-2300,1.0,Custom offshore wind farms,2003.0
11.6818440966397,54.5483410109731,2003-09-01,DK,1.0,69.0,82.4,2300.0,2300.0,Siemens,Bonus,B82/2300,B82-2300,1.0,Custom offshore wind farms,2003.0
11.7214527938734,54.5486336545271,2003-09-01,DK,1.0,69.0,82.4,2300.0,2300.0,Siemens,Bonus,B82/2300,B82-2300,1.0,Custom offshore wind farms,2003.0
11.7610501919185,54.5489045853549,2003-09-01,DK,1.0,69.0,82.4,2300.0,2300.0,Siemens,Bonus,B82/2300,B82-2300,1.0,Custom offshore wind farms,2003.0
11.6686402772744,54.5496940280389,2003-09-01,DK,1.0,69.0,82.4,2300.0,2300.0,Siemens,Bonus,B82/2300,B82-2300,1.0,Custom offshore wind farms,2003.0
11.708251287235,54.5499819717021,2003-09-01,DK,1.0,69.0,82.4,2300.0,2300.0,Siemens,Bonus,B82/2300,B82-2300,1.0,Custom offshore wind farms,2003.0
11.7478515972182,54.5502571770484,2003-09-01,DK,1.0,69.0,82.4,2300.0,2300.0,Siemens,Bonus,B82/2300,B82-2300,1.0,Custom offshore wind farms,2003.0
11.6950473183594,54.5513288913219,2003-09-01,DK,1.0,69.0,82.4,2300.0,2300.0,Siemens,Bonus,B82/2300,B82-2300,1.0,Custom offshore wind farms,2003.0
11.734652081382,54.5516083375436,2003-09-01,DK,1.0,69.0,82.4,2300.0,2300.0,Siemens,Bonus,B82/2300,B82-2300,1.0,Custom offshore wind farms,2003.0
11.6818455213563,54.5526743098889,2003-09-01,DK,1.0,69.0,82.4,2300.0,2300.0,Siemens,Bonus,B82/2300,B82-2300,1.0,Custom offshore wind farms,2003.0
11.721448556696,54.5529581361398,2003-09-01,DK,1.0,69.0,82.4,2300.0,2300.0,Siemens,Bonus,B82/2300,B82-2300,1.0,Custom offshore wind farms,2003.0
11.7610522986113,54.5532379607028,2003-09-01,DK,1.0,69.0,82.4,2300.0,2300.0,Siemens,Bonus,B82/2300,B82-2300,1.0,Custom offshore wind farms,2003.0
11.6686412642165,54.5540183304524,2003-09-01,DK,1.0,69.0,82.4,2300.0,2300.0,Siemens,Bonus,B82/2300,B82-2300,1.0,Custom offshore wind farms,2003.0
11.7082518349446,54.5543063294454,2003-09-01,DK,1.0,69.0,82.4,2300.0,2300.0,Siemens,Bonus,B82/2300,B82-2300,1.0,Custom offshore wind farms,2003.0
11.7478492199021,54.5545906380529,2003-09-01,DK,1.0,69.0,82.4,2300.0,2300.0,Siemens,Bonus,B82/2300,B82-2300,1.0,Custom offshore wind farms,2003.0
11.6950495620606,54.5556531951648,2003-09-01,DK,1.0,69.0,82.4,2300.0,2300.0,Siemens,Bonus,B82/2300,B82-2300,1.0,Custom offshore wind farms,2003.0
11.7346523409193,54.5559327318036,2003-09-01,DK,1.0,69.0,82.4,2300.0,2300.0,Siemens,Bonus,B82/2300,B82-2300,1.0,Custom offshore wind farms,2003.0
11.6818432830688,54.5569986973038,2003-09-01,DK,1.0,69.0,82.4,2300.0,2300.0,Siemens,Bonus,B82/2300,B82-2300,1.0,Custom offshore wind farms,2003.0
11.72145265494,54.5572914181195,2003-09-01,DK,1.0,69.0,82.4,2300.0,2300.0,Siemens,Bonus,B82/2300,B82-2300,1.0,Custom offshore wind farms,2003.0
11.7610522701527,54.5575623919125,2003-09-01,DK,1.0,69.0,82.4,2300.0,2300.0,Siemens,Bonus,B82/2300,B82-2300,1.0,Custom offshore wind farms,2003.0
11.668645355828,54.5583425619083,2003-09-01,DK,1.0,69.0,82.4,2300.0,2300.0,Siemens,Bonus,B82/2300,B82-2300,1.0,Custom offshore wind farms,2003.0
11.7082529934213,54.5586396614568,2003-09-01,DK,1.0,69.0,82.4,2300.0,2300.0,Siemens,Bonus,B82/2300,B82-2300,1.0,Custom offshore wind farms,2003.0
11.7478524320717,54.5589149791532,2003-09-01,DK,1.0,69.0,82.4,2300.0,2300.0,Siemens,Bonus,B82/2300,B82-2300,1.0,Custom offshore wind farms,2003.0
11.6950487321839,54.5599775650907,2003-09-01,DK,1.0,69.0,82.4,2300.0,2300.0,Siemens,Bonus,B82/2300,B82-2300,1.0,Custom offshore wind farms,2003.0
11.7346516725069,54.5602661350736,2003-09-01,DK,1.0,69.0,82.4,2300.0,2300.0,Siemens,Bonus,B82/2300,B82-2300,1.0,Custom offshore wind farms,2003.0
11.6818493728063,54.5613318878772,2003-09-01,DK,1.0,69.0,82.4,2300.0,2300.0,Siemens,Bonus,B82/2300,B82-2300,1.0,Custom offshore wind farms,2003.0
11.7214546266318,54.5616157551513,2003-09-01,DK,1.0,69.0,82.4,2300.0,2300.0,Siemens,Bonus,B82/2300,B82-2300,1.0,Custom offshore wind farms,2003.0
11.7610507127032,54.5618868556427,2003-09-01,DK,1.0,69.0,82.4,2300.0,2300.0,Siemens,Bonus,B82/2300,B82-2300,1.0,Custom offshore wind farms,2003.0
11.6686423260439,54.5626759383604,2003-09-01,DK,1.0,69.0,82.4,2300.0,2300.0,Siemens,Bonus,B82/2300,B82-2300,1.0,Custom offshore wind farms,2003.0
11.7082504826738,54.5629640828578,2003-09-01,DK,1.0,69.0,82.4,2300.0,2300.0,Siemens,Bonus,B82/2300,B82-2300,1.0,Custom offshore wind farms,2003.0
11.7478556605283,54.5632393174914,2003-09-01,DK,1.0,69.0,82.4,2300.0,2300.0,Siemens,Bonus,B82/2300,B82-2300,1.0,Custom offshore wind farms,2003.0
11.6950500547756,54.5643108749441,2003-09-01,DK,1.0,69.0,82.4,2300.0,2300.0,Siemens,Bonus,B82/2300,B82-2300,1.0,Custom offshore wind farms,2003.0
11.734655052762,54.5645904539412,2003-09-01,DK,1.0,69.0,82.4,2300.0,2300.0,Siemens,Bonus,B82/2300,B82-2300,1.0,Custom offshore wind farms,2003.0
11.6818487098619,54.5656562354832,2003-09-01,DK,1.0,69.0,82.4,2300.0,2300.0,Siemens,Bonus,B82/2300,B82-2300,1.0,Custom offshore wind farms,2003.0
11.7214550693267,54.565940124185,2003-09-01,DK,1.0,69.0,82.4,2300.0,2300.0,Siemens,Bonus,B82/2300,B82-2300,1.0,Custom offshore wind farms,2003.0
11.6686464489828,54.5670001642511,2003-09-01,DK,1.0,69.0,82.4,2300.0,2300.0,Siemens,Bonus,B82/2300,B82-2300,1.0,Custom offshore wind farms,2003.0
11.7082541665356,54.5672883631018,2003-09-01,DK,1.0,69.0,82.4,2300.0,2300.0,Siemens,Bonus,B82/2300,B82-2300,1.0,Custom offshore wind farms,2003.0
11.6950523454383,54.5686351704669,2003-09-01,DK,1.0,69.0,82.4,2300.0,2300.0,Siemens,Bonus,B82/2300,B82-2300,1.0,Custom offshore wind farms,2003.0
11.6818496070845,54.569980546056,2003-09-01,DK,1.0,69.0,82.4,2300.0,2300.0,Siemens,Bonus,B82/2300,B82-2300,1.0,Custom offshore wind farms,2003.0
11.6686450860585,54.5713230703241,2003-09-01,DK,1.0,69.0,82.4,2300.0,2300.0,Siemens,Bonus,B82/2300,B82-2300,1.0,Custom offshore wind farms,2003.0
8.1685601455819,53.8228885059341,2017-11-01,DE,1.0,84.0,126.0,6150.0,6150.0,Senvion,Senvion,6.2M126,6.2M126,1.0,Custom offshore wind farms,2017.0
8.1762725197597,53.8254674706584,2017-11-01,DE,1.0,84.0,126.0,6150.0,6150.0,Senvion,Senvion,6.2M126,6.2M126,1.0,Custom offshore wind farms,2017.0
8.16500809909847,53.8265670836636,2017-11-01,DE,1.0,84.0,126.0,6150.0,6150.0,Senvion,Senvion,6.2M126,6.2M126,1.0,Custom offshore wind farms,2017.0
8.18290896923946,53.8287307229443,2017-11-01,DE,1.0,84.0,126.0,6150.0,6150.0,Senvion,Senvion,6.2M126,6.2M126,1.0,Custom offshore wind farms,2017.0
8.1737553907403,53.8290814982457,2017-11-01,DE,1.0,84.0,126.0,6150.0,6150.0,Senvion,Senvion,6.2M126,6.2M126,1.0,Custom offshore wind farms,2017.0
8.16158037604377,53.8300756440944,2017-11-01,DE,1.0,84.0,126.0,6150.0,6150.0,Senvion,Senvion,6.2M126,6.2M126,1.0,Custom offshore wind farms,2017.0
8.17112011634297,53.8332699170845,2017-11-01,DE,1.0,84.0,126.0,6150.0,6150.0,Senvion,Senvion,6.2M126,6.2M126,1.0,Custom offshore wind farms,2017.0
8.15762413860731,53.8341466697791,2017-11-01,DE,1.0,84.0,126.0,6150.0,6150.0,Senvion,Senvion,6.2M126,6.2M126,1.0,Custom offshore wind farms,2017.0
8.18284679221711,53.8342671832503,2017-11-01,DE,1.0,84.0,126.0,6150.0,6150.0,Senvion,Senvion,6.2M126,6.2M126,1.0,Custom offshore wind farms,2017.0
8.16604309693258,53.8364166460076,2017-11-01,DE,1.0,84.0,126.0,6150.0,6150.0,Senvion,Senvion,6.2M126,6.2M126,1.0,Custom offshore wind farms,2017.0
8.15421000757995,53.8376730916159,2017-11-01,DE,1.0,84.0,126.0,6150.0,6150.0,Senvion,Senvion,6.2M126,6.2M126,1.0,Custom offshore wind farms,2017.0
8.1828511768165,53.8387254795286,2017-11-01,DE,1.0,84.0,126.0,6150.0,6150.0,Senvion,Senvion,6.2M126,6.2M126,1.0,Custom offshore wind farms,2017.0
8.16406769262414,53.8409870083024,2017-11-01,DE,1.0,84.0,126.0,6150.0,6150.0,Senvion,Senvion,6.2M126,6.2M126,1.0,Custom offshore wind farms,2017.0
8.17694790039027,53.84139064926,2017-11-01,DE,1.0,84.0,126.0,6150.0,6150.0,Senvion,Senvion,6.2M126,6.2M126,1.0,Custom offshore wind farms,2017.0
8.15054797773917,53.8414043958076,2017-11-01,DE,1.0,84.0,126.0,6150.0,6150.0,Senvion,Senvion,6.2M126,6.2M126,1.0,Custom offshore wind farms,2017.0
8.17100307740336,53.8438125549003,2017-11-01,DE,1.0,84.0,126.0,6150.0,6150.0,Senvion,Senvion,6.2M126,6.2M126,1.0,Custom offshore wind farms,2017.0
8.15909450813731,53.8441880979385,2017-11-01,DE,1.0,84.0,126.0,6150.0,6150.0,Senvion,Senvion,6.2M126,6.2M126,1.0,Custom offshore wind farms,2017.0
8.16511639498767,53.84633344459,2017-11-01,DE,1.0,84.0,126.0,6150.0,6150.0,Senvion,Senvion,6.2M126,6.2M126,1.0,Custom offshore wind farms,2017.0
7.64028836356267,54.4061385939301,2015-05-11,DE,1.0,95.0,126.0,6150.0,6150.0,Senvion,Senvion,6.2M126,6.2M126,1.0,Custom offshore wind farms,2015.0
7.65438093519745,54.4062964481818,2015-05-11,DE,1.0,95.0,126.0,6150.0,6150.0,Senvion,Senvion,6.2M126,6.2M126,1.0,Custom offshore wind farms,2015.0
7.64032592094921,54.4115228996732,2015-05-11,DE,1.0,95.0,126.0,6150.0,6150.0,Senvion,Senvion,6.2M126,6.2M126,1.0,Custom offshore wind farms,2015.0
7.66848641410289,54.4117647572066,2015-05-11,DE,1.0,95.0,126.0,6150.0,6150.0,Senvion,Senvion,6.2M126,6.2M126,1.0,Custom offshore wind farms,2015.0
7.64034747577186,54.4169249968535,2015-05-11,DE,1.0,95.0,126.0,6150.0,6150.0,Senvion,Senvion,6.2M126,6.2M126,1.0,Custom offshore wind farms,2015.0
7.65442804699467,54.4170916781509,2015-05-11,DE,1.0,95.0,126.0,6150.0,6150.0,Senvion,Senvion,6.2M126,6.2M126,1.0,Custom offshore wind farms,2015.0
7.68260530609801,54.4174113010073,2015-05-11,DE,1.0,95.0,126.0,6150.0,6150.0,Senvion,Senvion,6.2M126,6.2M126,1.0,Custom offshore wind farms,2015.0
7.64038472934431,54.4223182780257,2015-05-11,DE,1.0,95.0,126.0,6150.0,6150.0,Senvion,Senvion,6.2M126,6.2M126,1.0,Custom offshore wind farms,2015.0
7.6967004134491,54.4229570433666,2015-05-11,DE,1.0,95.0,126.0,6150.0,6150.0,Senvion,Senvion,6.2M126,6.2M126,1.0,Custom offshore wind farms,2015.0
7.64037604897253,54.4277020494437,2015-05-11,DE,1.0,95.0,126.0,6150.0,6150.0,Senvion,Senvion,6.2M126,6.2M126,1.0,Custom offshore wind farms,2015.0
7.65447572470619,54.4278689197696,2015-05-11,DE,1.0,95.0,126.0,6150.0,6150.0,Senvion,Senvion,6.2M126,6.2M126,1.0,Custom offshore wind farms,2015.0
7.66856013205942,54.4280339750517,2015-05-11,DE,1.0,95.0,126.0,6150.0,6150.0,Senvion,Senvion,6.2M126,6.2M126,1.0,Custom offshore wind farms,2015.0
7.6826292691681,54.428197220642,2015-05-11,DE,1.0,95.0,126.0,6150.0,6150.0,Senvion,Senvion,6.2M126,6.2M126,1.0,Custom offshore wind farms,2015.0
7.71081475225542,54.428501320983,2015-05-11,DE,1.0,95.0,126.0,6150.0,6150.0,Senvion,Senvion,6.2M126,6.2M126,1.0,Custom offshore wind farms,2015.0
7.64041329205828,54.4330953212735,2015-05-11,DE,1.0,95.0,126.0,6150.0,6150.0,Senvion,Senvion,6.2M126,6.2M126,1.0,Custom offshore wind farms,2015.0
7.6967437562349,54.4337341522228,2015-05-11,DE,1.0,95.0,126.0,6150.0,6150.0,Senvion,Senvion,6.2M126,6.2M126,1.0,Custom offshore wind farms,2015.0
7.72491722522601,54.4340527871586,2015-05-11,DE,1.0,95.0,126.0,6150.0,6150.0,Senvion,Senvion,6.2M126,6.2M126,1.0,Custom offshore wind farms,2015.0
7.64043511913426,54.4384884149726,2015-05-11,DE,1.0,95.0,126.0,6150.0,6150.0,Senvion,Senvion,6.2M126,6.2M126,1.0,Custom offshore wind farms,2015.0
7.65452308543912,54.4386551274736,2015-05-11,DE,1.0,95.0,126.0,6150.0,6150.0,Senvion,Senvion,6.2M126,6.2M126,1.0,Custom offshore wind farms,2015.0
7.66859607052956,54.4388110430268,2015-05-11,DE,1.0,95.0,126.0,6150.0,6150.0,Senvion,Senvion,6.2M126,6.2M126,1.0,Custom offshore wind farms,2015.0
7.68269972928252,54.4389746408292,2015-05-11,DE,1.0,95.0,126.0,6150.0,6150.0,Senvion,Senvion,6.2M126,6.2M126,1.0,Custom offshore wind farms,2015.0
7.71086150070504,54.4392874202414,2015-05-11,DE,1.0,95.0,126.0,6150.0,6150.0,Senvion,Senvion,6.2M126,6.2M126,1.0,Custom offshore wind farms,2015.0
7.64045693992912,54.4438815039919,2015-05-11,DE,1.0,95.0,126.0,6150.0,6150.0,Senvion,Senvion,6.2M126,6.2M126,1.0,Custom offshore wind farms,2015.0
7.72498307961519,54.4448390538893,2015-05-11,DE,1.0,95.0,126.0,6150.0,6150.0,Senvion,Senvion,6.2M126,6.2M126,1.0,Custom offshore wind farms,2015.0
7.64047905214314,54.4492656036204,2015-05-11,DE,1.0,95.0,126.0,6150.0,6150.0,Senvion,Senvion,6.2M126,6.2M126,1.0,Custom offshore wind farms,2015.0
7.65458643069945,54.4494235186136,2015-05-11,DE,1.0,95.0,126.0,6150.0,6150.0,Senvion,Senvion,6.2M126,6.2M126,1.0,Custom offshore wind farms,2015.0
7.66864710746265,54.4495972469785,2015-05-11,DE,1.0,95.0,126.0,6150.0,6150.0,Senvion,Senvion,6.2M126,6.2M126,1.0,Custom offshore wind farms,2015.0
7.68275447317676,54.4497608591183,2015-05-11,DE,1.0,95.0,126.0,6150.0,6150.0,Senvion,Senvion,6.2M126,6.2M126,1.0,Custom offshore wind farms,2015.0
7.69683142639517,54.4499135071924,2015-05-11,DE,1.0,95.0,126.0,6150.0,6150.0,Senvion,Senvion,6.2M126,6.2M126,1.0,Custom offshore wind farms,2015.0
7.71096990241482,54.4500741587117,2015-05-11,DE,1.0,95.0,126.0,6150.0,6150.0,Senvion,Senvion,6.2M126,6.2M126,1.0,Custom offshore wind farms,2015.0
7.64050056267425,54.4546676679921,2015-05-11,DE,1.0,95.0,126.0,6150.0,6150.0,Senvion,Senvion,6.2M126,6.2M126,1.0,Custom offshore wind farms,2015.0
7.72503434056484,54.4555981841424,2015-05-11,DE,1.0,95.0,126.0,6150.0,6150.0,Senvion,Senvion,6.2M126,6.2M126,1.0,Custom offshore wind farms,2015.0
7.64050753836663,54.4600426000804,2015-05-11,DE,1.0,95.0,126.0,6150.0,6150.0,Senvion,Senvion,6.2M126,6.2M126,1.0,Custom offshore wind farms,2015.0
7.65460261155328,54.4602183302612,2015-05-11,DE,1.0,95.0,126.0,6150.0,6150.0,Senvion,Senvion,6.2M126,6.2M126,1.0,Custom offshore wind farms,2015.0
7.66869841579877,54.4603744474057,2015-05-11,DE,1.0,95.0,126.0,6150.0,6150.0,Senvion,Senvion,6.2M126,6.2M126,1.0,Custom offshore wind farms,2015.0
7.68279377694896,54.4605468905684,2015-05-11,DE,1.0,95.0,126.0,6150.0,6150.0,Senvion,Senvion,6.2M126,6.2M126,1.0,Custom offshore wind farms,2015.0
7.69690499099179,54.4607088716276,2015-05-11,DE,1.0,95.0,126.0,6150.0,6150.0,Senvion,Senvion,6.2M126,6.2M126,1.0,Custom offshore wind farms,2015.0
7.71098606220045,54.4608509065177,2015-05-11,DE,1.0,95.0,126.0,6150.0,6150.0,Senvion,Senvion,6.2M126,6.2M126,1.0,Custom offshore wind farms,2015.0
7.73917831409279,54.461166317429,2015-05-11,DE,1.0,95.0,126.0,6150.0,6150.0,Senvion,Senvion,6.2M126,6.2M126,1.0,Custom offshore wind farms,2015.0
7.64051361034082,54.4654444815641,2015-05-11,DE,1.0,95.0,126.0,6150.0,6150.0,Senvion,Senvion,6.2M126,6.2M126,1.0,Custom offshore wind farms,2015.0
7.72511531571382,54.4663935611243,2015-05-11,DE,1.0,95.0,126.0,6150.0,6150.0,Senvion,Senvion,6.2M126,6.2M126,1.0,Custom offshore wind farms,2015.0
7.64055111957972,54.4708287360222,2015-05-11,DE,1.0,95.0,126.0,6150.0,6150.0,Senvion,Senvion,6.2M126,6.2M126,1.0,Custom offshore wind farms,2015.0
7.65465048995955,54.4709865123382,2015-05-11,DE,1.0,95.0,126.0,6150.0,6150.0,Senvion,Senvion,6.2M126,6.2M126,1.0,Custom offshore wind farms,2015.0
7.66876483859685,54.4711607838463,2015-05-11,DE,1.0,95.0,126.0,6150.0,6150.0,Senvion,Senvion,6.2M126,6.2M126,1.0,Custom offshore wind farms,2015.0
7.68286419625341,54.4713242546727,2015-05-11,DE,1.0,95.0,126.0,6150.0,6150.0,Senvion,Senvion,6.2M126,6.2M126,1.0,Custom offshore wind farms,2015.0
7.6969174131646,54.4714855822553,2015-05-11,DE,1.0,95.0,126.0,6150.0,6150.0,Senvion,Senvion,6.2M126,6.2M126,1.0,Custom offshore wind farms,2015.0
7.71109446253765,54.4716376076059,2015-05-11,DE,1.0,95.0,126.0,6150.0,6150.0,Senvion,Senvion,6.2M126,6.2M126,1.0,Custom offshore wind farms,2015.0
7.7391707157517,54.4719517443529,2015-05-11,DE,1.0,95.0,126.0,6150.0,6150.0,Senvion,Senvion,6.2M126,6.2M126,1.0,Custom offshore wind farms,2015.0
5.82777406211396,54.2749052129055,2017-05-31,DE,1.0,106.0,106.44,2000.0,2000.0,Vestas,Vestas,V80/2000,V80/2000,1.0,Custom offshore wind farms,2017.0
5.83935758353044,54.2749219319131,2017-05-31,DE,1.0,106.0,106.44,2000.0,2000.0,Vestas,Vestas,V80/2000,V80/2000,1.0,Custom offshore wind farms,2017.0
5.85118649896455,54.2749439500143,2017-05-31,DE,1.0,106.0,106.44,2000.0,2000.0,Vestas,Vestas,V80/2000,V80/2000,1.0,Custom offshore wind farms,2017.0
5.86300082077415,54.2749554334837,2017-05-31,DE,1.0,106.0,106.44,2000.0,2000.0,Vestas,Vestas,V80/2000,V80/2000,1.0,Custom offshore wind farms,2017.0
5.87484654236367,54.2749575798452,2017-05-31,DE,1.0,106.0,106.44,2000.0,2000.0,Vestas,Vestas,V80/2000,V80/2000,1.0,Custom offshore wind farms,2017.0
5.88667562190161,54.2749761136323,2017-05-31,DE,1.0,106.0,106.44,2000.0,2000.0,Vestas,Vestas,V80/2000,V80/2000,1.0,Custom offshore wind farms,2017.0
5.89850543157681,54.2749845117311,2017-05-31,DE,1.0,106.0,106.44,2000.0,2000.0,Vestas,Vestas,V80/2000,V80/2000,1.0,Custom offshore wind farms,2017.0
5.91010392656948,54.2750037979627,2017-05-31,DE,1.0,106.0,106.44,2000.0,2000.0,Vestas,Vestas,V80/2000,V80/2000,1.0,Custom offshore wind farms,2017.0
5.91012891144877,54.2812356590411,2017-05-31,DE,1.0,106.0,106.44,2000.0,2000.0,Vestas,Vestas,V80/2000,V80/2000,1.0,Custom offshore wind farms,2017.0
5.84937373380229,54.2813796619009,2017-05-31,DE,1.0,106.0,106.44,2000.0,2000.0,Vestas,Vestas,V80/2000,V80/2000,1.0,Custom offshore wind farms,2017.0
5.87305211001647,54.2814030692097,2017-05-31,DE,1.0,106.0,106.44,2000.0,2000.0,Vestas,Vestas,V80/2000,V80/2000,1.0,Custom offshore wind farms,2017.0
5.82788445484918,54.281463203796,2017-05-31,DE,1.0,106.0,106.44,2000.0,2000.0,Vestas,Vestas,V80/2000,V80/2000,1.0,Custom offshore wind farms,2017.0
5.89121011081287,54.2875916822254,2017-05-31,DE,1.0,106.0,106.44,2000.0,2000.0,Vestas,Vestas,V80/2000,V80/2000,1.0,Custom offshore wind farms,2017.0
5.84010689145551,54.2892116492982,2017-05-31,DE,1.0,106.0,106.44,2000.0,2000.0,Vestas,Vestas,V80/2000,V80/2000,1.0,Custom offshore wind farms,2017.0
5.91001456456279,54.2895320217427,2017-05-31,DE,1.0,106.0,106.44,2000.0,2000.0,Vestas,Vestas,V80/2000,V80/2000,1.0,Custom offshore wind farms,2017.0
5.82811588324817,54.294840213258,2017-05-31,DE,1.0,106.0,106.44,2000.0,2000.0,Vestas,Vestas,V80/2000,V80/2000,1.0,Custom offshore wind farms,2017.0
5.85666118179814,54.295246529632,2017-05-31,DE,1.0,106.0,106.44,2000.0,2000.0,Vestas,Vestas,V80/2000,V80/2000,1.0,Custom offshore wind farms,2017.0
5.87258505236049,54.2952652185158,2017-05-31,DE,1.0,106.0,106.44,2000.0,2000.0,Vestas,Vestas,V80/2000,V80/2000,1.0,Custom offshore wind farms,2017.0
5.8911985948835,54.2952882777478,2017-05-31,DE,1.0,106.0,106.44,2000.0,2000.0,Vestas,Vestas,V80/2000,V80/2000,1.0,Custom offshore wind farms,2017.0
5.90996211427906,54.2967959252926,2017-05-31,DE,1.0,106.0,106.44,2000.0,2000.0,Vestas,Vestas,V80/2000,V80/2000,1.0,Custom offshore wind farms,2017.0
5.85664315752367,54.3029430261455,2017-05-31,DE,1.0,106.0,106.44,2000.0,2000.0,Vestas,Vestas,V80/2000,V80/2000,1.0,Custom offshore wind farms,2017.0
5.87257068194279,54.3029527830445,2017-05-31,DE,1.0,106.0,106.44,2000.0,2000.0,Vestas,Vestas,V80/2000,V80/2000,1.0,Custom offshore wind farms,2017.0
5.89117235074913,54.3029754947166,2017-05-31,DE,1.0,106.0,106.44,2000.0,2000.0,Vestas,Vestas,V80/2000,V80/2000,1.0,Custom offshore wind farms,2017.0
5.92464968148972,54.3035017269441,2017-05-31,DE,1.0,106.0,106.44,2000.0,2000.0,Vestas,Vestas,V80/2000,V80/2000,1.0,Custom offshore wind farms,2017.0
5.90990959599826,54.3040598210465,2017-05-31,DE,1.0,106.0,106.44,2000.0,2000.0,Vestas,Vestas,V80/2000,V80/2000,1.0,Custom offshore wind farms,2017.0
5.84034613185638,54.304944634872,2017-05-31,DE,1.0,106.0,106.44,2000.0,2000.0,Vestas,Vestas,V80/2000,V80/2000,1.0,Custom offshore wind farms,2017.0
5.8283626353364,54.3082176028682,2017-05-31,DE,1.0,106.0,106.44,2000.0,2000.0,Vestas,Vestas,V80/2000,V80/2000,1.0,Custom offshore wind farms,2017.0
5.85661040736144,54.3106301399769,2017-05-31,DE,1.0,106.0,106.44,2000.0,2000.0,Vestas,Vestas,V80/2000,V80/2000,1.0,Custom offshore wind farms,2017.0
5.87254022157544,54.3106489149148,2017-05-31,DE,1.0,106.0,106.44,2000.0,2000.0,Vestas,Vestas,V80/2000,V80/2000,1.0,Custom offshore wind farms,2017.0
5.89114604103516,54.3106627031358,2017-05-31,DE,1.0,106.0,106.44,2000.0,2000.0,Vestas,Vestas,V80/2000,V80/2000,1.0,Custom offshore wind farms,2017.0
5.9098716849047,54.3113330768752,2017-05-31,DE,1.0,106.0,106.44,2000.0,2000.0,Vestas,Vestas,V80/2000,V80/2000,1.0,Custom offshore wind farms,2017.0
5.8403061340158,54.3132879934209,2017-05-31,DE,1.0,106.0,106.44,2000.0,2000.0,Vestas,Vestas,V80/2000,V80/2000,1.0,Custom offshore wind farms,2017.0
5.85657758857152,54.3183172452549,2017-05-31,DE,1.0,106.0,106.44,2000.0,2000.0,Vestas,Vestas,V80/2000,V80/2000,1.0,Custom offshore wind farms,2017.0
5.89111898848911,54.3183588772078,2017-05-31,DE,1.0,106.0,106.44,2000.0,2000.0,Vestas,Vestas,V80/2000,V80/2000,1.0,Custom offshore wind farms,2017.0
5.90983182305126,54.3184264442226,2017-05-31,DE,1.0,106.0,106.44,2000.0,2000.0,Vestas,Vestas,V80/2000,V80/2000,1.0,Custom offshore wind farms,2017.0
5.82860868440647,54.3216039425081,2017-05-31,DE,1.0,106.0,106.44,2000.0,2000.0,Vestas,Vestas,V80/2000,V80/2000,1.0,Custom offshore wind farms,2017.0
5.84028071581045,54.3216407180476,2017-05-31,DE,1.0,106.0,106.44,2000.0,2000.0,Vestas,Vestas,V80/2000,V80/2000,1.0,Custom offshore wind farms,2017.0
5.85656005399477,54.3260047423336,2017-05-31,DE,1.0,106.0,106.44,2000.0,2000.0,Vestas,Vestas,V80/2000,V80/2000,1.0,Custom offshore wind farms,2017.0
5.87249513250159,54.3260325772266,2017-05-31,DE,1.0,106.0,106.44,2000.0,2000.0,Vestas,Vestas,V80/2000,V80/2000,1.0,Custom offshore wind farms,2017.0
5.89110790072772,54.326046464476,2017-05-31,DE,1.0,106.0,106.44,2000.0,2000.0,Vestas,Vestas,V80/2000,V80/2000,1.0,Custom offshore wind farms,2017.0
5.90966005064915,54.3260469292449,2017-05-31,DE,1.0,106.0,106.44,2000.0,2000.0,Vestas,Vestas,V80/2000,V80/2000,1.0,Custom offshore wind farms,2017.0
5.84024055482638,54.3299840564591,2017-05-31,DE,1.0,106.0,106.44,2000.0,2000.0,Vestas,Vestas,V80/2000,V80/2000,1.0,Custom offshore wind farms,2017.0
5.90972820782032,54.333134062034,2017-05-31,DE,1.0,106.0,106.44,2000.0,2000.0,Vestas,Vestas,V80/2000,V80/2000,1.0,Custom offshore wind farms,2017.0
5.87246583555366,54.3337107353884,2017-05-31,DE,1.0,106.0,106.44,2000.0,2000.0,Vestas,Vestas,V80/2000,V80/2000,1.0,Custom offshore wind farms,2017.0
5.8910967530304,54.3337340432761,2017-05-31,DE,1.0,106.0,106.44,2000.0,2000.0,Vestas,Vestas,V80/2000,V80/2000,1.0,Custom offshore wind farms,2017.0
5.82884005627351,54.3349808809194,2017-05-31,DE,1.0,106.0,106.44,2000.0,2000.0,Vestas,Vestas,V80/2000,V80/2000,1.0,Custom offshore wind farms,2017.0
5.85652799062339,54.3352923846498,2017-05-31,DE,1.0,106.0,106.44,2000.0,2000.0,Vestas,Vestas,V80/2000,V80/2000,1.0,Custom offshore wind farms,2017.0
5.84022895879353,54.3383551109783,2017-05-31,DE,1.0,106.0,106.44,2000.0,2000.0,Vestas,Vestas,V80/2000,V80/2000,1.0,Custom offshore wind farms,2017.0
5.90968936568779,54.340416261192,2017-05-31,DE,1.0,106.0,106.44,2000.0,2000.0,Vestas,Vestas,V80/2000,V80/2000,1.0,Custom offshore wind farms,2017.0
5.87245046679025,54.3414072314472,2017-05-31,DE,1.0,106.0,106.44,2000.0,2000.0,Vestas,Vestas,V80/2000,V80/2000,1.0,Custom offshore wind farms,2017.0
5.89107018625316,54.3414212175724,2017-05-31,DE,1.0,106.0,106.44,2000.0,2000.0,Vestas,Vestas,V80/2000,V80/2000,1.0,Custom offshore wind farms,2017.0
5.82896506711091,54.3415481971986,2017-05-31,DE,1.0,106.0,106.44,2000.0,2000.0,Vestas,Vestas,V80/2000,V80/2000,1.0,Custom offshore wind farms,2017.0
5.85648785397501,54.3438784511286,2017-05-31,DE,1.0,106.0,106.44,2000.0,2000.0,Vestas,Vestas,V80/2000,V80/2000,1.0,Custom offshore wind farms,2017.0
5.84024436439723,54.3465740047639,2017-05-31,DE,1.0,106.0,106.44,2000.0,2000.0,Vestas,Vestas,V80/2000,V80/2000,1.0,Custom offshore wind farms,2017.0
5.90963712007821,54.3476711359444,2017-05-31,DE,1.0,106.0,106.44,2000.0,2000.0,Vestas,Vestas,V80/2000,V80/2000,1.0,Custom offshore wind farms,2017.0
5.89104287575236,54.3491173574769,2017-05-31,DE,1.0,106.0,106.44,2000.0,2000.0,Vestas,Vestas,V80/2000,V80/2000,1.0,Custom offshore wind farms,2017.0
5.87242074297245,54.3496967996325,2017-05-31,DE,1.0,106.0,106.44,2000.0,2000.0,Vestas,Vestas,V80/2000,V80/2000,1.0,Custom offshore wind farms,2017.0
5.85178759397605,54.3516056092138,2017-05-31,DE,1.0,106.0,106.44,2000.0,2000.0,Vestas,Vestas,V80/2000,V80/2000,1.0,Custom offshore wind farms,2017.0
5.90959882285587,54.3549443452798,2017-05-31,DE,1.0,106.0,106.44,2000.0,2000.0,Vestas,Vestas,V80/2000,V80/2000,1.0,Custom offshore wind farms,2017.0
5.864273946385,54.3568224471716,2017-05-31,DE,1.0,106.0,106.44,2000.0,2000.0,Vestas,Vestas,V80/2000,V80/2000,1.0,Custom offshore wind farms,2017.0
5.89102882936207,54.3568408073603,2017-05-31,DE,1.0,106.0,106.44,2000.0,2000.0,Vestas,Vestas,V80/2000,V80/2000,1.0,Custom offshore wind farms,2017.0
5.87676349050716,54.3620380303449,2017-05-31,DE,1.0,106.0,106.44,2000.0,2000.0,Vestas,Vestas,V80/2000,V80/2000,1.0,Custom offshore wind farms,2017.0
5.90954576960076,54.3622081788034,2017-05-31,DE,1.0,106.0,106.44,2000.0,2000.0,Vestas,Vestas,V80/2000,V80/2000,1.0,Custom offshore wind farms,2017.0
5.88925622690084,54.3672523579824,2017-05-31,DE,1.0,106.0,106.44,2000.0,2000.0,Vestas,Vestas,V80/2000,V80/2000,1.0,Custom offshore wind farms,2017.0
5.90175215612355,54.3724654293325,2017-05-31,DE,1.0,106.0,106.44,2000.0,2000.0,Vestas,Vestas,V80/2000,V80/2000,1.0,Custom offshore wind farms,2017.0
5.91425195239146,54.3776682693343,2017-05-31,DE,1.0,106.0,106.44,2000.0,2000.0,Vestas,Vestas,V80/2000,V80/2000,1.0,Custom offshore wind farms,2017.0
5.92675426634344,54.3828788257568,2017-05-31,DE,1.0,106.0,106.44,2000.0,2000.0,Vestas,Vestas,V80/2000,V80/2000,1.0,Custom offshore wind farms,2017.0
7.186019,55.0641,2014-12-01,DE,1.0,88.0,120.0,3600.0,3600.0,Siemens,Siemens,SWT-3.6-120,SWT-3.6-120,1.0,Custom offshore wind farms,2014.0
7.199997,55.064908,2014-12-01,DE,1.0,88.0,120.0,3600.0,3600.0,Siemens,Siemens,SWT-3.6-120,SWT-3.6-120,1.0,Custom offshore wind farms,2014.0
7.213967,55.065636,2014-12-01,DE,1.0,88.0,120.0,3600.0,3600.0,Siemens,Siemens,SWT-3.6-120,SWT-3.6-120,1.0,Custom offshore wind farms,2014.0
7.227639,55.066322,2014-12-01,DE,1.0,88.0,120.0,3600.0,3600.0,Siemens,Siemens,SWT-3.6-120,SWT-3.6-120,1.0,Custom offshore wind farms,2014.0
7.240761,55.067106,2014-12-01,DE,1.0,88.0,120.0,3600.0,3600.0,Siemens,Siemens,SWT-3.6-120,SWT-3.6-120,1.0,Custom offshore wind farms,2014.0
7.174499,55.067578,2014-12-01,DE,1.0,88.0,120.0,3600.0,3600.0,Siemens,Siemens,SWT-3.6-120,SWT-3.6-120,1.0,Custom offshore wind farms,2014.0
7.207542,55.0717,2014-12-01,DE,1.0,88.0,120.0,3600.0,3600.0,Siemens,Siemens,SWT-3.6-120,SWT-3.6-120,1.0,Custom offshore wind farms,2014.0
7.191847,55.073742,2014-12-01,DE,1.0,88.0,120.0,3600.0,3600.0,Siemens,Siemens,SWT-3.6-120,SWT-3.6-120,1.0,Custom offshore wind farms,2014.0
7.226308,55.074086,2014-12-01,DE,1.0,88.0,120.0,3600.0,3600.0,Siemens,Siemens,SWT-3.6-120,SWT-3.6-120,1.0,Custom offshore wind farms,2014.0
7.246464,55.074217,2014-12-01,DE,1.0,88.0,120.0,3600.0,3600.0,Siemens,Siemens,SWT-3.6-120,SWT-3.6-120,1.0,Custom offshore wind farms,2014.0
7.1751,55.075622,2014-12-01,DE,1.0,88.0,120.0,3600.0,3600.0,Siemens,Siemens,SWT-3.6-120,SWT-3.6-120,1.0,Custom offshore wind farms,2014.0
7.188375,55.078858,2014-12-01,DE,1.0,88.0,120.0,3600.0,3600.0,Siemens,Siemens,SWT-3.6-120,SWT-3.6-120,1.0,Custom offshore wind farms,2014.0
7.244186,55.081625,2014-12-01,DE,1.0,88.0,120.0,3600.0,3600.0,Siemens,Siemens,SWT-3.6-120,SWT-3.6-120,1.0,Custom offshore wind farms,2014.0
7.22580599999999,55.081925,2014-12-01,DE,1.0,88.0,120.0,3600.0,3600.0,Siemens,Siemens,SWT-3.6-120,SWT-3.6-120,1.0,Custom offshore wind farms,2014.0
7.206364,55.082619,2014-12-01,DE,1.0,88.0,120.0,3600.0,3600.0,Siemens,Siemens,SWT-3.6-120,SWT-3.6-120,1.0,Custom offshore wind farms,2014.0
7.182108,55.083025,2014-12-01,DE,1.0,88.0,120.0,3600.0,3600.0,Siemens,Siemens,SWT-3.6-120,SWT-3.6-120,1.0,Custom offshore wind farms,2014.0
7.242086,55.090942,2014-12-01,DE,1.0,88.0,120.0,3600.0,3600.0,Siemens,Siemens,SWT-3.6-120,SWT-3.6-120,1.0,Custom offshore wind farms,2014.0
7.225711,55.091486,2014-12-01,DE,1.0,88.0,120.0,3600.0,3600.0,Siemens,Siemens,SWT-3.6-120,SWT-3.6-120,1.0,Custom offshore wind farms,2014.0
7.205939,55.092078,2014-12-01,DE,1.0,88.0,120.0,3600.0,3600.0,Siemens,Siemens,SWT-3.6-120,SWT-3.6-120,1.0,Custom offshore wind farms,2014.0
7.188544,55.0928,2014-12-01,DE,1.0,88.0,120.0,3600.0,3600.0,Siemens,Siemens,SWT-3.6-120,SWT-3.6-120,1.0,Custom offshore wind farms,2014.0
7.170464,55.093697,2014-12-01,DE,1.0,88.0,120.0,3600.0,3600.0,Siemens,Siemens,SWT-3.6-120,SWT-3.6-120,1.0,Custom offshore wind farms,2014.0
7.239783,55.1007689999999,2014-12-01,DE,1.0,88.0,120.0,3600.0,3600.0,Siemens,Siemens,SWT-3.6-120,SWT-3.6-120,1.0,Custom offshore wind farms,2014.0
7.217097,55.101617,2014-12-01,DE,1.0,88.0,120.0,3600.0,3600.0,Siemens,Siemens,SWT-3.6-120,SWT-3.6-120,1.0,Custom offshore wind farms,2014.0
7.194083,55.102347,2014-12-01,DE,1.0,88.0,120.0,3600.0,3600.0,Siemens,Siemens,SWT-3.6-120,SWT-3.6-120,1.0,Custom offshore wind farms,2014.0
7.170372,55.103258,2014-12-01,DE,1.0,88.0,120.0,3600.0,3600.0,Siemens,Siemens,SWT-3.6-120,SWT-3.6-120,1.0,Custom offshore wind farms,2014.0
7.237781,55.107481,2014-12-01,DE,1.0,88.0,120.0,3600.0,3600.0,Siemens,Siemens,SWT-3.6-120,SWT-3.6-120,1.0,Custom offshore wind farms,2014.0
7.1929,55.109456,2014-12-01,DE,1.0,88.0,120.0,3600.0,3600.0,Siemens,Siemens,SWT-3.6-120,SWT-3.6-120,1.0,Custom offshore wind farms,2014.0
7.217119,55.109911,2014-12-01,DE,1.0,88.0,120.0,3600.0,3600.0,Siemens,Siemens,SWT-3.6-120,SWT-3.6-120,1.0,Custom offshore wind farms,2014.0
7.170183,55.111167,2014-12-01,DE,1.0,88.0,120.0,3600.0,3600.0,Siemens,Siemens,SWT-3.6-120,SWT-3.6-120,1.0,Custom offshore wind farms,2014.0
7.235922,55.114778,2014-12-01,DE,1.0,88.0,120.0,3600.0,3600.0,Siemens,Siemens,SWT-3.6-120,SWT-3.6-120,1.0,Custom offshore wind farms,2014.0
7.193519,55.116225,2014-12-01,DE,1.0,88.0,120.0,3600.0,3600.0,Siemens,Siemens,SWT-3.6-120,SWT-3.6-120,1.0,Custom offshore wind farms,2014.0
7.215739,55.119033,2014-12-01,DE,1.0,88.0,120.0,3600.0,3600.0,Siemens,Siemens,SWT-3.6-120,SWT-3.6-120,1.0,Custom offshore wind farms,2014.0
7.169986,55.119269,2014-12-01,DE,1.0,88.0,120.0,3600.0,3600.0,Siemens,Siemens,SWT-3.6-120,SWT-3.6-120,1.0,Custom offshore wind farms,2014.0
7.1865,55.124092,2014-12-01,DE,1.0,88.0,120.0,3600.0,3600.0,Siemens,Siemens,SWT-3.6-120,SWT-3.6-120,1.0,Custom offshore wind farms,2014.0
7.169419,55.127853,2014-12-01,DE,1.0,88.0,120.0,3600.0,3600.0,Siemens,Siemens,SWT-3.6-120,SWT-3.6-120,1.0,Custom offshore wind farms,2014.0
7.213194,55.127911,2014-12-01,DE,1.0,88.0,120.0,3600.0,3600.0,Siemens,Siemens,SWT-3.6-120,SWT-3.6-120,1.0,Custom offshore wind farms,2014.0
7.23165,55.130525,2014-12-01,DE,1.0,88.0,120.0,3600.0,3600.0,Siemens,Siemens,SWT-3.6-120,SWT-3.6-120,1.0,Custom offshore wind farms,2014.0
7.190242,55.130797,2014-12-01,DE,1.0,88.0,120.0,3600.0,3600.0,Siemens,Siemens,SWT-3.6-120,SWT-3.6-120,1.0,Custom offshore wind farms,2014.0
7.16905599999999,55.136478,2014-12-01,DE,1.0,88.0,120.0,3600.0,3600.0,Siemens,Siemens,SWT-3.6-120,SWT-3.6-120,1.0,Custom offshore wind farms,2014.0
7.211236,55.137356,2014-12-01,DE,1.0,88.0,120.0,3600.0,3600.0,Siemens,Siemens,SWT-3.6-120,SWT-3.6-120,1.0,Custom offshore wind farms,2014.0
7.229958,55.137925,2014-12-01,DE,1.0,88.0,120.0,3600.0,3600.0,Siemens,Siemens,SWT-3.6-120,SWT-3.6-120,1.0,Custom offshore wind farms,2014.0
7.188725,55.138003,2014-12-01,DE,1.0,88.0,120.0,3600.0,3600.0,Siemens,Siemens,SWT-3.6-120,SWT-3.6-120,1.0,Custom offshore wind farms,2014.0
7.16885,55.145111,2014-12-01,DE,1.0,88.0,120.0,3600.0,3600.0,Siemens,Siemens,SWT-3.6-120,SWT-3.6-120,1.0,Custom offshore wind farms,2014.0
7.187003,55.145878,2014-12-01,DE,1.0,88.0,120.0,3600.0,3600.0,Siemens,Siemens,SWT-3.6-120,SWT-3.6-120,1.0,Custom offshore wind farms,2014.0
7.228142,55.146139,2014-12-01,DE,1.0,88.0,120.0,3600.0,3600.0,Siemens,Siemens,SWT-3.6-120,SWT-3.6-120,1.0,Custom offshore wind farms,2014.0
7.209969,55.146711,2014-12-01,DE,1.0,88.0,120.0,3600.0,3600.0,Siemens,Siemens,SWT-3.6-120,SWT-3.6-120,1.0,Custom offshore wind farms,2014.0
7.185311,55.153078,2014-12-01,DE,1.0,88.0,120.0,3600.0,3600.0,Siemens,Siemens,SWT-3.6-120,SWT-3.6-120,1.0,Custom offshore wind farms,2014.0
7.168425,55.153697,2014-12-01,DE,1.0,88.0,120.0,3600.0,3600.0,Siemens,Siemens,SWT-3.6-120,SWT-3.6-120,1.0,Custom offshore wind farms,2014.0
7.226164,55.154533,2014-12-01,DE,1.0,88.0,120.0,3600.0,3600.0,Siemens,Siemens,SWT-3.6-120,SWT-3.6-120,1.0,Custom offshore wind farms,2014.0
7.207869,55.155758,2014-12-01,DE,1.0,88.0,120.0,3600.0,3600.0,Siemens,Siemens,SWT-3.6-120,SWT-3.6-120,1.0,Custom offshore wind farms,2014.0
7.168325,55.159636,2014-12-01,DE,1.0,88.0,120.0,3600.0,3600.0,Siemens,Siemens,SWT-3.6-120,SWT-3.6-120,1.0,Custom offshore wind farms,2014.0
7.183275,55.1608939999999,2014-12-01,DE,1.0,88.0,120.0,3600.0,3600.0,Siemens,Siemens,SWT-3.6-120,SWT-3.6-120,1.0,Custom offshore wind farms,2014.0
7.223836,55.163056,2014-12-01,DE,1.0,88.0,120.0,3600.0,3600.0,Siemens,Siemens,SWT-3.6-120,SWT-3.6-120,1.0,Custom offshore wind farms,2014.0
7.205733,55.165253,2014-12-01,DE,1.0,88.0,120.0,3600.0,3600.0,Siemens,Siemens,SWT-3.6-120,SWT-3.6-120,1.0,Custom offshore wind farms,2014.0
7.182442,55.169528,2014-12-01,DE,1.0,88.0,120.0,3600.0,3600.0,Siemens,Siemens,SWT-3.6-120,SWT-3.6-120,1.0,Custom offshore wind farms,2014.0
7.221628,55.171453,2014-12-01,DE,1.0,88.0,120.0,3600.0,3600.0,Siemens,Siemens,SWT-3.6-120,SWT-3.6-120,1.0,Custom offshore wind farms,2014.0
7.202686,55.173603,2014-12-01,DE,1.0,88.0,120.0,3600.0,3600.0,Siemens,Siemens,SWT-3.6-120,SWT-3.6-120,1.0,Custom offshore wind farms,2014.0
7.1804,55.176794,2014-12-01,DE,1.0,88.0,120.0,3600.0,3600.0,Siemens,Siemens,SWT-3.6-120,SWT-3.6-120,1.0,Custom offshore wind farms,2014.0
7.219522,55.179908,2014-12-01,DE,1.0,88.0,120.0,3600.0,3600.0,Siemens,Siemens,SWT-3.6-120,SWT-3.6-120,1.0,Custom offshore wind farms,2014.0
7.200436,55.182097,2014-12-01,DE,1.0,88.0,120.0,3600.0,3600.0,Siemens,Siemens,SWT-3.6-120,SWT-3.6-120,1.0,Custom offshore wind farms,2014.0
7.17845,55.184108,2014-12-01,DE,1.0,88.0,120.0,3600.0,3600.0,Siemens,Siemens,SWT-3.6-120,SWT-3.6-120,1.0,Custom offshore wind farms,2014.0
7.217414,55.188444,2014-12-01,DE,1.0,88.0,120.0,3600.0,3600.0,Siemens,Siemens,SWT-3.6-120,SWT-3.6-120,1.0,Custom offshore wind farms,2014.0
7.197761,55.190553,2014-12-01,DE,1.0,88.0,120.0,3600.0,3600.0,Siemens,Siemens,SWT-3.6-120,SWT-3.6-120,1.0,Custom offshore wind farms,2014.0
7.176497,55.191414,2014-12-01,DE,1.0,88.0,120.0,3600.0,3600.0,Siemens,Siemens,SWT-3.6-120,SWT-3.6-120,1.0,Custom offshore wind farms,2014.0
7.215086,55.196944,2014-12-01,DE,1.0,88.0,120.0,3600.0,3600.0,Siemens,Siemens,SWT-3.6-120,SWT-3.6-120,1.0,Custom offshore wind farms,2014.0
7.174556,55.198728,2014-12-01,DE,1.0,88.0,120.0,3600.0,3600.0,Siemens,Siemens,SWT-3.6-120,SWT-3.6-120,1.0,Custom offshore wind farms,2014.0
7.194961,55.199336,2014-12-01,DE,1.0,88.0,120.0,3600.0,3600.0,Siemens,Siemens,SWT-3.6-120,SWT-3.6-120,1.0,Custom offshore wind farms,2014.0
7.212992,55.205461,2014-12-01,DE,1.0,88.0,120.0,3600.0,3600.0,Siemens,Siemens,SWT-3.6-120,SWT-3.6-120,1.0,Custom offshore wind farms,2014.0
7.172575,55.206031,2014-12-01,DE,1.0,88.0,120.0,3600.0,3600.0,Siemens,Siemens,SWT-3.6-120,SWT-3.6-120,1.0,Custom offshore wind farms,2014.0
7.193658,55.208664,2014-12-01,DE,1.0,88.0,120.0,3600.0,3600.0,Siemens,Siemens,SWT-3.6-120,SWT-3.6-120,1.0,Custom offshore wind farms,2014.0
7.170622,55.2133439999999,2014-12-01,DE,1.0,88.0,120.0,3600.0,3600.0,Siemens,Siemens,SWT-3.6-120,SWT-3.6-120,1.0,Custom offshore wind farms,2014.0
7.214042,55.214042,2014-12-01,DE,1.0,88.0,120.0,3600.0,3600.0,Siemens,Siemens,SWT-3.6-120,SWT-3.6-120,1.0,Custom offshore wind farms,2014.0
7.189464,55.21725,2014-12-01,DE,1.0,88.0,120.0,3600.0,3600.0,Siemens,Siemens,SWT-3.6-120,SWT-3.6-120,1.0,Custom offshore wind farms,2014.0
7.168667,55.22065,2014-12-01,DE,1.0,88.0,120.0,3600.0,3600.0,Siemens,Siemens,SWT-3.6-120,SWT-3.6-120,1.0,Custom offshore wind farms,2014.0
7.208569,55.222733,2014-12-01,DE,1.0,88.0,120.0,3600.0,3600.0,Siemens,Siemens,SWT-3.6-120,SWT-3.6-120,1.0,Custom offshore wind farms,2014.0
7.184408,55.225047,2014-12-01,DE,1.0,88.0,120.0,3600.0,3600.0,Siemens,Siemens,SWT-3.6-120,SWT-3.6-120,1.0,Custom offshore wind farms,2014.0
7.19878099999999,55.229214,2014-12-01,DE,1.0,88.0,120.0,3600.0,3600.0,Siemens,Siemens,SWT-3.6-120,SWT-3.6-120,1.0,Custom offshore wind farms,2014.0
7.167172,55.2292189999999,2014-12-01,DE,1.0,88.0,120.0,3600.0,3600.0,Siemens,Siemens,SWT-3.6-120,SWT-3.6-120,1.0,Custom offshore wind farms,2014.0
7.185703,55.231861,2014-12-01,DE,1.0,88.0,120.0,3600.0,3600.0,Siemens,Siemens,SWT-3.6-120,SWT-3.6-120,1.0,Custom offshore wind farms,2014.0
7.170467,55.234564,2014-12-01,DE,1.0,88.0,120.0,3600.0,3600.0,Siemens,Siemens,SWT-3.6-120,SWT-3.6-120,1.0,Custom offshore wind farms,2014.0
6.878619,55.114239,2016-09-01,DE,1.0,95.0,130.0,4000.0,4000.0,Siemens,Siemens,SWT-4.0-130,SWT-4.0-130,1.0,Custom offshore wind farms,2016.0
6.894078,55.116469,2016-09-01,DE,1.0,95.0,130.0,4000.0,4000.0,Siemens,Siemens,SWT-4.0-130,SWT-4.0-130,1.0,Custom offshore wind farms,2016.0
6.909539,55.118419,2016-09-01,DE,1.0,95.0,130.0,4000.0,4000.0,Siemens,Siemens,SWT-4.0-130,SWT-4.0-130,1.0,Custom offshore wind farms,2016.0
6.859758,55.12132,2016-09-01,DE,1.0,95.0,130.0,4000.0,4000.0,Siemens,Siemens,SWT-4.0-130,SWT-4.0-130,1.0,Custom offshore wind farms,2016.0
6.875217,55.1232689999999,2016-09-01,DE,1.0,95.0,130.0,4000.0,4000.0,Siemens,Siemens,SWT-4.0-130,SWT-4.0-130,1.0,Custom offshore wind farms,2016.0
6.890669,55.125219,2016-09-01,DE,1.0,95.0,130.0,4000.0,4000.0,Siemens,Siemens,SWT-4.0-130,SWT-4.0-130,1.0,Custom offshore wind farms,2016.0
6.906628,55.126881,2016-09-01,DE,1.0,95.0,130.0,4000.0,4000.0,Siemens,Siemens,SWT-4.0-130,SWT-4.0-130,1.0,Custom offshore wind farms,2016.0
6.856348,55.1300689999999,2016-09-01,DE,1.0,95.0,130.0,4000.0,4000.0,Siemens,Siemens,SWT-4.0-130,SWT-4.0-130,1.0,Custom offshore wind farms,2016.0
6.871808,55.132011,2016-09-01,DE,1.0,95.0,130.0,4000.0,4000.0,Siemens,Siemens,SWT-4.0-130,SWT-4.0-130,1.0,Custom offshore wind farms,2016.0
6.887267,55.133961,2016-09-01,DE,1.0,95.0,130.0,4000.0,4000.0,Siemens,Siemens,SWT-4.0-130,SWT-4.0-130,1.0,Custom offshore wind farms,2016.0
6.903217,55.1359,2016-09-01,DE,1.0,95.0,130.0,4000.0,4000.0,Siemens,Siemens,SWT-4.0-130,SWT-4.0-130,1.0,Custom offshore wind farms,2016.0
6.852936,55.138808,2016-09-01,DE,1.0,95.0,130.0,4000.0,4000.0,Siemens,Siemens,SWT-4.0-130,SWT-4.0-130,1.0,Custom offshore wind farms,2016.0
6.868897,55.14075,2016-09-01,DE,1.0,95.0,130.0,4000.0,4000.0,Siemens,Siemens,SWT-4.0-130,SWT-4.0-130,1.0,Custom offshore wind farms,2016.0
6.883856,55.1427,2016-09-01,DE,1.0,95.0,130.0,4000.0,4000.0,Siemens,Siemens,SWT-4.0-130,SWT-4.0-130,1.0,Custom offshore wind farms,2016.0
6.899817,55.14465,2016-09-01,DE,1.0,95.0,130.0,4000.0,4000.0,Siemens,Siemens,SWT-4.0-130,SWT-4.0-130,1.0,Custom offshore wind farms,2016.0
6.850025,55.147831,2016-09-01,DE,1.0,95.0,130.0,4000.0,4000.0,Siemens,Siemens,SWT-4.0-130,SWT-4.0-130,1.0,Custom offshore wind farms,2016.0
6.865486,55.1495,2016-09-01,DE,1.0,95.0,130.0,4000.0,4000.0,Siemens,Siemens,SWT-4.0-130,SWT-4.0-130,1.0,Custom offshore wind farms,2016.0
6.880947,55.151442,2016-09-01,DE,1.0,95.0,130.0,4000.0,4000.0,Siemens,Siemens,SWT-4.0-130,SWT-4.0-130,1.0,Custom offshore wind farms,2016.0
6.896406,55.153392,2016-09-01,DE,1.0,95.0,130.0,4000.0,4000.0,Siemens,Siemens,SWT-4.0-130,SWT-4.0-130,1.0,Custom offshore wind farms,2016.0
6.846614,55.156581,2016-09-01,DE,1.0,95.0,130.0,4000.0,4000.0,Siemens,Siemens,SWT-4.0-130,SWT-4.0-130,1.0,Custom offshore wind farms,2016.0
6.862075,55.158242,2016-09-01,DE,1.0,95.0,130.0,4000.0,4000.0,Siemens,Siemens,SWT-4.0-130,SWT-4.0-130,1.0,Custom offshore wind farms,2016.0
6.878036,55.1604689999999,2016-09-01,DE,1.0,95.0,130.0,4000.0,4000.0,Siemens,Siemens,SWT-4.0-130,SWT-4.0-130,1.0,Custom offshore wind farms,2016.0
6.892997,55.162131,2016-09-01,DE,1.0,95.0,130.0,4000.0,4000.0,Siemens,Siemens,SWT-4.0-130,SWT-4.0-130,1.0,Custom offshore wind farms,2016.0
6.842714,55.1656,2016-09-01,DE,1.0,95.0,130.0,4000.0,4000.0,Siemens,Siemens,SWT-4.0-130,SWT-4.0-130,1.0,Custom offshore wind farms,2016.0
6.859164,55.167261,2016-09-01,DE,1.0,95.0,130.0,4000.0,4000.0,Siemens,Siemens,SWT-4.0-130,SWT-4.0-130,1.0,Custom offshore wind farms,2016.0
6.874125,55.169211,2016-09-01,DE,1.0,95.0,130.0,4000.0,4000.0,Siemens,Siemens,SWT-4.0-130,SWT-4.0-130,1.0,Custom offshore wind farms,2016.0
6.889586,55.170881,2016-09-01,DE,1.0,95.0,130.0,4000.0,4000.0,Siemens,Siemens,SWT-4.0-130,SWT-4.0-130,1.0,Custom offshore wind farms,2016.0
6.840294,55.174061,2016-09-01,DE,1.0,95.0,130.0,4000.0,4000.0,Siemens,Siemens,SWT-4.0-130,SWT-4.0-130,1.0,Custom offshore wind farms,2016.0
6.855756,55.176011,2016-09-01,DE,1.0,95.0,130.0,4000.0,4000.0,Siemens,Siemens,SWT-4.0-130,SWT-4.0-130,1.0,Custom offshore wind farms,2016.0
6.870717,55.177961,2016-09-01,DE,1.0,95.0,130.0,4000.0,4000.0,Siemens,Siemens,SWT-4.0-130,SWT-4.0-130,1.0,Custom offshore wind farms,2016.0
6.886675,55.179903,2016-09-01,DE,1.0,95.0,130.0,4000.0,4000.0,Siemens,Siemens,SWT-4.0-130,SWT-4.0-130,1.0,Custom offshore wind farms,2016.0
6.836894,55.183092,2016-09-01,DE,1.0,95.0,130.0,4000.0,4000.0,Siemens,Siemens,SWT-4.0-130,SWT-4.0-130,1.0,Custom offshore wind farms,2016.0
6.852344,55.184753,2016-09-01,DE,1.0,95.0,130.0,4000.0,4000.0,Siemens,Siemens,SWT-4.0-130,SWT-4.0-130,1.0,Custom offshore wind farms,2016.0
6.867806,55.186703,2016-09-01,DE,1.0,95.0,130.0,4000.0,4000.0,Siemens,Siemens,SWT-4.0-130,SWT-4.0-130,1.0,Custom offshore wind farms,2016.0
6.833483,55.191831,2016-09-01,DE,1.0,95.0,130.0,4000.0,4000.0,Siemens,Siemens,SWT-4.0-130,SWT-4.0-130,1.0,Custom offshore wind farms,2016.0
6.848444,55.193492,2016-09-01,DE,1.0,95.0,130.0,4000.0,4000.0,Siemens,Siemens,SWT-4.0-130,SWT-4.0-130,1.0,Custom offshore wind farms,2016.0
6.864406,55.195722,2016-09-01,DE,1.0,95.0,130.0,4000.0,4000.0,Siemens,Siemens,SWT-4.0-130,SWT-4.0-130,1.0,Custom offshore wind farms,2016.0
6.830072,55.200572,2016-09-01,DE,1.0,95.0,130.0,4000.0,4000.0,Siemens,Siemens,SWT-4.0-130,SWT-4.0-130,1.0,Custom offshore wind farms,2016.0
6.845533,55.202522,2016-09-01,DE,1.0,95.0,130.0,4000.0,4000.0,Siemens,Siemens,SWT-4.0-130,SWT-4.0-130,1.0,Custom offshore wind farms,2016.0
6.860994,55.204472,2016-09-01,DE,1.0,95.0,130.0,4000.0,4000.0,Siemens,Siemens,SWT-4.0-130,SWT-4.0-130,1.0,Custom offshore wind farms,2016.0
6.826664,55.209322,2016-09-01,DE,1.0,95.0,130.0,4000.0,4000.0,Siemens,Siemens,SWT-4.0-130,SWT-4.0-130,1.0,Custom offshore wind farms,2016.0
6.841622,55.211261,2016-09-01,DE,1.0,95.0,130.0,4000.0,4000.0,Siemens,Siemens,SWT-4.0-130,SWT-4.0-130,1.0,Custom offshore wind farms,2016.0
6.858083,55.213214,2016-09-01,DE,1.0,95.0,130.0,4000.0,4000.0,Siemens,Siemens,SWT-4.0-130,SWT-4.0-130,1.0,Custom offshore wind farms,2016.0
6.823753,55.218342,2016-09-01,DE,1.0,95.0,130.0,4000.0,4000.0,Siemens,Siemens,SWT-4.0-130,SWT-4.0-130,1.0,Custom offshore wind farms,2016.0
6.839214,55.220003,2016-09-01,DE,1.0,95.0,130.0,4000.0,4000.0,Siemens,Siemens,SWT-4.0-130,SWT-4.0-130,1.0,Custom offshore wind farms,2016.0
6.820353,55.2270829999999,2016-09-01,DE,1.0,95.0,130.0,4000.0,4000.0,Siemens,Siemens,SWT-4.0-130,SWT-4.0-130,1.0,Custom offshore wind farms,2016.0
6.835803,55.228753,2016-09-01,DE,1.0,95.0,130.0,4000.0,4000.0,Siemens,Siemens,SWT-4.0-130,SWT-4.0-130,1.0,Custom offshore wind farms,2016.0
6.816942,55.2358329999999,2016-09-01,DE,1.0,95.0,130.0,4000.0,4000.0,Siemens,Siemens,SWT-4.0-130,SWT-4.0-130,1.0,Custom offshore wind farms,2016.0
6.832403,55.237772,2016-09-01,DE,1.0,95.0,130.0,4000.0,4000.0,Siemens,Siemens,SWT-4.0-130,SWT-4.0-130,1.0,Custom offshore wind farms,2016.0
6.848353,55.2394439999999,2016-09-01,DE,1.0,95.0,130.0,4000.0,4000.0,Siemens,Siemens,SWT-4.0-130,SWT-4.0-130,1.0,Custom offshore wind farms,2016.0
6.81353099999999,55.244572,2016-09-01,DE,1.0,95.0,130.0,4000.0,4000.0,Siemens,Siemens,SWT-4.0-130,SWT-4.0-130,1.0,Custom offshore wind farms,2016.0
6.828992,55.246522,2016-09-01,DE,1.0,95.0,130.0,4000.0,4000.0,Siemens,Siemens,SWT-4.0-130,SWT-4.0-130,1.0,Custom offshore wind farms,2016.0
6.844953,55.248464,2016-09-01,DE,1.0,95.0,130.0,4000.0,4000.0,Siemens,Siemens,SWT-4.0-130,SWT-4.0-130,1.0,Custom offshore wind farms,2016.0
6.810119,55.253314,2016-09-01,DE,1.0,95.0,130.0,4000.0,4000.0,Siemens,Siemens,SWT-4.0-130,SWT-4.0-130,1.0,Custom offshore wind farms,2016.0
6.825581,55.255264,2016-09-01,DE,1.0,95.0,130.0,4000.0,4000.0,Siemens,Siemens,SWT-4.0-130,SWT-4.0-130,1.0,Custom offshore wind farms,2016.0
6.841042,55.257203,2016-09-01,DE,1.0,95.0,130.0,4000.0,4000.0,Siemens,Siemens,SWT-4.0-130,SWT-4.0-130,1.0,Custom offshore wind farms,2016.0
6.856992,55.258875,2016-09-01,DE,1.0,95.0,130.0,4000.0,4000.0,Siemens,Siemens,SWT-4.0-130,SWT-4.0-130,1.0,Custom offshore wind farms,2016.0
6.807211,55.2623439999999,2016-09-01,DE,1.0,95.0,130.0,4000.0,4000.0,Siemens,Siemens,SWT-4.0-130,SWT-4.0-130,1.0,Custom offshore wind farms,2016.0
6.822672,55.264006,2016-09-01,DE,1.0,95.0,130.0,4000.0,4000.0,Siemens,Siemens,SWT-4.0-130,SWT-4.0-130,1.0,Custom offshore wind farms,2016.0
6.838131,55.265953,2016-09-01,DE,1.0,95.0,130.0,4000.0,4000.0,Siemens,Siemens,SWT-4.0-130,SWT-4.0-130,1.0,Custom offshore wind farms,2016.0
6.853592,55.2678939999999,2016-09-01,DE,1.0,95.0,130.0,4000.0,4000.0,Siemens,Siemens,SWT-4.0-130,SWT-4.0-130,1.0,Custom offshore wind farms,2016.0
6.8038,55.270803,2016-09-01,DE,1.0,95.0,130.0,4000.0,4000.0,Siemens,Siemens,SWT-4.0-130,SWT-4.0-130,1.0,Custom offshore wind farms,2016.0
6.819261,55.273033,2016-09-01,DE,1.0,95.0,130.0,4000.0,4000.0,Siemens,Siemens,SWT-4.0-130,SWT-4.0-130,1.0,Custom offshore wind farms,2016.0
6.835219,55.274694,2016-09-01,DE,1.0,95.0,130.0,4000.0,4000.0,Siemens,Siemens,SWT-4.0-130,SWT-4.0-130,1.0,Custom offshore wind farms,2016.0
6.850181,55.276644,2016-09-01,DE,1.0,95.0,130.0,4000.0,4000.0,Siemens,Siemens,SWT-4.0-130,SWT-4.0-130,1.0,Custom offshore wind farms,2016.0
6.800389,55.279825,2016-09-01,DE,1.0,95.0,130.0,4000.0,4000.0,Siemens,Siemens,SWT-4.0-130,SWT-4.0-130,1.0,Custom offshore wind farms,2016.0
6.81635,55.281778,2016-09-01,DE,1.0,95.0,130.0,4000.0,4000.0,Siemens,Siemens,SWT-4.0-130,SWT-4.0-130,1.0,Custom offshore wind farms,2016.0
6.831311,55.283725,2016-09-01,DE,1.0,95.0,130.0,4000.0,4000.0,Siemens,Siemens,SWT-4.0-130,SWT-4.0-130,1.0,Custom offshore wind farms,2016.0
6.847272,55.285383,2016-09-01,DE,1.0,95.0,130.0,4000.0,4000.0,Siemens,Siemens,SWT-4.0-130,SWT-4.0-130,1.0,Custom offshore wind farms,2016.0
6.812933,55.290517,2016-09-01,DE,1.0,95.0,130.0,4000.0,4000.0,Siemens,Siemens,SWT-4.0-130,SWT-4.0-130,1.0,Custom offshore wind farms,2016.0
6.8284,55.292464,2016-09-01,DE,1.0,95.0,130.0,4000.0,4000.0,Siemens,Siemens,SWT-4.0-130,SWT-4.0-130,1.0,Custom offshore wind farms,2016.0
6.843861,55.294125,2016-09-01,DE,1.0,95.0,130.0,4000.0,4000.0,Siemens,Siemens,SWT-4.0-130,SWT-4.0-130,1.0,Custom offshore wind farms,2016.0
6.44550260614843,53.6820104909884,2014-02-12,DE,1.0,88.0,120.0,3600.0,3600.0,Siemens,Siemens,SWT-3.6-120,SWT-3.6-120,1.0,Custom offshore wind farms,2014.0
6.44899193171242,53.6831638312427,2014-02-12,DE,1.0,88.0,120.0,3600.0,3600.0,Siemens,Siemens,SWT-3.6-120,SWT-3.6-120,1.0,Custom offshore wind farms,2014.0
6.4571463299329,53.6843173565901,2014-02-12,DE,1.0,88.0,120.0,3600.0,3600.0,Siemens,Siemens,SWT-3.6-120,SWT-3.6-120,1.0,Custom offshore wind farms,2014.0
6.46530119111378,53.6854703313146,2014-02-12,DE,1.0,88.0,120.0,3600.0,3600.0,Siemens,Siemens,SWT-3.6-120,SWT-3.6-120,1.0,Custom offshore wind farms,2014.0
6.47345651503169,53.686622755344,2014-02-12,DE,1.0,88.0,120.0,3600.0,3600.0,Siemens,Siemens,SWT-3.6-120,SWT-3.6-120,1.0,Custom offshore wind farms,2014.0
6.43873318561509,53.6872424954744,2014-02-12,DE,1.0,88.0,120.0,3600.0,3600.0,Siemens,Siemens,SWT-3.6-120,SWT-3.6-120,1.0,Custom offshore wind farms,2014.0
6.48162742937887,53.6877749468565,2014-02-12,DE,1.0,88.0,120.0,3600.0,3600.0,Siemens,Siemens,SWT-3.6-120,SWT-3.6-120,1.0,Custom offshore wind farms,2014.0
6.44688806530461,53.6883967248224,2014-02-12,DE,1.0,88.0,120.0,3600.0,3600.0,Siemens,Siemens,SWT-3.6-120,SWT-3.6-120,1.0,Custom offshore wind farms,2014.0
6.48978367860756,53.6889262682533,2014-02-12,DE,1.0,88.0,120.0,3600.0,3600.0,Siemens,Siemens,SWT-3.6-120,SWT-3.6-120,1.0,Custom offshore wind farms,2014.0
6.45504340838846,53.6895504035268,2014-02-12,DE,1.0,88.0,120.0,3600.0,3600.0,Siemens,Siemens,SWT-3.6-120,SWT-3.6-120,1.0,Custom offshore wind farms,2014.0
6.49794092262463,53.69006805893,2014-02-12,DE,1.0,88.0,120.0,3600.0,3600.0,Siemens,Siemens,SWT-3.6-120,SWT-3.6-120,1.0,Custom offshore wind farms,2014.0
6.46319921464326,53.6907035315153,2014-02-12,DE,1.0,88.0,120.0,3600.0,3600.0,Siemens,Siemens,SWT-3.6-120,SWT-3.6-120,1.0,Custom offshore wind farms,2014.0
6.51461093564395,53.6912244855442,2014-02-12,DE,1.0,88.0,120.0,3600.0,3600.0,Siemens,Siemens,SWT-3.6-120,SWT-3.6-120,1.0,Custom offshore wind farms,2014.0
6.47137061310493,53.691856428278,2014-02-12,DE,1.0,88.0,120.0,3600.0,3600.0,Siemens,Siemens,SWT-3.6-120,SWT-3.6-120,1.0,Custom offshore wind farms,2014.0
6.51427085702791,53.692368260914,2014-02-12,DE,1.0,88.0,120.0,3600.0,3600.0,Siemens,Siemens,SWT-3.6-120,SWT-3.6-120,1.0,Custom offshore wind farms,2014.0
6.43662783213739,53.6924751884041,2014-02-12,DE,1.0,88.0,120.0,3600.0,3600.0,Siemens,Siemens,SWT-3.6-120,SWT-3.6-120,1.0,Custom offshore wind farms,2014.0
6.47952734553918,53.6930084535923,2014-02-12,DE,1.0,88.0,120.0,3600.0,3600.0,Siemens,Siemens,SWT-3.6-120,SWT-3.6-120,1.0,Custom offshore wind farms,2014.0
6.43824829932147,53.6932057839852,2014-02-12,DE,1.0,88.0,120.0,3600.0,3600.0,Siemens,Siemens,SWT-3.6-120,SWT-3.6-120,1.0,Custom offshore wind farms,2014.0
6.44478365674052,53.6936295712548,2014-02-12,DE,1.0,88.0,120.0,3600.0,3600.0,Siemens,Siemens,SWT-3.6-120,SWT-3.6-120,1.0,Custom offshore wind farms,2014.0
6.48768454047321,53.6941599279738,2014-02-12,DE,1.0,88.0,120.0,3600.0,3600.0,Siemens,Siemens,SWT-3.6-120,SWT-3.6-120,1.0,Custom offshore wind farms,2014.0
6.4529399449487,53.694783403369,2014-02-12,DE,1.0,88.0,120.0,3600.0,3600.0,Siemens,Siemens,SWT-3.6-120,SWT-3.6-120,1.0,Custom offshore wind farms,2014.0
6.51217129787264,53.6948331125918,2014-02-12,DE,1.0,88.0,120.0,3600.0,3600.0,Siemens,Siemens,SWT-3.6-120,SWT-3.6-120,1.0,Custom offshore wind farms,2014.0
6.49584219768323,53.6953108513502,2014-02-12,DE,1.0,88.0,120.0,3600.0,3600.0,Siemens,Siemens,SWT-3.6-120,SWT-3.6-120,1.0,Custom offshore wind farms,2014.0
6.46109669653846,53.6959366846742,2014-02-12,DE,1.0,88.0,120.0,3600.0,3600.0,Siemens,Siemens,SWT-3.6-120,SWT-3.6-120,1.0,Custom offshore wind farms,2014.0
6.5040003169454,53.6964612236495,2014-02-12,DE,1.0,88.0,120.0,3600.0,3600.0,Siemens,Siemens,SWT-3.6-120,SWT-3.6-120,1.0,Custom offshore wind farms,2014.0
6.46926904239764,53.6970897349473,2014-02-12,DE,1.0,88.0,120.0,3600.0,3600.0,Siemens,Siemens,SWT-3.6-120,SWT-3.6-120,1.0,Custom offshore wind farms,2014.0
6.47742672058822,53.698241913392,2014-02-12,DE,1.0,88.0,120.0,3600.0,3600.0,Siemens,Siemens,SWT-3.6-120,SWT-3.6-120,1.0,Custom offshore wind farms,2014.0
6.48558486148899,53.6993935408108,2014-02-12,DE,1.0,88.0,120.0,3600.0,3600.0,Siemens,Siemens,SWT-3.6-120,SWT-3.6-120,1.0,Custom offshore wind farms,2014.0
6.49374346487611,53.7005446171315,2014-02-12,DE,1.0,88.0,120.0,3600.0,3600.0,Siemens,Siemens,SWT-3.6-120,SWT-3.6-120,1.0,Custom offshore wind farms,2014.0
6.50191766366795,53.7016954580256,2014-02-12,DE,1.0,88.0,120.0,3600.0,3600.0,Siemens,Siemens,SWT-3.6-120,SWT-3.6-120,1.0,Custom offshore wind farms,2014.0
11.6170278625149,54.5264678116508,2010-10-01,DK,1.0,68.3,93.0,2300.0,2300.0,Siemens,Siemens,SWT-2.3-93,SWT-2.3-93,1.0,Custom offshore wind farms,2010.0
11.608296737445,54.5272229123477,2010-10-01,DK,1.0,68.3,93.0,2300.0,2300.0,Siemens,Siemens,SWT-2.3-93,SWT-2.3-93,1.0,Custom offshore wind farms,2010.0
11.5977311736057,54.52854723376,2010-10-01,DK,1.0,68.3,93.0,2300.0,2300.0,Siemens,Siemens,SWT-2.3-93,SWT-2.3-93,1.0,Custom offshore wind farms,2010.0
11.58716252601,54.5300774621536,2010-10-01,DK,1.0,68.3,93.0,2300.0,2300.0,Siemens,Siemens,SWT-2.3-93,SWT-2.3-93,1.0,Custom offshore wind farms,2010.0
11.576971483156,54.5317245694043,2010-10-01,DK,1.0,68.3,93.0,2300.0,2300.0,Siemens,Siemens,SWT-2.3-93,SWT-2.3-93,1.0,Custom offshore wind farms,2010.0
11.5671327673726,54.5335790880365,2010-10-01,DK,1.0,68.3,93.0,2300.0,2300.0,Siemens,Siemens,SWT-2.3-93,SWT-2.3-93,1.0,Custom offshore wind farms,2010.0
11.6183818833869,54.5353028104011,2010-10-01,DK,1.0,68.3,93.0,2300.0,2300.0,Siemens,Siemens,SWT-2.3-93,SWT-2.3-93,1.0,Custom offshore wind farms,2010.0
11.5569262480571,54.5357462366706,2010-10-01,DK,1.0,68.3,93.0,2300.0,2300.0,Siemens,Siemens,SWT-2.3-93,SWT-2.3-93,1.0,Custom offshore wind farms,2010.0
11.6093961526831,54.5359735826537,2010-10-01,DK,1.0,68.3,93.0,2300.0,2300.0,Siemens,Siemens,SWT-2.3-93,SWT-2.3-93,1.0,Custom offshore wind farms,2010.0
11.5988913022393,54.5370719166148,2010-10-01,DK,1.0,68.3,93.0,2300.0,2300.0,Siemens,Siemens,SWT-2.3-93,SWT-2.3-93,1.0,Custom offshore wind farms,2010.0
11.5469013325079,54.5381154556597,2010-10-01,DK,1.0,68.3,93.0,2300.0,2300.0,Siemens,Siemens,SWT-2.3-93,SWT-2.3-93,1.0,Custom offshore wind farms,2010.0
11.5891223382903,54.5383243850673,2010-10-01,DK,1.0,68.3,93.0,2300.0,2300.0,Siemens,Siemens,SWT-2.3-93,SWT-2.3-93,1.0,Custom offshore wind farms,2010.0
11.5796832357289,54.5396679098251,2010-10-01,DK,1.0,68.3,93.0,2300.0,2300.0,Siemens,Siemens,SWT-2.3-93,SWT-2.3-93,1.0,Custom offshore wind farms,2010.0
11.537611959906,54.5403964737544,2010-10-01,DK,1.0,68.3,93.0,2300.0,2300.0,Siemens,Siemens,SWT-2.3-93,SWT-2.3-93,1.0,Custom offshore wind farms,2010.0
11.5704417713192,54.5412132598936,2010-10-01,DK,1.0,68.3,93.0,2300.0,2300.0,Siemens,Siemens,SWT-2.3-93,SWT-2.3-93,1.0,Custom offshore wind farms,2010.0
11.560923067756,54.5430334692945,2010-10-01,DK,1.0,68.3,93.0,2300.0,2300.0,Siemens,Siemens,SWT-2.3-93,SWT-2.3-93,1.0,Custom offshore wind farms,2010.0
11.5277724843806,54.5432995860024,2010-10-01,DK,1.0,68.3,93.0,2300.0,2300.0,Siemens,Siemens,SWT-2.3-93,SWT-2.3-93,1.0,Custom offshore wind farms,2010.0
11.617906456208,54.5442942898467,2010-10-01,DK,1.0,68.3,93.0,2300.0,2300.0,Siemens,Siemens,SWT-2.3-93,SWT-2.3-93,1.0,Custom offshore wind farms,2010.0
11.6089524612304,54.5447665367701,2010-10-01,DK,1.0,68.3,93.0,2300.0,2300.0,Siemens,Siemens,SWT-2.3-93,SWT-2.3-93,1.0,Custom offshore wind farms,2010.0
11.5514472733873,54.5450587842779,2010-10-01,DK,1.0,68.3,93.0,2300.0,2300.0,Siemens,Siemens,SWT-2.3-93,SWT-2.3-93,1.0,Custom offshore wind farms,2010.0
11.6000514006372,54.5455875943592,2010-10-01,DK,1.0,68.3,93.0,2300.0,2300.0,Siemens,Siemens,SWT-2.3-93,SWT-2.3-93,1.0,Custom offshore wind farms,2010.0
11.5182961566119,54.5460954290591,2010-10-01,DK,1.0,68.3,93.0,2300.0,2300.0,Siemens,Siemens,SWT-2.3-93,SWT-2.3-93,1.0,Custom offshore wind farms,2010.0
11.5910675509871,54.5465715883888,2010-10-01,DK,1.0,68.3,93.0,2300.0,2300.0,Siemens,Siemens,SWT-2.3-93,SWT-2.3-93,1.0,Custom offshore wind farms,2010.0
11.542705118408,54.5469600397996,2010-10-01,DK,1.0,68.3,93.0,2300.0,2300.0,Siemens,Siemens,SWT-2.3-93,SWT-2.3-93,1.0,Custom offshore wind farms,2010.0
11.5823960900036,54.547611168543,2010-10-01,DK,1.0,68.3,93.0,2300.0,2300.0,Siemens,Siemens,SWT-2.3-93,SWT-2.3-93,1.0,Custom offshore wind farms,2010.0
11.5737520542551,54.5488473190864,2010-10-01,DK,1.0,68.3,93.0,2300.0,2300.0,Siemens,Siemens,SWT-2.3-93,SWT-2.3-93,1.0,Custom offshore wind farms,2010.0
11.5093574258125,54.5491041066813,2010-10-01,DK,1.0,68.3,93.0,2300.0,2300.0,Siemens,Siemens,SWT-2.3-93,SWT-2.3-93,1.0,Custom offshore wind farms,2010.0
11.5333358676616,54.5494851120362,2010-10-01,DK,1.0,68.3,93.0,2300.0,2300.0,Siemens,Siemens,SWT-2.3-93,SWT-2.3-93,1.0,Custom offshore wind farms,2010.0
11.5656708140816,54.5501877752395,2010-10-01,DK,1.0,68.3,93.0,2300.0,2300.0,Siemens,Siemens,SWT-2.3-93,SWT-2.3-93,1.0,Custom offshore wind farms,2010.0
11.5242368105233,54.5518959254992,2010-10-01,DK,1.0,68.3,93.0,2300.0,2300.0,Siemens,Siemens,SWT-2.3-93,SWT-2.3-93,1.0,Custom offshore wind farms,2010.0
11.5559787840269,54.5519932665012,2010-10-01,DK,1.0,68.3,93.0,2300.0,2300.0,Siemens,Siemens,SWT-2.3-93,SWT-2.3-93,1.0,Custom offshore wind farms,2010.0
11.500251241196,54.5524302170251,2010-10-01,DK,1.0,68.3,93.0,2300.0,2300.0,Siemens,Siemens,SWT-2.3-93,SWT-2.3-93,1.0,Custom offshore wind farms,2010.0
11.6174314592118,54.553294735373,2010-10-01,DK,1.0,68.3,93.0,2300.0,2300.0,Siemens,Siemens,SWT-2.3-93,SWT-2.3-93,1.0,Custom offshore wind farms,2010.0
11.5477999398029,54.5535233673124,2010-10-01,DK,1.0,68.3,93.0,2300.0,2300.0,Siemens,Siemens,SWT-2.3-93,SWT-2.3-93,1.0,Custom offshore wind farms,2010.0
11.6092803390127,54.5535338392344,2010-10-01,DK,1.0,68.3,93.0,2300.0,2300.0,Siemens,Siemens,SWT-2.3-93,SWT-2.3-93,1.0,Custom offshore wind farms,2010.0
11.6012126112231,54.5541122226844,2010-10-01,DK,1.0,68.3,93.0,2300.0,2300.0,Siemens,Siemens,SWT-2.3-93,SWT-2.3-93,1.0,Custom offshore wind farms,2010.0
11.5156596781045,54.5545109430295,2010-10-01,DK,1.0,68.3,93.0,2300.0,2300.0,Siemens,Siemens,SWT-2.3-93,SWT-2.3-93,1.0,Custom offshore wind farms,2010.0
11.5930290476854,54.5548184104671,2010-10-01,DK,1.0,68.3,93.0,2300.0,2300.0,Siemens,Siemens,SWT-2.3-93,SWT-2.3-93,1.0,Custom offshore wind farms,2010.0
11.5851100467573,54.5555543455056,2010-10-01,DK,1.0,68.3,93.0,2300.0,2300.0,Siemens,Siemens,SWT-2.3-93,SWT-2.3-93,1.0,Custom offshore wind farms,2010.0
11.5389003989697,54.5556613801127,2010-10-01,DK,1.0,68.3,93.0,2300.0,2300.0,Siemens,Siemens,SWT-2.3-93,SWT-2.3-93,1.0,Custom offshore wind farms,2010.0
11.4911346835846,54.5558637166035,2010-10-01,DK,1.0,68.3,93.0,2300.0,2300.0,Siemens,Siemens,SWT-2.3-93,SWT-2.3-93,1.0,Custom offshore wind farms,2010.0
11.577048736505,54.5564905727302,2010-10-01,DK,1.0,68.3,93.0,2300.0,2300.0,Siemens,Siemens,SWT-2.3-93,SWT-2.3-93,1.0,Custom offshore wind farms,2010.0
11.506807757043,54.5574546725643,2010-10-01,DK,1.0,68.3,93.0,2300.0,2300.0,Siemens,Siemens,SWT-2.3-93,SWT-2.3-93,1.0,Custom offshore wind farms,2010.0
11.5689365436027,54.5576071399111,2010-10-01,DK,1.0,68.3,93.0,2300.0,2300.0,Siemens,Siemens,SWT-2.3-93,SWT-2.3-93,1.0,Custom offshore wind farms,2010.0
11.5301797242528,54.5577050853916,2010-10-01,DK,1.0,68.3,93.0,2300.0,2300.0,Siemens,Siemens,SWT-2.3-93,SWT-2.3-93,1.0,Custom offshore wind farms,2010.0
11.5605278760441,54.5589362061411,2010-10-01,DK,1.0,68.3,93.0,2300.0,2300.0,Siemens,Siemens,SWT-2.3-93,SWT-2.3-93,1.0,Custom offshore wind farms,2010.0
11.4829291715668,54.5592957890008,2010-10-01,DK,1.0,68.3,93.0,2300.0,2300.0,Siemens,Siemens,SWT-2.3-93,SWT-2.3-93,1.0,Custom offshore wind farms,2010.0
11.5219636108628,54.5599174288343,2010-10-01,DK,1.0,68.3,93.0,2300.0,2300.0,Siemens,Siemens,SWT-2.3-93,SWT-2.3-93,1.0,Custom offshore wind farms,2010.0
11.5528815375888,54.5600957604231,2010-10-01,DK,1.0,68.3,93.0,2300.0,2300.0,Siemens,Siemens,SWT-2.3-93,SWT-2.3-93,1.0,Custom offshore wind farms,2010.0
11.497929138956,54.5604881896776,2010-10-01,DK,1.0,68.3,93.0,2300.0,2300.0,Siemens,Siemens,SWT-2.3-93,SWT-2.3-93,1.0,Custom offshore wind farms,2010.0
11.5429390265213,54.5621481897893,2010-10-01,DK,1.0,68.3,93.0,2300.0,2300.0,Siemens,Siemens,SWT-2.3-93,SWT-2.3-93,1.0,Custom offshore wind farms,2010.0
11.6169557419255,54.5622861915606,2010-10-01,DK,1.0,68.3,93.0,2300.0,2300.0,Siemens,Siemens,SWT-2.3-93,SWT-2.3-93,1.0,Custom offshore wind farms,2010.0
11.6096244408869,54.5623097721663,2010-10-01,DK,1.0,68.3,93.0,2300.0,2300.0,Siemens,Siemens,SWT-2.3-93,SWT-2.3-93,1.0,Custom offshore wind farms,2010.0
11.5133807915734,54.5624694522607,2010-10-01,DK,1.0,68.3,93.0,2300.0,2300.0,Siemens,Siemens,SWT-2.3-93,SWT-2.3-93,1.0,Custom offshore wind farms,2010.0
11.6023743636059,54.5626368237199,2010-10-01,DK,1.0,68.3,93.0,2300.0,2300.0,Siemens,Siemens,SWT-2.3-93,SWT-2.3-93,1.0,Custom offshore wind farms,2010.0
11.5949753693667,54.5630565356133,2010-10-01,DK,1.0,68.3,93.0,2300.0,2300.0,Siemens,Siemens,SWT-2.3-93,SWT-2.3-93,1.0,Custom offshore wind farms,2010.0
11.4741750798816,54.5631430548105,2010-10-01,DK,1.0,68.3,93.0,2300.0,2300.0,Siemens,Siemens,SWT-2.3-93,SWT-2.3-93,1.0,Custom offshore wind farms,2010.0
11.5878251067679,54.5634974406606,2010-10-01,DK,1.0,68.3,93.0,2300.0,2300.0,Siemens,Siemens,SWT-2.3-93,SWT-2.3-93,1.0,Custom offshore wind farms,2010.0
11.5361237877474,54.5635049518759,2010-10-01,DK,1.0,68.3,93.0,2300.0,2300.0,Siemens,Siemens,SWT-2.3-93,SWT-2.3-93,1.0,Custom offshore wind farms,2010.0
11.4898068179967,54.5635144616557,2010-10-01,DK,1.0,68.3,93.0,2300.0,2300.0,Siemens,Siemens,SWT-2.3-93,SWT-2.3-93,1.0,Custom offshore wind farms,2010.0
11.5803615780537,54.5641244067874,2010-10-01,DK,1.0,68.3,93.0,2300.0,2300.0,Siemens,Siemens,SWT-2.3-93,SWT-2.3-93,1.0,Custom offshore wind farms,2010.0
11.5729377568559,54.5648939053243,2010-10-01,DK,1.0,68.3,93.0,2300.0,2300.0,Siemens,Siemens,SWT-2.3-93,SWT-2.3-93,1.0,Custom offshore wind farms,2010.0
11.5047102370352,54.5651215600768,2010-10-01,DK,1.0,68.3,93.0,2300.0,2300.0,Siemens,Siemens,SWT-2.3-93,SWT-2.3-93,1.0,Custom offshore wind farms,2010.0
11.5282537739141,54.5653238869112,2010-10-01,DK,1.0,68.3,93.0,2300.0,2300.0,Siemens,Siemens,SWT-2.3-93,SWT-2.3-93,1.0,Custom offshore wind farms,2010.0
11.5650785469049,54.5658789507722,2010-10-01,DK,1.0,68.3,93.0,2300.0,2300.0,Siemens,Siemens,SWT-2.3-93,SWT-2.3-93,1.0,Custom offshore wind farms,2010.0
11.5579951374049,54.5666582842303,2010-10-01,DK,1.0,68.3,93.0,2300.0,2300.0,Siemens,Siemens,SWT-2.3-93,SWT-2.3-93,1.0,Custom offshore wind farms,2010.0
11.4811493826977,54.5669197364293,2010-10-01,DK,1.0,68.3,93.0,2300.0,2300.0,Siemens,Siemens,SWT-2.3-93,SWT-2.3-93,1.0,Custom offshore wind farms,2010.0
11.4659612432862,54.5669966332199,2010-10-01,DK,1.0,68.3,93.0,2300.0,2300.0,Siemens,Siemens,SWT-2.3-93,SWT-2.3-93,1.0,Custom offshore wind farms,2010.0
11.5199405508003,54.567493154153,2010-10-01,DK,1.0,68.3,93.0,2300.0,2300.0,Siemens,Siemens,SWT-2.3-93,SWT-2.3-93,1.0,Custom offshore wind farms,2010.0
11.496685886796,54.5677327255948,2010-10-01,DK,1.0,68.3,93.0,2300.0,2300.0,Siemens,Siemens,SWT-2.3-93,SWT-2.3-93,1.0,Custom offshore wind farms,2010.0
11.5500356965061,54.5680310330729,2010-10-01,DK,1.0,68.3,93.0,2300.0,2300.0,Siemens,Siemens,SWT-2.3-93,SWT-2.3-93,1.0,Custom offshore wind farms,2010.0
11.5420695565127,54.5693045031291,2010-10-01,DK,1.0,68.3,93.0,2300.0,2300.0,Siemens,Siemens,SWT-2.3-93,SWT-2.3-93,1.0,Custom offshore wind farms,2010.0
11.5115077789963,54.5697452314805,2010-10-01,DK,1.0,68.3,93.0,2300.0,2300.0,Siemens,Siemens,SWT-2.3-93,SWT-2.3-93,1.0,Custom offshore wind farms,2010.0
11.4729120859092,54.5703877038693,2010-10-01,DK,1.0,68.3,93.0,2300.0,2300.0,Siemens,Siemens,SWT-2.3-93,SWT-2.3-93,1.0,Custom offshore wind farms,2010.0
11.4881404273909,54.5706956823259,2010-10-01,DK,1.0,68.3,93.0,2300.0,2300.0,Siemens,Siemens,SWT-2.3-93,SWT-2.3-93,1.0,Custom offshore wind farms,2010.0
11.5345610677385,54.5707296718732,2010-10-01,DK,1.0,68.3,93.0,2300.0,2300.0,Siemens,Siemens,SWT-2.3-93,SWT-2.3-93,1.0,Custom offshore wind farms,2010.0
11.457935301177,54.5711694493353,2010-10-01,DK,1.0,68.3,93.0,2300.0,2300.0,Siemens,Siemens,SWT-2.3-93,SWT-2.3-93,1.0,Custom offshore wind farms,2010.0
11.5035663783466,54.571950580638,2010-10-01,DK,1.0,68.3,93.0,2300.0,2300.0,Siemens,Siemens,SWT-2.3-93,SWT-2.3-93,1.0,Custom offshore wind farms,2010.0
11.5265168304571,54.5725071782004,2010-10-01,DK,1.0,68.3,93.0,2300.0,2300.0,Siemens,Siemens,SWT-2.3-93,SWT-2.3-93,1.0,Custom offshore wind farms,2010.0
11.4798491703076,54.5737876567947,2010-10-01,DK,1.0,68.3,93.0,2300.0,2300.0,Siemens,Siemens,SWT-2.3-93,SWT-2.3-93,1.0,Custom offshore wind farms,2010.0
11.4648314489197,54.5741665442183,2010-10-01,DK,1.0,68.3,93.0,2300.0,2300.0,Siemens,Siemens,SWT-2.3-93,SWT-2.3-93,1.0,Custom offshore wind farms,2010.0
11.5182919644817,54.5743778014868,2010-10-01,DK,1.0,68.3,93.0,2300.0,2300.0,Siemens,Siemens,SWT-2.3-93,SWT-2.3-93,1.0,Custom offshore wind farms,2010.0
11.4951173088191,54.5744715272431,2010-10-01,DK,1.0,68.3,93.0,2300.0,2300.0,Siemens,Siemens,SWT-2.3-93,SWT-2.3-93,1.0,Custom offshore wind farms,2010.0
11.5104482930304,54.5761680266048,2010-10-01,DK,1.0,68.3,93.0,2300.0,2300.0,Siemens,Siemens,SWT-2.3-93,SWT-2.3-93,1.0,Custom offshore wind farms,2010.0
11.4717286039443,54.5771632340585,2010-10-01,DK,1.0,68.3,93.0,2300.0,2300.0,Siemens,Siemens,SWT-2.3-93,SWT-2.3-93,1.0,Custom offshore wind farms,2010.0
11.4868023155411,54.5771779017045,2010-10-01,DK,1.0,68.3,93.0,2300.0,2300.0,Siemens,Siemens,SWT-2.3-93,SWT-2.3-93,1.0,Custom offshore wind farms,2010.0
11.5014109603934,54.5784409089978,2010-10-01,DK,1.0,68.3,93.0,2300.0,2300.0,Siemens,Siemens,SWT-2.3-93,SWT-2.3-93,1.0,Custom offshore wind farms,2010.0
11.4786267663596,54.5801595187275,2010-10-01,DK,1.0,68.3,93.0,2300.0,2300.0,Siemens,Siemens,SWT-2.3-93,SWT-2.3-93,1.0,Custom offshore wind farms,2010.0
11.4937417037058,54.5805770302904,2010-10-01,DK,1.0,68.3,93.0,2300.0,2300.0,Siemens,Siemens,SWT-2.3-93,SWT-2.3-93,1.0,Custom offshore wind farms,2010.0
11.4855667337085,54.5831467386718,2010-10-01,DK,1.0,68.3,93.0,2300.0,2300.0,Siemens,Siemens,SWT-2.3-93,SWT-2.3-93,1.0,Custom offshore wind farms,2010.0
8.22543869993476,56.6532075938475,2013-06-01,DK,1.0,69.0,82.4,2300.0,2300.0,Siemens,Siemens,SWT-2.3-93,SWT-2.3-93,1.0,Custom offshore wind farms,2013.0
8.22412164796077,56.6556678342301,2013-06-01,DK,1.0,69.0,82.4,2300.0,2300.0,Siemens,Siemens,SWT-2.3-93,SWT-2.3-93,1.0,Custom offshore wind farms,2013.0
8.22279218965033,56.6581200766975,2013-06-01,DK,1.0,69.0,82.4,2300.0,2300.0,Siemens,Siemens,SWT-2.3-93,SWT-2.3-93,1.0,Custom offshore wind farms,2013.0
8.22147336776371,56.6605781210818,2013-06-01,DK,1.0,69.0,82.4,2300.0,2300.0,Siemens,Siemens,SWT-2.3-93,SWT-2.3-93,1.0,Custom offshore wind farms,2013.0
8.22018462471905,56.6629774923035,2013-06-01,DK,1.0,67.0,80.0,2000.0,2000.0,Vestas,Vestas,V80/2000,V80/2000,1.0,Custom offshore wind farms,2013.0
8.21886309888834,56.6654392648255,2013-06-01,DK,1.0,67.0,80.0,2000.0,2000.0,Vestas,Vestas,V80/2000,V80/2000,1.0,Custom offshore wind farms,2013.0
8.21752270971861,56.6679210292915,2013-06-01,DK,1.0,67.0,80.0,2000.0,2000.0,Vestas,Vestas,V80/2000,V80/2000,1.0,Custom offshore wind farms,2013.0
8.21618138501207,56.67039998796,2013-06-01,DK,1.0,67.0,80.0,2000.0,2000.0,Vestas,Vestas,V80/2000,V80/2000,1.0,Custom offshore wind farms,2013.0
10.939623476868,55.3410497326466,2009-06-01,DK,1.0,75.0,90.0,2000.0,2000.0,Vestas,Vestas,V90/3000 Offshore,V90/3000 Offshore,1.0,Custom offshore wind farms,2009.0
10.9465464071491,55.3419326825785,2009-06-01,DK,1.0,75.0,90.0,2000.0,2000.0,Vestas,Vestas,V90/3000 Offshore,V90/3000 Offshore,1.0,Custom offshore wind farms,2009.0
10.9534812431553,55.3428107380395,2009-06-01,DK,1.0,75.0,90.0,2000.0,2000.0,Vestas,Vestas,V90/3000 Offshore,V90/3000 Offshore,1.0,Custom offshore wind farms,2009.0
10.9603997329848,55.3436930684635,2009-06-01,DK,1.0,75.0,90.0,2000.0,2000.0,Vestas,Vestas,V90/3000 Offshore,V90/3000 Offshore,1.0,Custom offshore wind farms,2009.0
10.9673202781412,55.3445658986737,2009-06-01,DK,1.0,75.0,90.0,2000.0,2000.0,Vestas,Vestas,V90/3000 Offshore,V90/3000 Offshore,1.0,Custom offshore wind farms,2009.0
10.9742402436222,55.3454429323187,2009-06-01,DK,1.0,75.0,90.0,2000.0,2000.0,Vestas,Vestas,V90/3000 Offshore,V90/3000 Offshore,1.0,Custom offshore wind farms,2009.0
10.9811419811502,55.3463244556964,2009-06-01,DK,1.0,75.0,90.0,2000.0,2000.0,Vestas,Vestas,V90/3000 Offshore,V90/3000 Offshore,1.0,Custom offshore wind farms,2009.0
6.448212,54.000189,2011-09-01,DE,1.0,90.0,116.0,5000.0,5000.0,Areva,Areva,M5000-116,M5000-116,1.0,Custom offshore wind farms,2011.0
6.461983,54.000192,2011-09-01,DE,1.0,90.0,116.0,5000.0,5000.0,Areva,Areva,M5000-116,M5000-116,1.0,Custom offshore wind farms,2011.0
6.475773,54.000198,2011-09-01,DE,1.0,90.0,116.0,5000.0,5000.0,Areva,Areva,M5000-116,M5000-116,1.0,Custom offshore wind farms,2011.0
6.489564,54.000205,2011-09-01,DE,1.0,90.0,116.0,5000.0,5000.0,Areva,Areva,M5000-116,M5000-116,1.0,Custom offshore wind farms,2011.0
6.489137,54.007875,2011-09-01,DE,1.0,90.0,116.0,5000.0,5000.0,Areva,Areva,M5000-116,M5000-116,1.0,Custom offshore wind farms,2011.0
6.461545,54.007953,2011-09-01,DE,1.0,90.0,116.0,5000.0,5000.0,Areva,Areva,M5000-116,M5000-116,1.0,Custom offshore wind farms,2011.0
6.447752,54.008198,2011-09-01,DE,1.0,90.0,116.0,5000.0,5000.0,Areva,Areva,M5000-116,M5000-116,1.0,Custom offshore wind farms,2011.0
6.475285,54.009001,2011-09-01,DE,1.0,90.0,116.0,5000.0,5000.0,Areva,Areva,M5000-116,M5000-116,1.0,Custom offshore wind farms,2011.0
6.488694,54.015724,2011-09-01,DE,1.0,90.0,116.0,5000.0,5000.0,Areva,Areva,M5000-116,M5000-116,1.0,Custom offshore wind farms,2011.0
6.461102,54.015884,2011-09-01,DE,1.0,90.0,116.0,5000.0,5000.0,Areva,Areva,M5000-116,M5000-116,1.0,Custom offshore wind farms,2011.0
6.44728099999999,54.016386,2011-09-01,DE,1.0,90.0,116.0,5000.0,5000.0,Areva,Areva,M5000-116,M5000-116,1.0,Custom offshore wind farms,2011.0
6.474786,54.017985,2011-09-01,DE,1.0,90.0,116.0,5000.0,5000.0,Areva,Areva,M5000-116,M5000-116,1.0,Custom offshore wind farms,2011.0
6.488255,54.023572,2011-09-01,DE,1.0,90.0,116.0,5000.0,5000.0,Areva,Areva,M5000-116,M5000-116,1.0,Custom offshore wind farms,2011.0
6.460655,54.0238199999999,2011-09-01,DE,1.0,90.0,116.0,5000.0,5000.0,Areva,Areva,M5000-116,M5000-116,1.0,Custom offshore wind farms,2011.0
6.474281,54.02696,2011-09-01,DE,1.0,90.0,116.0,5000.0,5000.0,Areva,Areva,M5000-116,M5000-116,1.0,Custom offshore wind farms,2011.0
6.487814,54.031423,2011-09-01,DE,1.0,90.0,116.0,5000.0,5000.0,Areva,Areva,M5000-116,M5000-116,1.0,Custom offshore wind farms,2011.0
6.460198,54.031756,2011-09-01,DE,1.0,90.0,116.0,5000.0,5000.0,Areva,Areva,M5000-116,M5000-116,1.0,Custom offshore wind farms,2011.0
6.473791,54.035937,2011-09-01,DE,1.0,90.0,116.0,5000.0,5000.0,Areva,Areva,M5000-116,M5000-116,1.0,Custom offshore wind farms,2011.0
6.487383,54.039271,2011-09-01,DE,1.0,90.0,116.0,5000.0,5000.0,Areva,Areva,M5000-116,M5000-116,1.0,Custom offshore wind farms,2011.0
6.473281,54.044921,2011-09-01,DE,1.0,90.0,116.0,5000.0,5000.0,Areva,Areva,M5000-116,M5000-116,1.0,Custom offshore wind farms,2011.0
6.472451,54.055258,2011-09-01,DE,1.0,90.0,116.0,5000.0,5000.0,Areva,Areva,M5000-116,M5000-116,1.0,Custom offshore wind farms,2011.0
6.430945,54.060802,2011-09-01,DE,1.0,90.0,116.0,5000.0,5000.0,Areva,Areva,M5000-116,M5000-116,1.0,Custom offshore wind farms,2011.0
6.444762,54.060978,2011-09-01,DE,1.0,90.0,116.0,5000.0,5000.0,Areva,Areva,M5000-116,M5000-116,1.0,Custom offshore wind farms,2011.0
6.458429,54.06115,2011-09-01,DE,1.0,90.0,116.0,5000.0,5000.0,Areva,Areva,M5000-116,M5000-116,1.0,Custom offshore wind farms,2011.0
6.417115,54.0613069999999,2011-09-01,DE,1.0,90.0,116.0,5000.0,5000.0,Areva,Areva,M5000-116,M5000-116,1.0,Custom offshore wind farms,2011.0
6.472006,54.063512,2011-09-01,DE,1.0,90.0,116.0,5000.0,5000.0,Areva,Areva,M5000-116,M5000-116,1.0,Custom offshore wind farms,2011.0
6.430405,54.069781,2011-09-01,DE,1.0,90.0,116.0,5000.0,5000.0,Areva,Areva,M5000-116,M5000-116,1.0,Custom offshore wind farms,2011.0
6.444194,54.069953,2011-09-01,DE,1.0,90.0,116.0,5000.0,5000.0,Areva,Areva,M5000-116,M5000-116,1.0,Custom offshore wind farms,2011.0
6.41661,54.070058,2011-09-01,DE,1.0,90.0,116.0,5000.0,5000.0,Areva,Areva,M5000-116,M5000-116,1.0,Custom offshore wind farms,2011.0
6.457884,54.070131,2011-09-01,DE,1.0,90.0,116.0,5000.0,5000.0,Areva,Areva,M5000-116,M5000-116,1.0,Custom offshore wind farms,2011.0
6.471552,54.071757,2011-09-01,DE,1.0,90.0,116.0,5000.0,5000.0,Areva,Areva,M5000-116,M5000-116,1.0,Custom offshore wind farms,2011.0
6.429868,54.078757,2011-09-01,DE,1.0,90.0,116.0,5000.0,5000.0,Areva,Areva,M5000-116,M5000-116,1.0,Custom offshore wind farms,2011.0
6.416101,54.078805,2011-09-01,DE,1.0,90.0,116.0,5000.0,5000.0,Areva,Areva,M5000-116,M5000-116,1.0,Custom offshore wind farms,2011.0
6.443635,54.078937,2011-09-01,DE,1.0,90.0,116.0,5000.0,5000.0,Areva,Areva,M5000-116,M5000-116,1.0,Custom offshore wind farms,2011.0
6.457343,54.079111,2011-09-01,DE,1.0,90.0,116.0,5000.0,5000.0,Areva,Areva,M5000-116,M5000-116,1.0,Custom offshore wind farms,2011.0
6.471113,54.080009,2011-09-01,DE,1.0,90.0,116.0,5000.0,5000.0,Areva,Areva,M5000-116,M5000-116,1.0,Custom offshore wind farms,2011.0
6.415597,54.087559,2011-09-01,DE,1.0,90.0,116.0,5000.0,5000.0,Areva,Areva,M5000-116,M5000-116,1.0,Custom offshore wind farms,2011.0
6.429332,54.087739,2011-09-01,DE,1.0,90.0,116.0,5000.0,5000.0,Areva,Areva,M5000-116,M5000-116,1.0,Custom offshore wind farms,2011.0
6.443083,54.087914,2011-09-01,DE,1.0,90.0,116.0,5000.0,5000.0,Areva,Areva,M5000-116,M5000-116,1.0,Custom offshore wind farms,2011.0
6.456799,54.0880939999999,2011-09-01,DE,1.0,90.0,116.0,5000.0,5000.0,Areva,Areva,M5000-116,M5000-116,1.0,Custom offshore wind farms,2011.0
6.420597,54.001328,2020-06-30,DE,1.0,104.5,152.0,6330.0,6330.0,Senvion,Senvion,6.3M152,6.3M152,1.0,Custom offshore wind farms,2020.0
6.420152,54.008726,2020-06-30,DE,1.0,104.5,152.0,6330.0,6330.0,Senvion,Senvion,6.3M152,6.3M152,1.0,Custom offshore wind farms,2020.0
6.432184,54.014334,2020-06-30,DE,1.0,104.5,152.0,6330.0,6330.0,Senvion,Senvion,6.3M152,6.3M152,1.0,Custom offshore wind farms,2020.0
6.419674,54.016998,2020-06-30,DE,1.0,104.5,152.0,6330.0,6330.0,Senvion,Senvion,6.3M152,6.3M152,1.0,Custom offshore wind farms,2020.0
6.432804,54.023851,2020-06-30,DE,1.0,104.5,152.0,6330.0,6330.0,Senvion,Senvion,6.3M152,6.3M152,1.0,Custom offshore wind farms,2020.0
6.419048,54.02771,2020-06-30,DE,1.0,104.5,152.0,6330.0,6330.0,Senvion,Senvion,6.3M152,6.3M152,1.0,Custom offshore wind farms,2020.0
6.443462,54.029869,2020-06-30,DE,1.0,104.5,152.0,6330.0,6330.0,Senvion,Senvion,6.3M152,6.3M152,1.0,Custom offshore wind farms,2020.0
6.429746,54.033522,2020-06-30,DE,1.0,104.5,152.0,6330.0,6330.0,Senvion,Senvion,6.3M152,6.3M152,1.0,Custom offshore wind farms,2020.0
6.418596,54.035801,2020-06-30,DE,1.0,104.5,152.0,6330.0,6330.0,Senvion,Senvion,6.3M152,6.3M152,1.0,Custom offshore wind farms,2020.0
6.440225,54.039213,2020-06-30,DE,1.0,104.5,152.0,6330.0,6330.0,Senvion,Senvion,6.3M152,6.3M152,1.0,Custom offshore wind farms,2020.0
6.452468,54.043596,2020-06-30,DE,1.0,104.5,152.0,6330.0,6330.0,Senvion,Senvion,6.3M152,6.3M152,1.0,Custom offshore wind farms,2020.0
6.41812,54.043962,2020-06-30,DE,1.0,104.5,152.0,6330.0,6330.0,Senvion,Senvion,6.3M152,6.3M152,1.0,Custom offshore wind farms,2020.0
6.4332,54.045104,2020-06-30,DE,1.0,104.5,152.0,6330.0,6330.0,Senvion,Senvion,6.3M152,6.3M152,1.0,Custom offshore wind farms,2020.0
6.498748,54.0475819999999,2020-06-30,DE,1.0,104.5,152.0,6330.0,6330.0,Senvion,Senvion,6.3M152,6.3M152,1.0,Custom offshore wind farms,2020.0
6.4844,54.050834,2020-06-30,DE,1.0,104.5,152.0,6330.0,6330.0,Senvion,Senvion,6.3M152,6.3M152,1.0,Custom offshore wind farms,2020.0
6.417629,54.0521069999999,2020-06-30,DE,1.0,104.5,152.0,6330.0,6330.0,Senvion,Senvion,6.3M152,6.3M152,1.0,Custom offshore wind farms,2020.0
6.452464,54.052193,2020-06-30,DE,1.0,104.5,152.0,6330.0,6330.0,Senvion,Senvion,6.3M152,6.3M152,1.0,Custom offshore wind farms,2020.0
6.435736,54.053068,2020-06-30,DE,1.0,104.5,152.0,6330.0,6330.0,Senvion,Senvion,6.3M152,6.3M152,1.0,Custom offshore wind farms,2020.0
6.510261,54.0553459999999,2020-06-30,DE,1.0,104.5,152.0,6330.0,6330.0,Senvion,Senvion,6.3M152,6.3M152,1.0,Custom offshore wind farms,2020.0
6.492888,54.056757,2020-06-30,DE,1.0,104.5,152.0,6330.0,6330.0,Senvion,Senvion,6.3M152,6.3M152,1.0,Custom offshore wind farms,2020.0
6.502115,54.062243,2020-06-30,DE,1.0,104.5,152.0,6330.0,6330.0,Senvion,Senvion,6.3M152,6.3M152,1.0,Custom offshore wind farms,2020.0
6.48739499999999,54.064457,2020-06-30,DE,1.0,104.5,152.0,6330.0,6330.0,Senvion,Senvion,6.3M152,6.3M152,1.0,Custom offshore wind farms,2020.0
6.511437,54.067814,2020-06-30,DE,1.0,104.5,152.0,6330.0,6330.0,Senvion,Senvion,6.3M152,6.3M152,1.0,Custom offshore wind farms,2020.0
6.52096999999999,54.073064,2020-06-30,DE,1.0,104.5,152.0,6330.0,6330.0,Senvion,Senvion,6.3M152,6.3M152,1.0,Custom offshore wind farms,2020.0
6.489374,54.080561,2020-06-30,DE,1.0,104.5,152.0,6330.0,6330.0,Senvion,Senvion,6.3M152,6.3M152,1.0,Custom offshore wind farms,2020.0
6.520491,54.081101,2020-06-30,DE,1.0,104.5,152.0,6330.0,6330.0,Senvion,Senvion,6.3M152,6.3M152,1.0,Custom offshore wind farms,2020.0
6.504462,54.081349,2020-06-30,DE,1.0,104.5,152.0,6330.0,6330.0,Senvion,Senvion,6.3M152,6.3M152,1.0,Custom offshore wind farms,2020.0
6.4753,54.088293,2020-06-30,DE,1.0,104.5,152.0,6330.0,6330.0,Senvion,Senvion,6.3M152,6.3M152,1.0,Custom offshore wind farms,2020.0
6.486157,54.08837,2020-06-30,DE,1.0,104.5,152.0,6330.0,6330.0,Senvion,Senvion,6.3M152,6.3M152,1.0,Custom offshore wind farms,2020.0
6.497876,54.088592,2020-06-30,DE,1.0,104.5,152.0,6330.0,6330.0,Senvion,Senvion,6.3M152,6.3M152,1.0,Custom offshore wind farms,2020.0
6.509169,54.088706,2020-06-30,DE,1.0,104.5,152.0,6330.0,6330.0,Senvion,Senvion,6.3M152,6.3M152,1.0,Custom offshore wind farms,2020.0
6.52028499999999,54.088837,2020-06-30,DE,1.0,104.5,152.0,6330.0,6330.0,Senvion,Senvion,6.3M152,6.3M152,1.0,Custom offshore wind farms,2020.0
14.139698,54.753177,2019-04-01,DE,1.0,102.0,154.0,6000.0,6000.0,Siemens,Siemens,SWT-6.0-154,SWT-6.0-154,1.0,Custom offshore wind farms,2019.0
14.125253,54.753449,2019-04-01,DE,1.0,102.0,154.0,6000.0,6000.0,Siemens,Siemens,SWT-6.0-154,SWT-6.0-154,1.0,Custom offshore wind farms,2019.0
14.152782,54.755229,2019-04-01,DE,1.0,102.0,154.0,6000.0,6000.0,Siemens,Siemens,SWT-6.0-154,SWT-6.0-154,1.0,Custom offshore wind farms,2019.0
14.113593,54.755278,2019-04-01,DE,1.0,102.0,154.0,6000.0,6000.0,Siemens,Siemens,SWT-6.0-154,SWT-6.0-154,1.0,Custom offshore wind farms,2019.0
14.102248,54.757582,2019-04-01,DE,1.0,102.0,154.0,6000.0,6000.0,Siemens,Siemens,SWT-6.0-154,SWT-6.0-154,1.0,Custom offshore wind farms,2019.0
14.132787,54.758855,2019-04-01,DE,1.0,102.0,154.0,6000.0,6000.0,Siemens,Siemens,SWT-6.0-154,SWT-6.0-154,1.0,Custom offshore wind farms,2019.0
14.091128,54.76022,2019-04-01,DE,1.0,102.0,154.0,6000.0,6000.0,Siemens,Siemens,SWT-6.0-154,SWT-6.0-154,1.0,Custom offshore wind farms,2019.0
14.147899,54.760448,2019-04-01,DE,1.0,102.0,154.0,6000.0,6000.0,Siemens,Siemens,SWT-6.0-154,SWT-6.0-154,1.0,Custom offshore wind farms,2019.0
14.121345,54.760903,2019-04-01,DE,1.0,102.0,154.0,6000.0,6000.0,Siemens,Siemens,SWT-6.0-154,SWT-6.0-154,1.0,Custom offshore wind farms,2019.0
14.080045,54.762861,2019-04-01,DE,1.0,102.0,154.0,6000.0,6000.0,Siemens,Siemens,SWT-6.0-154,SWT-6.0-154,1.0,Custom offshore wind farms,2019.0
14.109823,54.765622,2019-04-01,DE,1.0,102.0,154.0,6000.0,6000.0,Siemens,Siemens,SWT-6.0-154,SWT-6.0-154,1.0,Custom offshore wind farms,2019.0
14.141101,54.765873,2019-04-01,DE,1.0,102.0,154.0,6000.0,6000.0,Siemens,Siemens,SWT-6.0-154,SWT-6.0-154,1.0,Custom offshore wind farms,2019.0
14.158823,54.765945,2019-04-01,DE,1.0,102.0,154.0,6000.0,6000.0,Siemens,Siemens,SWT-6.0-154,SWT-6.0-154,1.0,Custom offshore wind farms,2019.0
14.068423,54.766168,2019-04-01,DE,1.0,102.0,154.0,6000.0,6000.0,Siemens,Siemens,SWT-6.0-154,SWT-6.0-154,1.0,Custom offshore wind farms,2019.0
14.095603,54.766784,2019-04-01,DE,1.0,102.0,154.0,6000.0,6000.0,Siemens,Siemens,SWT-6.0-154,SWT-6.0-154,1.0,Custom offshore wind farms,2019.0
14.123509,54.768943,2019-04-01,DE,1.0,102.0,154.0,6000.0,6000.0,Siemens,Siemens,SWT-6.0-154,SWT-6.0-154,1.0,Custom offshore wind farms,2019.0
14.061738,54.770567,2019-04-01,DE,1.0,102.0,154.0,6000.0,6000.0,Siemens,Siemens,SWT-6.0-154,SWT-6.0-154,1.0,Custom offshore wind farms,2019.0
14.081253,54.770771,2019-04-01,DE,1.0,102.0,154.0,6000.0,6000.0,Siemens,Siemens,SWT-6.0-154,SWT-6.0-154,1.0,Custom offshore wind farms,2019.0
14.156915,54.771411,2019-04-01,DE,1.0,102.0,154.0,6000.0,6000.0,Siemens,Siemens,SWT-6.0-154,SWT-6.0-154,1.0,Custom offshore wind farms,2019.0
14.139915,54.771791,2019-04-01,DE,1.0,102.0,154.0,6000.0,6000.0,Siemens,Siemens,SWT-6.0-154,SWT-6.0-154,1.0,Custom offshore wind farms,2019.0
14.095323,54.77251,2019-04-01,DE,1.0,102.0,154.0,6000.0,6000.0,Siemens,Siemens,SWT-6.0-154,SWT-6.0-154,1.0,Custom offshore wind farms,2019.0
14.113109,54.774599,2019-04-01,DE,1.0,102.0,154.0,6000.0,6000.0,Siemens,Siemens,SWT-6.0-154,SWT-6.0-154,1.0,Custom offshore wind farms,2019.0
14.127386,54.776059,2019-04-01,DE,1.0,102.0,154.0,6000.0,6000.0,Siemens,Siemens,SWT-6.0-154,SWT-6.0-154,1.0,Custom offshore wind farms,2019.0
14.081924,54.77686,2019-04-01,DE,1.0,102.0,154.0,6000.0,6000.0,Siemens,Siemens,SWT-6.0-154,SWT-6.0-154,1.0,Custom offshore wind farms,2019.0
14.141679,54.777659,2019-04-01,DE,1.0,102.0,154.0,6000.0,6000.0,Siemens,Siemens,SWT-6.0-154,SWT-6.0-154,1.0,Custom offshore wind farms,2019.0
14.168821,54.777886,2019-04-01,DE,1.0,102.0,154.0,6000.0,6000.0,Siemens,Siemens,SWT-6.0-154,SWT-6.0-154,1.0,Custom offshore wind farms,2019.0
14.102072,54.778858,2019-04-01,DE,1.0,102.0,154.0,6000.0,6000.0,Siemens,Siemens,SWT-6.0-154,SWT-6.0-154,1.0,Custom offshore wind farms,2019.0
14.156177,54.780291,2019-04-01,DE,1.0,102.0,154.0,6000.0,6000.0,Siemens,Siemens,SWT-6.0-154,SWT-6.0-154,1.0,Custom offshore wind farms,2019.0
14.118625,54.781053,2019-04-01,DE,1.0,102.0,154.0,6000.0,6000.0,Siemens,Siemens,SWT-6.0-154,SWT-6.0-154,1.0,Custom offshore wind farms,2019.0
14.055297,54.781342,2019-04-01,DE,1.0,102.0,154.0,6000.0,6000.0,Siemens,Siemens,SWT-6.0-154,SWT-6.0-154,1.0,Custom offshore wind farms,2019.0
14.132888,54.782903,2019-04-01,DE,1.0,102.0,154.0,6000.0,6000.0,Siemens,Siemens,SWT-6.0-154,SWT-6.0-154,1.0,Custom offshore wind farms,2019.0
14.071713,54.78291,2019-04-01,DE,1.0,102.0,154.0,6000.0,6000.0,Siemens,Siemens,SWT-6.0-154,SWT-6.0-154,1.0,Custom offshore wind farms,2019.0
14.172239,54.783234,2019-04-01,DE,1.0,102.0,154.0,6000.0,6000.0,Siemens,Siemens,SWT-6.0-154,SWT-6.0-154,1.0,Custom offshore wind farms,2019.0
14.146476,54.786165,2019-04-01,DE,1.0,102.0,154.0,6000.0,6000.0,Siemens,Siemens,SWT-6.0-154,SWT-6.0-154,1.0,Custom offshore wind farms,2019.0
14.057509,54.786842,2019-04-01,DE,1.0,102.0,154.0,6000.0,6000.0,Siemens,Siemens,SWT-6.0-154,SWT-6.0-154,1.0,Custom offshore wind farms,2019.0
14.11204,54.78688,2019-04-01,DE,1.0,102.0,154.0,6000.0,6000.0,Siemens,Siemens,SWT-6.0-154,SWT-6.0-154,1.0,Custom offshore wind farms,2019.0
14.087586,54.787803,2019-04-01,DE,1.0,102.0,154.0,6000.0,6000.0,Siemens,Siemens,SWT-6.0-154,SWT-6.0-154,1.0,Custom offshore wind farms,2019.0
14.122602,54.787911,2019-04-01,DE,1.0,102.0,154.0,6000.0,6000.0,Siemens,Siemens,SWT-6.0-154,SWT-6.0-154,1.0,Custom offshore wind farms,2019.0
14.159933,54.789651,2019-04-01,DE,1.0,102.0,154.0,6000.0,6000.0,Siemens,Siemens,SWT-6.0-154,SWT-6.0-154,1.0,Custom offshore wind farms,2019.0
14.136233,54.790545,2019-04-01,DE,1.0,102.0,154.0,6000.0,6000.0,Siemens,Siemens,SWT-6.0-154,SWT-6.0-154,1.0,Custom offshore wind farms,2019.0
14.072885,54.791009,2019-04-01,DE,1.0,102.0,154.0,6000.0,6000.0,Siemens,Siemens,SWT-6.0-154,SWT-6.0-154,1.0,Custom offshore wind farms,2019.0
14.104674,54.792056,2019-04-01,DE,1.0,102.0,154.0,6000.0,6000.0,Siemens,Siemens,SWT-6.0-154,SWT-6.0-154,1.0,Custom offshore wind farms,2019.0
14.177324,54.792487,2019-04-01,DE,1.0,102.0,154.0,6000.0,6000.0,Siemens,Siemens,SWT-6.0-154,SWT-6.0-154,1.0,Custom offshore wind farms,2019.0
14.149722,54.793488,2019-04-01,DE,1.0,102.0,154.0,6000.0,6000.0,Siemens,Siemens,SWT-6.0-154,SWT-6.0-154,1.0,Custom offshore wind farms,2019.0
14.060891,54.794259,2019-04-01,DE,1.0,102.0,154.0,6000.0,6000.0,Siemens,Siemens,SWT-6.0-154,SWT-6.0-154,1.0,Custom offshore wind farms,2019.0
14.165479,54.795226,2019-04-01,DE,1.0,102.0,154.0,6000.0,6000.0,Siemens,Siemens,SWT-6.0-154,SWT-6.0-154,1.0,Custom offshore wind farms,2019.0
14.085139,54.795372,2019-04-01,DE,1.0,102.0,154.0,6000.0,6000.0,Siemens,Siemens,SWT-6.0-154,SWT-6.0-154,1.0,Custom offshore wind farms,2019.0
14.117666,54.795622,2019-04-01,DE,1.0,102.0,154.0,6000.0,6000.0,Siemens,Siemens,SWT-6.0-154,SWT-6.0-154,1.0,Custom offshore wind farms,2019.0
14.13151,54.797999,2019-04-01,DE,1.0,102.0,154.0,6000.0,6000.0,Siemens,Siemens,SWT-6.0-154,SWT-6.0-154,1.0,Custom offshore wind farms,2019.0
14.073711,54.798022,2019-04-01,DE,1.0,102.0,154.0,6000.0,6000.0,Siemens,Siemens,SWT-6.0-154,SWT-6.0-154,1.0,Custom offshore wind farms,2019.0
14.094561,54.800979,2019-04-01,DE,1.0,102.0,154.0,6000.0,6000.0,Siemens,Siemens,SWT-6.0-154,SWT-6.0-154,1.0,Custom offshore wind farms,2019.0
14.150038,54.801471,2019-04-01,DE,1.0,102.0,154.0,6000.0,6000.0,Siemens,Siemens,SWT-6.0-154,SWT-6.0-154,1.0,Custom offshore wind farms,2019.0
14.164504,54.801772,2019-04-01,DE,1.0,102.0,154.0,6000.0,6000.0,Siemens,Siemens,SWT-6.0-154,SWT-6.0-154,1.0,Custom offshore wind farms,2019.0
14.179783,54.802143,2019-04-01,DE,1.0,102.0,154.0,6000.0,6000.0,Siemens,Siemens,SWT-6.0-154,SWT-6.0-154,1.0,Custom offshore wind farms,2019.0
14.138364,54.80369,2019-04-01,DE,1.0,102.0,154.0,6000.0,6000.0,Siemens,Siemens,SWT-6.0-154,SWT-6.0-154,1.0,Custom offshore wind farms,2019.0
14.110767,54.804605,2019-04-01,DE,1.0,102.0,154.0,6000.0,6000.0,Siemens,Siemens,SWT-6.0-154,SWT-6.0-154,1.0,Custom offshore wind farms,2019.0
14.159382,54.807006,2019-04-01,DE,1.0,102.0,154.0,6000.0,6000.0,Siemens,Siemens,SWT-6.0-154,SWT-6.0-154,1.0,Custom offshore wind farms,2019.0
14.125848,54.80721,2019-04-01,DE,1.0,102.0,154.0,6000.0,6000.0,Siemens,Siemens,SWT-6.0-154,SWT-6.0-154,1.0,Custom offshore wind farms,2019.0
14.1757,54.8097,2019-04-01,DE,1.0,102.0,154.0,6000.0,6000.0,Siemens,Siemens,SWT-6.0-154,SWT-6.0-154,1.0,Custom offshore wind farms,2019.0
14.155146,54.81242,2019-04-01,DE,1.0,102.0,154.0,6000.0,6000.0,Siemens,Siemens,SWT-6.0-154,SWT-6.0-154,1.0,Custom offshore wind farms,2019.0
12.63,54.583972,2011-05-02,DE,1.0,67.0,93.0,2300.0,2300.0,Siemens,Siemens,SWT-2.3-93,SWT-2.3-93,1.0,Custom offshore wind farms,2011.0
12.63,54.589361,2011-05-02,DE,1.0,67.0,93.0,2300.0,2300.0,Siemens,Siemens,SWT-2.3-93,SWT-2.3-93,1.0,Custom offshore wind farms,2011.0
12.63,54.59475,2011-05-02,DE,1.0,67.0,93.0,2300.0,2300.0,Siemens,Siemens,SWT-2.3-93,SWT-2.3-93,1.0,Custom offshore wind farms,2011.0
12.642389,54.595028,2011-05-02,DE,1.0,67.0,93.0,2300.0,2300.0,Siemens,Siemens,SWT-2.3-93,SWT-2.3-93,1.0,Custom offshore wind farms,2011.0
12.63,54.600139,2011-05-02,DE,1.0,67.0,93.0,2300.0,2300.0,Siemens,Siemens,SWT-2.3-93,SWT-2.3-93,1.0,Custom offshore wind farms,2011.0
12.642389,54.600417,2011-05-02,DE,1.0,67.0,93.0,2300.0,2300.0,Siemens,Siemens,SWT-2.3-93,SWT-2.3-93,1.0,Custom offshore wind farms,2011.0
12.655083,54.604472,2011-05-02,DE,1.0,67.0,93.0,2300.0,2300.0,Siemens,Siemens,SWT-2.3-93,SWT-2.3-93,1.0,Custom offshore wind farms,2011.0
12.63,54.605528,2011-05-02,DE,1.0,67.0,93.0,2300.0,2300.0,Siemens,Siemens,SWT-2.3-93,SWT-2.3-93,1.0,Custom offshore wind farms,2011.0
12.642389,54.605806,2011-05-02,DE,1.0,67.0,93.0,2300.0,2300.0,Siemens,Siemens,SWT-2.3-93,SWT-2.3-93,1.0,Custom offshore wind farms,2011.0
12.65475,54.609556,2011-05-02,DE,1.0,67.0,93.0,2300.0,2300.0,Siemens,Siemens,SWT-2.3-93,SWT-2.3-93,1.0,Custom offshore wind farms,2011.0
12.63,54.610917,2011-05-02,DE,1.0,67.0,93.0,2300.0,2300.0,Siemens,Siemens,SWT-2.3-93,SWT-2.3-93,1.0,Custom offshore wind farms,2011.0
12.642389,54.611194,2011-05-02,DE,1.0,67.0,93.0,2300.0,2300.0,Siemens,Siemens,SWT-2.3-93,SWT-2.3-93,1.0,Custom offshore wind farms,2011.0
12.667139,54.612806,2011-05-02,DE,1.0,67.0,93.0,2300.0,2300.0,Siemens,Siemens,SWT-2.3-93,SWT-2.3-93,1.0,Custom offshore wind farms,2011.0
12.65475,54.614944,2011-05-02,DE,1.0,67.0,93.0,2300.0,2300.0,Siemens,Siemens,SWT-2.3-93,SWT-2.3-93,1.0,Custom offshore wind farms,2011.0
12.642389,54.616583,2011-05-02,DE,1.0,67.0,93.0,2300.0,2300.0,Siemens,Siemens,SWT-2.3-93,SWT-2.3-93,1.0,Custom offshore wind farms,2011.0
12.667139,54.618194,2011-05-02,DE,1.0,67.0,93.0,2300.0,2300.0,Siemens,Siemens,SWT-2.3-93,SWT-2.3-93,1.0,Custom offshore wind farms,2011.0
12.65475,54.620333,2011-05-02,DE,1.0,67.0,93.0,2300.0,2300.0,Siemens,Siemens,SWT-2.3-93,SWT-2.3-93,1.0,Custom offshore wind farms,2011.0
12.6795,54.62175,2011-05-02,DE,1.0,67.0,93.0,2300.0,2300.0,Siemens,Siemens,SWT-2.3-93,SWT-2.3-93,1.0,Custom offshore wind farms,2011.0
12.667139,54.623583,2011-05-02,DE,1.0,67.0,93.0,2300.0,2300.0,Siemens,Siemens,SWT-2.3-93,SWT-2.3-93,1.0,Custom offshore wind farms,2011.0
12.6795,54.627139,2011-05-02,DE,1.0,67.0,93.0,2300.0,2300.0,Siemens,Siemens,SWT-2.3-93,SWT-2.3-93,1.0,Custom offshore wind farms,2011.0
12.691889,54.630667,2011-05-02,DE,1.0,67.0,93.0,2300.0,2300.0,Siemens,Siemens,SWT-2.3-93,SWT-2.3-93,1.0,Custom offshore wind farms,2011.0
13.083867,54.949617,2015-09-25,DE,1.0,78.25,120.0,3600.0,3600.0,Siemens,Siemens,SWT-3.6-120,SWT-3.6-120,1.0,Custom offshore wind farms,2015.0
13.096126,54.950259,2015-09-25,DE,1.0,78.25,120.0,3600.0,3600.0,Siemens,Siemens,SWT-3.6-120,SWT-3.6-120,1.0,Custom offshore wind farms,2015.0
13.107649,54.951958,2015-09-25,DE,1.0,78.25,120.0,3600.0,3600.0,Siemens,Siemens,SWT-3.6-120,SWT-3.6-120,1.0,Custom offshore wind farms,2015.0
13.11885,54.954217,2015-09-25,DE,1.0,78.25,120.0,3600.0,3600.0,Siemens,Siemens,SWT-3.6-120,SWT-3.6-120,1.0,Custom offshore wind farms,2015.0
13.129344,54.956257,2015-09-25,DE,1.0,78.25,120.0,3600.0,3600.0,Siemens,Siemens,SWT-3.6-120,SWT-3.6-120,1.0,Custom offshore wind farms,2015.0
13.092806,54.957388,2015-09-25,DE,1.0,78.25,120.0,3600.0,3600.0,Siemens,Siemens,SWT-3.6-120,SWT-3.6-120,1.0,Custom offshore wind farms,2015.0
13.104696,54.958302,2015-09-25,DE,1.0,78.25,120.0,3600.0,3600.0,Siemens,Siemens,SWT-3.6-120,SWT-3.6-120,1.0,Custom offshore wind farms,2015.0
13.139623,54.95859,2015-09-25,DE,1.0,78.25,120.0,3600.0,3600.0,Siemens,Siemens,SWT-3.6-120,SWT-3.6-120,1.0,Custom offshore wind farms,2015.0
13.116073,54.960169,2015-09-25,DE,1.0,78.25,120.0,3600.0,3600.0,Siemens,Siemens,SWT-3.6-120,SWT-3.6-120,1.0,Custom offshore wind farms,2015.0
13.149928,54.960378,2015-09-25,DE,1.0,78.25,120.0,3600.0,3600.0,Siemens,Siemens,SWT-3.6-120,SWT-3.6-120,1.0,Custom offshore wind farms,2015.0
13.126708,54.961906,2015-09-25,DE,1.0,78.25,120.0,3600.0,3600.0,Siemens,Siemens,SWT-3.6-120,SWT-3.6-120,1.0,Custom offshore wind farms,2015.0
13.160425,54.962493,2015-09-25,DE,1.0,78.25,120.0,3600.0,3600.0,Siemens,Siemens,SWT-3.6-120,SWT-3.6-120,1.0,Custom offshore wind farms,2015.0
13.137109,54.963981,2015-09-25,DE,1.0,78.25,120.0,3600.0,3600.0,Siemens,Siemens,SWT-3.6-120,SWT-3.6-120,1.0,Custom offshore wind farms,2015.0
13.101726,54.964647,2015-09-25,DE,1.0,78.25,120.0,3600.0,3600.0,Siemens,Siemens,SWT-3.6-120,SWT-3.6-120,1.0,Custom offshore wind farms,2015.0
13.17013,54.965517,2015-09-25,DE,1.0,78.25,120.0,3600.0,3600.0,Siemens,Siemens,SWT-3.6-120,SWT-3.6-120,1.0,Custom offshore wind farms,2015.0
13.113295,54.966121,2015-09-25,DE,1.0,78.25,120.0,3600.0,3600.0,Siemens,Siemens,SWT-3.6-120,SWT-3.6-120,1.0,Custom offshore wind farms,2015.0
13.147068,54.966789,2015-09-25,DE,1.0,78.25,120.0,3600.0,3600.0,Siemens,Siemens,SWT-3.6-120,SWT-3.6-120,1.0,Custom offshore wind farms,2015.0
13.12407,54.967555,2015-09-25,DE,1.0,78.25,120.0,3600.0,3600.0,Siemens,Siemens,SWT-3.6-120,SWT-3.6-120,1.0,Custom offshore wind farms,2015.0
13.158026,54.967592,2015-09-25,DE,1.0,78.25,120.0,3600.0,3600.0,Siemens,Siemens,SWT-3.6-120,SWT-3.6-120,1.0,Custom offshore wind farms,2015.0
13.179463,54.969265,2015-09-25,DE,1.0,78.25,120.0,3600.0,3600.0,Siemens,Siemens,SWT-3.6-120,SWT-3.6-120,1.0,Custom offshore wind farms,2015.0
13.134594,54.969371,2015-09-25,DE,1.0,78.25,120.0,3600.0,3600.0,Siemens,Siemens,SWT-3.6-120,SWT-3.6-120,1.0,Custom offshore wind farms,2015.0
13.167606,54.971176,2015-09-25,DE,1.0,78.25,120.0,3600.0,3600.0,Siemens,Siemens,SWT-3.6-120,SWT-3.6-120,1.0,Custom offshore wind farms,2015.0
13.110516,54.972073,2015-09-25,DE,1.0,78.25,120.0,3600.0,3600.0,Siemens,Siemens,SWT-3.6-120,SWT-3.6-120,1.0,Custom offshore wind farms,2015.0
13.155639,54.972794,2015-09-25,DE,1.0,78.25,120.0,3600.0,3600.0,Siemens,Siemens,SWT-3.6-120,SWT-3.6-120,1.0,Custom offshore wind farms,2015.0
13.144104,54.973167,2015-09-25,DE,1.0,78.25,120.0,3600.0,3600.0,Siemens,Siemens,SWT-3.6-120,SWT-3.6-120,1.0,Custom offshore wind farms,2015.0
13.121432,54.973204,2015-09-25,DE,1.0,78.25,120.0,3600.0,3600.0,Siemens,Siemens,SWT-3.6-120,SWT-3.6-120,1.0,Custom offshore wind farms,2015.0
13.188881,54.973542,2015-09-25,DE,1.0,78.25,120.0,3600.0,3600.0,Siemens,Siemens,SWT-3.6-120,SWT-3.6-120,1.0,Custom offshore wind farms,2015.0
13.132079,54.974752,2015-09-25,DE,1.0,78.25,120.0,3600.0,3600.0,Siemens,Siemens,SWT-3.6-120,SWT-3.6-120,1.0,Custom offshore wind farms,2015.0
13.176893,54.974762,2015-09-25,DE,1.0,78.25,120.0,3600.0,3600.0,Siemens,Siemens,SWT-3.6-120,SWT-3.6-120,1.0,Custom offshore wind farms,2015.0
13.164938,54.976883,2015-09-25,DE,1.0,78.25,120.0,3600.0,3600.0,Siemens,Siemens,SWT-3.6-120,SWT-3.6-120,1.0,Custom offshore wind farms,2015.0
13.198218,54.977252,2015-09-25,DE,1.0,78.25,120.0,3600.0,3600.0,Siemens,Siemens,SWT-3.6-120,SWT-3.6-120,1.0,Custom offshore wind farms,2015.0
13.15306,54.978095,2015-09-25,DE,1.0,78.25,120.0,3600.0,3600.0,Siemens,Siemens,SWT-3.6-120,SWT-3.6-120,1.0,Custom offshore wind farms,2015.0
13.118792,54.978853,2015-09-25,DE,1.0,78.25,120.0,3600.0,3600.0,Siemens,Siemens,SWT-3.6-120,SWT-3.6-120,1.0,Custom offshore wind farms,2015.0
13.186165,54.979119,2015-09-25,DE,1.0,78.25,120.0,3600.0,3600.0,Siemens,Siemens,SWT-3.6-120,SWT-3.6-120,1.0,Custom offshore wind farms,2015.0
13.140997,54.979413,2015-09-25,DE,1.0,78.25,120.0,3600.0,3600.0,Siemens,Siemens,SWT-3.6-120,SWT-3.6-120,1.0,Custom offshore wind farms,2015.0
13.129562,54.980142,2015-09-25,DE,1.0,78.25,120.0,3600.0,3600.0,Siemens,Siemens,SWT-3.6-120,SWT-3.6-120,1.0,Custom offshore wind farms,2015.0
13.174656,54.980184,2015-09-25,DE,1.0,78.25,120.0,3600.0,3600.0,Siemens,Siemens,SWT-3.6-120,SWT-3.6-120,1.0,Custom offshore wind farms,2015.0
13.207671,54.981273,2015-09-25,DE,1.0,78.25,120.0,3600.0,3600.0,Siemens,Siemens,SWT-3.6-120,SWT-3.6-120,1.0,Custom offshore wind farms,2015.0
13.162278,54.982563,2015-09-25,DE,1.0,78.25,120.0,3600.0,3600.0,Siemens,Siemens,SWT-3.6-120,SWT-3.6-120,1.0,Custom offshore wind farms,2015.0
13.150681,54.983218,2015-09-25,DE,1.0,78.25,120.0,3600.0,3600.0,Siemens,Siemens,SWT-3.6-120,SWT-3.6-120,1.0,Custom offshore wind farms,2015.0
13.195383,54.983304,2015-09-25,DE,1.0,78.25,120.0,3600.0,3600.0,Siemens,Siemens,SWT-3.6-120,SWT-3.6-120,1.0,Custom offshore wind farms,2015.0
13.183523,54.984763,2015-09-25,DE,1.0,78.25,120.0,3600.0,3600.0,Siemens,Siemens,SWT-3.6-120,SWT-3.6-120,1.0,Custom offshore wind farms,2015.0
13.21706,54.985196,2015-09-25,DE,1.0,78.25,120.0,3600.0,3600.0,Siemens,Siemens,SWT-3.6-120,SWT-3.6-120,1.0,Custom offshore wind farms,2015.0
13.171893,54.985494,2015-09-25,DE,1.0,78.25,120.0,3600.0,3600.0,Siemens,Siemens,SWT-3.6-120,SWT-3.6-120,1.0,Custom offshore wind farms,2015.0
13.127045,54.985532,2015-09-25,DE,1.0,78.25,120.0,3600.0,3600.0,Siemens,Siemens,SWT-3.6-120,SWT-3.6-120,1.0,Custom offshore wind farms,2015.0
13.13821,54.98588,2015-09-25,DE,1.0,78.25,120.0,3600.0,3600.0,Siemens,Siemens,SWT-3.6-120,SWT-3.6-120,1.0,Custom offshore wind farms,2015.0
13.204637,54.988005,2015-09-25,DE,1.0,78.25,120.0,3600.0,3600.0,Siemens,Siemens,SWT-3.6-120,SWT-3.6-120,1.0,Custom offshore wind farms,2015.0
13.15935,54.988304,2015-09-25,DE,1.0,78.25,120.0,3600.0,3600.0,Siemens,Siemens,SWT-3.6-120,SWT-3.6-120,1.0,Custom offshore wind farms,2015.0
13.14818,54.988497,2015-09-25,DE,1.0,78.25,120.0,3600.0,3600.0,Siemens,Siemens,SWT-3.6-120,SWT-3.6-120,1.0,Custom offshore wind farms,2015.0
13.192647,54.98946,2015-09-25,DE,1.0,78.25,120.0,3600.0,3600.0,Siemens,Siemens,SWT-3.6-120,SWT-3.6-120,1.0,Custom offshore wind farms,2015.0
13.180887,54.990405,2015-09-25,DE,1.0,78.25,120.0,3600.0,3600.0,Siemens,Siemens,SWT-3.6-120,SWT-3.6-120,1.0,Custom offshore wind farms,2015.0
13.169378,54.990885,2015-09-25,DE,1.0,78.25,120.0,3600.0,3600.0,Siemens,Siemens,SWT-3.6-120,SWT-3.6-120,1.0,Custom offshore wind farms,2015.0
13.214256,54.990935,2015-09-25,DE,1.0,78.25,120.0,3600.0,3600.0,Siemens,Siemens,SWT-3.6-120,SWT-3.6-120,1.0,Custom offshore wind farms,2015.0
13.135139,54.992335,2015-09-25,DE,1.0,78.25,120.0,3600.0,3600.0,Siemens,Siemens,SWT-3.6-120,SWT-3.6-120,1.0,Custom offshore wind farms,2015.0
13.224438,54.993491,2015-09-25,DE,1.0,78.25,120.0,3600.0,3600.0,Siemens,Siemens,SWT-3.6-120,SWT-3.6-120,1.0,Custom offshore wind farms,2015.0
13.145769,54.993705,2015-09-25,DE,1.0,78.25,120.0,3600.0,3600.0,Siemens,Siemens,SWT-3.6-120,SWT-3.6-120,1.0,Custom offshore wind farms,2015.0
13.156961,54.993942,2015-09-25,DE,1.0,78.25,120.0,3600.0,3600.0,Siemens,Siemens,SWT-3.6-120,SWT-3.6-120,1.0,Custom offshore wind farms,2015.0
13.201473,54.994479,2015-09-25,DE,1.0,78.25,120.0,3600.0,3600.0,Siemens,Siemens,SWT-3.6-120,SWT-3.6-120,1.0,Custom offshore wind farms,2015.0
13.189822,54.995461,2015-09-25,DE,1.0,78.25,120.0,3600.0,3600.0,Siemens,Siemens,SWT-3.6-120,SWT-3.6-120,1.0,Custom offshore wind farms,2015.0
13.178256,54.996055,2015-09-25,DE,1.0,78.25,120.0,3600.0,3600.0,Siemens,Siemens,SWT-3.6-120,SWT-3.6-120,1.0,Custom offshore wind farms,2015.0
13.166861,54.996278,2015-09-25,DE,1.0,78.25,120.0,3600.0,3600.0,Siemens,Siemens,SWT-3.6-120,SWT-3.6-120,1.0,Custom offshore wind farms,2015.0
13.211799,54.996736,2015-09-25,DE,1.0,78.25,120.0,3600.0,3600.0,Siemens,Siemens,SWT-3.6-120,SWT-3.6-120,1.0,Custom offshore wind farms,2015.0
13.222191,54.998391,2015-09-25,DE,1.0,78.25,120.0,3600.0,3600.0,Siemens,Siemens,SWT-3.6-120,SWT-3.6-120,1.0,Custom offshore wind farms,2015.0
13.143623,54.99895,2015-09-25,DE,1.0,78.25,120.0,3600.0,3600.0,Siemens,Siemens,SWT-3.6-120,SWT-3.6-120,1.0,Custom offshore wind farms,2015.0
13.154372,54.999745,2015-09-25,DE,1.0,78.25,120.0,3600.0,3600.0,Siemens,Siemens,SWT-3.6-120,SWT-3.6-120,1.0,Custom offshore wind farms,2015.0
13.198269,55.001275,2015-09-25,DE,1.0,78.25,120.0,3600.0,3600.0,Siemens,Siemens,SWT-3.6-120,SWT-3.6-120,1.0,Custom offshore wind farms,2015.0
13.186878,55.001589,2015-09-25,DE,1.0,78.25,120.0,3600.0,3600.0,Siemens,Siemens,SWT-3.6-120,SWT-3.6-120,1.0,Custom offshore wind farms,2015.0
13.164424,55.00166,2015-09-25,DE,1.0,78.25,120.0,3600.0,3600.0,Siemens,Siemens,SWT-3.6-120,SWT-3.6-120,1.0,Custom offshore wind farms,2015.0
13.175598,55.0017,2015-09-25,DE,1.0,78.25,120.0,3600.0,3600.0,Siemens,Siemens,SWT-3.6-120,SWT-3.6-120,1.0,Custom offshore wind farms,2015.0
13.231569,55.002128,2015-09-25,DE,1.0,78.25,120.0,3600.0,3600.0,Siemens,Siemens,SWT-3.6-120,SWT-3.6-120,1.0,Custom offshore wind farms,2015.0
13.209153,55.002415,2015-09-25,DE,1.0,78.25,120.0,3600.0,3600.0,Siemens,Siemens,SWT-3.6-120,SWT-3.6-120,1.0,Custom offshore wind farms,2015.0
13.21967,55.003331,2015-09-25,DE,1.0,78.25,120.0,3600.0,3600.0,Siemens,Siemens,SWT-3.6-120,SWT-3.6-120,1.0,Custom offshore wind farms,2015.0
13.151636,55.005332,2015-09-25,DE,1.0,78.25,120.0,3600.0,3600.0,Siemens,Siemens,SWT-3.6-120,SWT-3.6-120,1.0,Custom offshore wind farms,2015.0
13.16192,55.007122,2015-09-25,DE,1.0,78.25,120.0,3600.0,3600.0,Siemens,Siemens,SWT-3.6-120,SWT-3.6-120,1.0,Custom offshore wind farms,2015.0
13.172878,55.00741,2015-09-25,DE,1.0,78.25,120.0,3600.0,3600.0,Siemens,Siemens,SWT-3.6-120,SWT-3.6-120,1.0,Custom offshore wind farms,2015.0
13.184191,55.007683,2015-09-25,DE,1.0,78.25,120.0,3600.0,3600.0,Siemens,Siemens,SWT-3.6-120,SWT-3.6-120,1.0,Custom offshore wind farms,2015.0
13.195248,55.007864,2015-09-25,DE,1.0,78.25,120.0,3600.0,3600.0,Siemens,Siemens,SWT-3.6-120,SWT-3.6-120,1.0,Custom offshore wind farms,2015.0
13.20645,55.008089,2015-09-25,DE,1.0,78.25,120.0,3600.0,3600.0,Siemens,Siemens,SWT-3.6-120,SWT-3.6-120,1.0,Custom offshore wind farms,2015.0
13.217508,55.008279,2015-09-25,DE,1.0,78.25,120.0,3600.0,3600.0,Siemens,Siemens,SWT-3.6-120,SWT-3.6-120,1.0,Custom offshore wind farms,2015.0
13.228568,55.008576,2015-09-25,DE,1.0,78.25,120.0,3600.0,3600.0,Siemens,Siemens,SWT-3.6-120,SWT-3.6-120,1.0,Custom offshore wind farms,2015.0
14.032249,54.801277,2018-10-01,DE,1.0,97.5,135.0,5000.0,5000.0,Areva,Areva,M5000-135,M5000-135,1.0,Custom offshore wind farms,2018.0
14.045299,54.802314,2018-10-01,DE,1.0,97.5,135.0,5000.0,5000.0,Areva,Areva,M5000-135,M5000-135,1.0,Custom offshore wind farms,2018.0
14.059181,54.803507,2018-10-01,DE,1.0,97.5,135.0,5000.0,5000.0,Areva,Areva,M5000-135,M5000-135,1.0,Custom offshore wind farms,2018.0
14.072493,54.805802,2018-10-01,DE,1.0,97.5,135.0,5000.0,5000.0,Areva,Areva,M5000-135,M5000-135,1.0,Custom offshore wind farms,2018.0
14.029193,54.806869,2018-10-01,DE,1.0,97.5,135.0,5000.0,5000.0,Areva,Areva,M5000-135,M5000-135,1.0,Custom offshore wind farms,2018.0
14.042563,54.807625,2018-10-01,DE,1.0,97.5,135.0,5000.0,5000.0,Areva,Areva,M5000-135,M5000-135,1.0,Custom offshore wind farms,2018.0
14.085552,54.808123,2018-10-01,DE,1.0,97.5,135.0,5000.0,5000.0,Areva,Areva,M5000-135,M5000-135,1.0,Custom offshore wind farms,2018.0
14.055288,54.809251,2018-10-01,DE,1.0,97.5,135.0,5000.0,5000.0,Areva,Areva,M5000-135,M5000-135,1.0,Custom offshore wind farms,2018.0
14.068066,54.811956,2018-10-01,DE,1.0,97.5,135.0,5000.0,5000.0,Areva,Areva,M5000-135,M5000-135,1.0,Custom offshore wind farms,2018.0
14.026836,54.812568,2018-10-01,DE,1.0,97.5,135.0,5000.0,5000.0,Areva,Areva,M5000-135,M5000-135,1.0,Custom offshore wind farms,2018.0
14.040246,54.813213,2018-10-01,DE,1.0,97.5,135.0,5000.0,5000.0,Areva,Areva,M5000-135,M5000-135,1.0,Custom offshore wind farms,2018.0
14.080688,54.813458,2018-10-01,DE,1.0,97.5,135.0,5000.0,5000.0,Areva,Areva,M5000-135,M5000-135,1.0,Custom offshore wind farms,2018.0
14.094227,54.815059,2018-10-01,DE,1.0,97.5,135.0,5000.0,5000.0,Areva,Areva,M5000-135,M5000-135,1.0,Custom offshore wind farms,2018.0
14.053024,54.815074,2018-10-01,DE,1.0,97.5,135.0,5000.0,5000.0,Areva,Areva,M5000-135,M5000-135,1.0,Custom offshore wind farms,2018.0
14.065592,54.817218,2018-10-01,DE,1.0,97.5,135.0,5000.0,5000.0,Areva,Areva,M5000-135,M5000-135,1.0,Custom offshore wind farms,2018.0
14.025497,54.818313,2018-10-01,DE,1.0,97.5,135.0,5000.0,5000.0,Areva,Areva,M5000-135,M5000-135,1.0,Custom offshore wind farms,2018.0
14.0784,54.819046,2018-10-01,DE,1.0,97.5,135.0,5000.0,5000.0,Areva,Areva,M5000-135,M5000-135,1.0,Custom offshore wind farms,2018.0
14.039314,54.819619,2018-10-01,DE,1.0,97.5,135.0,5000.0,5000.0,Areva,Areva,M5000-135,M5000-135,1.0,Custom offshore wind farms,2018.0
14.091142,54.821014,2018-10-01,DE,1.0,97.5,135.0,5000.0,5000.0,Areva,Areva,M5000-135,M5000-135,1.0,Custom offshore wind farms,2018.0
14.053015,54.821132,2018-10-01,DE,1.0,97.5,135.0,5000.0,5000.0,Areva,Areva,M5000-135,M5000-135,1.0,Custom offshore wind farms,2018.0
14.066255,54.823058,2018-10-01,DE,1.0,97.5,135.0,5000.0,5000.0,Areva,Areva,M5000-135,M5000-135,1.0,Custom offshore wind farms,2018.0
14.103328,54.823419,2018-10-01,DE,1.0,97.5,135.0,5000.0,5000.0,Areva,Areva,M5000-135,M5000-135,1.0,Custom offshore wind farms,2018.0
14.02524,54.823914,2018-10-01,DE,1.0,97.5,135.0,5000.0,5000.0,Areva,Areva,M5000-135,M5000-135,1.0,Custom offshore wind farms,2018.0
14.079525,54.824935,2018-10-01,DE,1.0,97.5,135.0,5000.0,5000.0,Areva,Areva,M5000-135,M5000-135,1.0,Custom offshore wind farms,2018.0
14.039574,54.825641,2018-10-01,DE,1.0,97.5,135.0,5000.0,5000.0,Areva,Areva,M5000-135,M5000-135,1.0,Custom offshore wind farms,2018.0
14.092752,54.827133,2018-10-01,DE,1.0,97.5,135.0,5000.0,5000.0,Areva,Areva,M5000-135,M5000-135,1.0,Custom offshore wind farms,2018.0
14.053267,54.827348,2018-10-01,DE,1.0,97.5,135.0,5000.0,5000.0,Areva,Areva,M5000-135,M5000-135,1.0,Custom offshore wind farms,2018.0
14.10639,54.829016,2018-10-01,DE,1.0,97.5,135.0,5000.0,5000.0,Areva,Areva,M5000-135,M5000-135,1.0,Custom offshore wind farms,2018.0
14.066484,54.829279,2018-10-01,DE,1.0,97.5,135.0,5000.0,5000.0,Areva,Areva,M5000-135,M5000-135,1.0,Custom offshore wind farms,2018.0
14.079842,54.83097,2018-10-01,DE,1.0,97.5,135.0,5000.0,5000.0,Areva,Areva,M5000-135,M5000-135,1.0,Custom offshore wind farms,2018.0
14.026565,54.832209,2018-10-01,DE,1.0,97.5,135.0,5000.0,5000.0,Areva,Areva,M5000-135,M5000-135,1.0,Custom offshore wind farms,2018.0
14.093461,54.83285,2018-10-01,DE,1.0,97.5,135.0,5000.0,5000.0,Areva,Areva,M5000-135,M5000-135,1.0,Custom offshore wind farms,2018.0
14.040422,54.833917,2018-10-01,DE,1.0,97.5,135.0,5000.0,5000.0,Areva,Areva,M5000-135,M5000-135,1.0,Custom offshore wind farms,2018.0
14.107905,54.834589,2018-10-01,DE,1.0,97.5,135.0,5000.0,5000.0,Areva,Areva,M5000-135,M5000-135,1.0,Custom offshore wind farms,2018.0
14.054813,54.835792,2018-10-01,DE,1.0,97.5,135.0,5000.0,5000.0,Areva,Areva,M5000-135,M5000-135,1.0,Custom offshore wind farms,2018.0
14.068586,54.837688,2018-10-01,DE,1.0,97.5,135.0,5000.0,5000.0,Areva,Areva,M5000-135,M5000-135,1.0,Custom offshore wind farms,2018.0
14.028552,54.837725,2018-10-01,DE,1.0,97.5,135.0,5000.0,5000.0,Areva,Areva,M5000-135,M5000-135,1.0,Custom offshore wind farms,2018.0
14.082109,54.8394,2018-10-01,DE,1.0,97.5,135.0,5000.0,5000.0,Areva,Areva,M5000-135,M5000-135,1.0,Custom offshore wind farms,2018.0
14.043115,54.839785,2018-10-01,DE,1.0,97.5,135.0,5000.0,5000.0,Areva,Areva,M5000-135,M5000-135,1.0,Custom offshore wind farms,2018.0
14.095833,54.841244,2018-10-01,DE,1.0,97.5,135.0,5000.0,5000.0,Areva,Areva,M5000-135,M5000-135,1.0,Custom offshore wind farms,2018.0
14.057141,54.841372,2018-10-01,DE,1.0,97.5,135.0,5000.0,5000.0,Areva,Areva,M5000-135,M5000-135,1.0,Custom offshore wind farms,2018.0
14.031667,54.84319,2018-10-01,DE,1.0,97.5,135.0,5000.0,5000.0,Areva,Areva,M5000-135,M5000-135,1.0,Custom offshore wind farms,2018.0
14.073423,54.843803,2018-10-01,DE,1.0,97.5,135.0,5000.0,5000.0,Areva,Areva,M5000-135,M5000-135,1.0,Custom offshore wind farms,2018.0
14.119046,54.844359,2018-10-01,DE,1.0,97.5,135.0,5000.0,5000.0,Areva,Areva,M5000-135,M5000-135,1.0,Custom offshore wind farms,2018.0
14.047502,54.845592,2018-10-01,DE,1.0,97.5,135.0,5000.0,5000.0,Areva,Areva,M5000-135,M5000-135,1.0,Custom offshore wind farms,2018.0
14.104222,54.845748,2018-10-01,DE,1.0,97.5,135.0,5000.0,5000.0,Areva,Areva,M5000-135,M5000-135,1.0,Custom offshore wind farms,2018.0
14.088318,54.846257,2018-10-01,DE,1.0,97.5,135.0,5000.0,5000.0,Areva,Areva,M5000-135,M5000-135,1.0,Custom offshore wind farms,2018.0
14.061881,54.846911,2018-10-01,DE,1.0,97.5,135.0,5000.0,5000.0,Areva,Areva,M5000-135,M5000-135,1.0,Custom offshore wind farms,2018.0
14.03577,54.848461,2018-10-01,DE,1.0,97.5,135.0,5000.0,5000.0,Areva,Areva,M5000-135,M5000-135,1.0,Custom offshore wind farms,2018.0
14.079707,54.849998,2018-10-01,DE,1.0,97.5,135.0,5000.0,5000.0,Areva,Areva,M5000-135,M5000-135,1.0,Custom offshore wind farms,2018.0
14.113451,54.850012,2018-10-01,DE,1.0,97.5,135.0,5000.0,5000.0,Areva,Areva,M5000-135,M5000-135,1.0,Custom offshore wind farms,2018.0
14.098178,54.85085,2018-10-01,DE,1.0,97.5,135.0,5000.0,5000.0,Areva,Areva,M5000-135,M5000-135,1.0,Custom offshore wind farms,2018.0
14.052961,54.851244,2018-10-01,DE,1.0,97.5,135.0,5000.0,5000.0,Areva,Areva,M5000-135,M5000-135,1.0,Custom offshore wind farms,2018.0
14.067419,54.852242,2018-10-01,DE,1.0,97.5,135.0,5000.0,5000.0,Areva,Areva,M5000-135,M5000-135,1.0,Custom offshore wind farms,2018.0
14.04089,54.853635,2018-10-01,DE,1.0,97.5,135.0,5000.0,5000.0,Areva,Areva,M5000-135,M5000-135,1.0,Custom offshore wind farms,2018.0
14.10769,54.855108,2018-10-01,DE,1.0,97.5,135.0,5000.0,5000.0,Areva,Areva,M5000-135,M5000-135,1.0,Custom offshore wind farms,2018.0
14.089671,54.855287,2018-10-01,DE,1.0,97.5,135.0,5000.0,5000.0,Areva,Areva,M5000-135,M5000-135,1.0,Custom offshore wind farms,2018.0
14.076482,54.856558,2018-10-01,DE,1.0,97.5,135.0,5000.0,5000.0,Areva,Areva,M5000-135,M5000-135,1.0,Custom offshore wind farms,2018.0
14.059618,54.856746,2018-10-01,DE,1.0,97.5,135.0,5000.0,5000.0,Areva,Areva,M5000-135,M5000-135,1.0,Custom offshore wind farms,2018.0
14.047119,54.858547,2018-10-01,DE,1.0,97.5,135.0,5000.0,5000.0,Areva,Areva,M5000-135,M5000-135,1.0,Custom offshore wind farms,2018.0
14.101326,54.859501,2018-10-01,DE,1.0,97.5,135.0,5000.0,5000.0,Areva,Areva,M5000-135,M5000-135,1.0,Custom offshore wind farms,2018.0
14.085231,54.860556,2018-10-01,DE,1.0,97.5,135.0,5000.0,5000.0,Areva,Areva,M5000-135,M5000-135,1.0,Custom offshore wind farms,2018.0
14.06859,54.861356,2018-10-01,DE,1.0,97.5,135.0,5000.0,5000.0,Areva,Areva,M5000-135,M5000-135,1.0,Custom offshore wind farms,2018.0
14.054531,54.863188,2018-10-01,DE,1.0,97.5,135.0,5000.0,5000.0,Areva,Areva,M5000-135,M5000-135,1.0,Custom offshore wind farms,2018.0
14.095906,54.864716,2018-10-01,DE,1.0,97.5,135.0,5000.0,5000.0,Areva,Areva,M5000-135,M5000-135,1.0,Custom offshore wind farms,2018.0
14.078609,54.865816,2018-10-01,DE,1.0,97.5,135.0,5000.0,5000.0,Areva,Areva,M5000-135,M5000-135,1.0,Custom offshore wind farms,2018.0
14.063056,54.867455,2018-10-01,DE,1.0,97.5,135.0,5000.0,5000.0,Areva,Areva,M5000-135,M5000-135,1.0,Custom offshore wind farms,2018.0
14.089899,54.869582,2018-10-01,DE,1.0,97.5,135.0,5000.0,5000.0,Areva,Areva,M5000-135,M5000-135,1.0,Custom offshore wind farms,2018.0
14.072764,54.871269,2018-10-01,DE,1.0,97.5,135.0,5000.0,5000.0,Areva,Areva,M5000-135,M5000-135,1.0,Custom offshore wind farms,2018.0
14.083668,54.87451,2018-10-01,DE,1.0,97.5,135.0,5000.0,5000.0,Areva,Areva,M5000-135,M5000-135,1.0,Custom offshore wind farms,2018.0
12.8239935784276,55.0663561375839,2021-02-24,DK,1.0,104.0,167.0,8400.0,8400.0,Siemens,Siemens,SWT-8.4-167,SWT-8.4-167,1.0,Custom offshore wind farms,2021.0
12.7879995672646,55.0585795474562,2021-02-24,DK,1.0,104.0,167.0,8400.0,8400.0,Siemens,Siemens,SWT-8.4-167,SWT-8.4-167,1.0,Custom offshore wind farms,2021.0
12.8173691496087,55.0560422293153,2021-02-23,DK,1.0,104.0,167.0,8400.0,8400.0,Siemens,Siemens,SWT-8.4-167,SWT-8.4-167,1.0,Custom offshore wind farms,2021.0
12.7677808827394,55.0534971755183,2021-02-28,DK,1.0,104.0,167.0,8400.0,8400.0,Siemens,Siemens,SWT-8.4-167,SWT-8.4-167,1.0,Custom offshore wind farms,2021.0
12.8134823037901,55.0448327710629,2021-02-23,DK,1.0,104.0,167.0,8400.0,8400.0,Siemens,Siemens,SWT-8.4-167,SWT-8.4-167,1.0,Custom offshore wind farms,2021.0
12.7653177050373,55.0422872303665,2021-02-22,DK,1.0,104.0,167.0,8400.0,8400.0,Siemens,Siemens,SWT-8.4-167,SWT-8.4-167,1.0,Custom offshore wind farms,2021.0
12.8152177636578,55.0334468660269,2021-02-13,DK,1.0,104.0,167.0,8400.0,8400.0,Siemens,Siemens,SWT-8.4-167,SWT-8.4-167,1.0,Custom offshore wind farms,2021.0
12.761598241898,55.0326899103641,2021-02-25,DK,1.0,104.0,167.0,8400.0,8400.0,Siemens,Siemens,SWT-8.4-167,SWT-8.4-167,1.0,Custom offshore wind farms,2021.0
12.762094805844,55.0229620645702,2021-02-27,DK,1.0,104.0,167.0,8400.0,8400.0,Siemens,Siemens,SWT-8.4-167,SWT-8.4-167,1.0,Custom offshore wind farms,2021.0
12.8195310556986,55.0195517410359,2021-02-01,DK,1.0,104.0,167.0,8400.0,8400.0,Siemens,Siemens,SWT-8.4-167,SWT-8.4-167,1.0,Custom offshore wind farms,2021.0
12.7611868658288,55.0132776826533,2021-03-01,DK,1.0,104.0,167.0,8400.0,8400.0,Siemens,Siemens,SWT-8.4-167,SWT-8.4-167,1.0,Custom offshore wind farms,2021.0
12.822821855465,55.0097355425418,2021-02-12,DK,1.0,104.0,167.0,8400.0,8400.0,Siemens,Siemens,SWT-8.4-167,SWT-8.4-167,1.0,Custom offshore wind farms,2021.0
12.756142856444,55.0045305939266,2021-03-02,DK,1.0,104.0,167.0,8400.0,8400.0,Siemens,Siemens,SWT-8.4-167,SWT-8.4-167,1.0,Custom offshore wind farms,2021.0
12.8160799912258,54.9985710014524,2021-03-15,DK,1.0,104.0,167.0,8400.0,8400.0,Siemens,Siemens,SWT-8.4-167,SWT-8.4-167,1.0,Custom offshore wind farms,2021.0
12.7622556174794,54.9946289734151,2021-03-02,DK,1.0,104.0,167.0,8400.0,8400.0,Siemens,Siemens,SWT-8.4-167,SWT-8.4-167,1.0,Custom offshore wind farms,2021.0
12.8448427075894,54.9896780471191,2021-03-05,DK,1.0,104.0,167.0,8400.0,8400.0,Siemens,Siemens,SWT-8.4-167,SWT-8.4-167,1.0,Custom offshore wind farms,2021.0
12.8105205423155,54.984167455064,2021-03-16,DK,1.0,104.0,167.0,8400.0,8400.0,Siemens,Siemens,SWT-8.4-167,SWT-8.4-167,1.0,Custom offshore wind farms,2021.0
12.768365462684,54.9847270784357,2021-02-05,DK,1.0,104.0,167.0,8400.0,8400.0,Siemens,Siemens,SWT-8.4-167,SWT-8.4-167,1.0,Custom offshore wind farms,2021.0
12.8720640328645,54.9798469192902,2021-03-06,DK,1.0,104.0,167.0,8400.0,8400.0,Siemens,Siemens,SWT-8.4-167,SWT-8.4-167,1.0,Custom offshore wind farms,2021.0
12.903711905719,54.9716209961315,2021-03-09,DK,1.0,104.0,167.0,8400.0,8400.0,Siemens,Siemens,SWT-8.4-167,SWT-8.4-167,1.0,Custom offshore wind farms,2021.0
12.7757843959589,54.9748111101828,2021-02-14,DK,1.0,104.0,167.0,8400.0,8400.0,Siemens,Siemens,SWT-8.4-167,SWT-8.4-167,1.0,Custom offshore wind farms,2021.0
12.8038583715225,54.9730987570684,2021-04-28,DK,1.0,104.0,167.0,8400.0,8400.0,Siemens,Siemens,SWT-8.4-167,SWT-8.4-167,1.0,Custom offshore wind farms,2021.0
12.8346442838543,54.9713212504804,2021-03-19,DK,1.0,104.0,167.0,8400.0,8400.0,Siemens,Siemens,SWT-8.4-167,SWT-8.4-167,1.0,Custom offshore wind farms,2021.0
12.8682469099005,54.9702466167185,2021-03-08,DK,1.0,104.0,167.0,8400.0,8400.0,Siemens,Siemens,SWT-8.4-167,SWT-8.4-167,1.0,Custom offshore wind farms,2021.0
12.9380123550812,55.0918202122972,2021-04-17,DK,1.0,104.0,167.0,8400.0,8400.0,Siemens,Siemens,SWT-8.4-167,SWT-8.4-167,1.0,Custom offshore wind farms,2021.0
12.9191586806666,55.0876086351734,2021-04-16,DK,1.0,104.0,167.0,8400.0,8400.0,Siemens,Siemens,SWT-8.4-167,SWT-8.4-167,1.0,Custom offshore wind farms,2021.0
12.9866764617086,55.0854141198897,2021-05-30,DK,1.0,104.0,167.0,8400.0,8400.0,Siemens,Siemens,SWT-8.4-167,SWT-8.4-167,1.0,Custom offshore wind farms,2021.0
13.0015832449405,55.079258392749,2021-05-22,DK,1.0,104.0,167.0,8400.0,8400.0,Siemens,Siemens,SWT-8.4-167,SWT-8.4-167,1.0,Custom offshore wind farms,2021.0
12.9223506729366,55.0769832539943,2021-04-13,DK,1.0,104.0,167.0,8400.0,8400.0,Siemens,Siemens,SWT-8.4-167,SWT-8.4-167,1.0,Custom offshore wind farms,2021.0
12.9833426148248,55.0660967395046,2021-05-22,DK,1.0,104.0,167.0,8400.0,8400.0,Siemens,Siemens,SWT-8.4-167,SWT-8.4-167,1.0,Custom offshore wind farms,2021.0
12.9664708722151,55.0536613383629,2021-05-18,DK,1.0,104.0,167.0,8400.0,8400.0,Siemens,Siemens,SWT-8.4-167,SWT-8.4-167,1.0,Custom offshore wind farms,2021.0
13.0676991441534,55.0495425665333,2021-05-04,DK,1.0,104.0,167.0,8400.0,8400.0,Siemens,Siemens,SWT-8.4-167,SWT-8.4-167,1.0,Custom offshore wind farms,2021.0
13.0095083307464,55.0458457628266,2021-05-02,DK,1.0,104.0,167.0,8400.0,8400.0,Siemens,Siemens,SWT-8.4-167,SWT-8.4-167,1.0,Custom offshore wind farms,2021.0
13.079605881331,55.041858212966,2021-05-08,DK,1.0,104.0,167.0,8400.0,8400.0,Siemens,Siemens,SWT-8.4-167,SWT-8.4-167,1.0,Custom offshore wind farms,2021.0
12.9628308144069,55.0441027769611,2021-04-26,DK,1.0,104.0,167.0,8400.0,8400.0,Siemens,Siemens,SWT-8.4-167,SWT-8.4-167,1.0,Custom offshore wind farms,2021.0
13.0442394405315,55.0406117986494,2021-05-03,DK,1.0,104.0,167.0,8400.0,8400.0,Siemens,Siemens,SWT-8.4-167,SWT-8.4-167,1.0,Custom offshore wind farms,2021.0
12.9424444755017,55.0374808209234,2021-04-20,DK,1.0,104.0,167.0,8400.0,8400.0,Siemens,Siemens,SWT-8.4-167,SWT-8.4-167,1.0,Custom offshore wind farms,2021.0
13.0040153506787,55.0330396235909,2021-04-30,DK,1.0,104.0,167.0,8400.0,8400.0,Siemens,Siemens,SWT-8.4-167,SWT-8.4-167,1.0,Custom offshore wind farms,2021.0
12.9517220903285,55.0315134840689,2021-04-21,DK,1.0,104.0,167.0,8400.0,8400.0,Siemens,Siemens,SWT-8.4-167,SWT-8.4-167,1.0,Custom offshore wind farms,2021.0
13.0542051131653,55.0270314490851,2021-05-01,DK,1.0,104.0,167.0,8400.0,8400.0,Siemens,Siemens,SWT-8.4-167,SWT-8.4-167,1.0,Custom offshore wind farms,2021.0
12.9720727776173,55.0235650696455,2021-04-20,DK,1.0,104.0,167.0,8400.0,8400.0,Siemens,Siemens,SWT-8.4-167,SWT-8.4-167,1.0,Custom offshore wind farms,2021.0
12.9878999079892,55.0174255207003,2021-04-24,DK,1.0,104.0,167.0,8400.0,8400.0,Siemens,Siemens,SWT-8.4-167,SWT-8.4-167,1.0,Custom offshore wind farms,2021.0
13.0601557314459,55.0132785944067,2021-05-27,DK,1.0,104.0,167.0,8400.0,8400.0,Siemens,Siemens,SWT-8.4-167,SWT-8.4-167,1.0,Custom offshore wind farms,2021.0
13.0437743750432,54.9945416007907,2021-03-22,DK,1.0,104.0,167.0,8400.0,8400.0,Siemens,Siemens,SWT-8.4-167,SWT-8.4-167,1.0,Custom offshore wind farms,2021.0
13.0525797962044,54.9836710283023,2021-03-23,DK,1.0,104.0,167.0,8400.0,8400.0,Siemens,Siemens,SWT-8.4-167,SWT-8.4-167,1.0,Custom offshore wind farms,2021.0
13.0254397449298,54.9797168380692,2021-03-24,DK,1.0,104.0,167.0,8400.0,8400.0,Siemens,Siemens,SWT-8.4-167,SWT-8.4-167,1.0,Custom offshore wind farms,2021.0
12.9524467050271,55.0876106310634,2021-04-22,DK,1.0,104.0,167.0,8400.0,8400.0,Siemens,Siemens,SWT-8.4-167,SWT-8.4-167,1.0,Custom offshore wind farms,2021.0
13.0149960859343,54.9855309088119,2021-03-25,DK,1.0,104.0,167.0,8400.0,8400.0,Siemens,Siemens,SWT-8.4-167,SWT-8.4-167,1.0,Custom offshore wind farms,2021.0
12.9566893803782,55.0961066229821,2021-05-28,DK,1.0,104.0,167.0,8400.0,8400.0,Siemens,Siemens,SWT-8.4-167,SWT-8.4-167,1.0,Custom offshore wind farms,2021.0
12.9703582816781,55.09161401898,2021-05-26,DK,1.0,104.0,167.0,8400.0,8400.0,Siemens,Siemens,SWT-8.4-167,SWT-8.4-167,1.0,Custom offshore wind farms,2021.0
12.9628490615288,55.0821367079727,2021-05-25,DK,1.0,104.0,167.0,8400.0,8400.0,Siemens,Siemens,SWT-8.4-167,SWT-8.4-167,1.0,Custom offshore wind farms,2021.0
12.9526518194538,55.0695266490872,2021-05-24,DK,1.0,104.0,167.0,8400.0,8400.0,Siemens,Siemens,SWT-8.4-167,SWT-8.4-167,1.0,Custom offshore wind farms,2021.0
12.8932733665899,55.0819826857701,2021-05-30,DK,1.0,104.0,167.0,8400.0,8400.0,Siemens,Siemens,SWT-8.4-167,SWT-8.4-167,1.0,Custom offshore wind farms,2021.0
12.868673035335,55.0762744908216,2021-06-01,DK,1.0,104.0,167.0,8400.0,8400.0,Siemens,Siemens,SWT-8.4-167,SWT-8.4-167,1.0,Custom offshore wind farms,2021.0
12.8867209205537,55.0732707725815,2021-05-31,DK,1.0,104.0,167.0,8400.0,8400.0,Siemens,Siemens,SWT-8.4-167,SWT-8.4-167,1.0,Custom offshore wind farms,2021.0
12.930214705909,55.0564937133469,2021-05-29,DK,1.0,104.0,167.0,8400.0,8400.0,Siemens,Siemens,SWT-8.4-167,SWT-8.4-167,1.0,Custom offshore wind farms,2021.0
13.0218554962728,55.0713224742375,2021-05-14,DK,1.0,104.0,167.0,8400.0,8400.0,Siemens,Siemens,SWT-8.4-167,SWT-8.4-167,1.0,Custom offshore wind farms,2021.0
13.0382491508015,55.0650948727809,2021-05-15,DK,1.0,104.0,167.0,8400.0,8400.0,Siemens,Siemens,SWT-8.4-167,SWT-8.4-167,1.0,Custom offshore wind farms,2021.0
13.0530208677656,55.0582175153121,2021-05-15,DK,1.0,104.0,167.0,8400.0,8400.0,Siemens,Siemens,SWT-8.4-167,SWT-8.4-167,1.0,Custom offshore wind farms,2021.0
13.0149481860169,55.0577720472304,2021-05-15,DK,1.0,104.0,167.0,8400.0,8400.0,Siemens,Siemens,SWT-8.4-167,SWT-8.4-167,1.0,Custom offshore wind farms,2021.0
13.0929126137709,55.0341254631342,2021-04-04,DK,1.0,104.0,167.0,8400.0,8400.0,Siemens,Siemens,SWT-8.4-167,SWT-8.4-167,1.0,Custom offshore wind farms,2021.0
13.1048099635619,55.0264387804007,2021-04-06,DK,1.0,104.0,167.0,8400.0,8400.0,Siemens,Siemens,SWT-8.4-167,SWT-8.4-167,1.0,Custom offshore wind farms,2021.0
13.1153815698486,55.019605252931,2021-04-08,DK,1.0,104.0,167.0,8400.0,8400.0,Siemens,Siemens,SWT-8.4-167,SWT-8.4-167,1.0,Custom offshore wind farms,2021.0
13.104562912593,55.0102573597586,2021-04-10,DK,1.0,104.0,167.0,8400.0,8400.0,Siemens,Siemens,SWT-8.4-167,SWT-8.4-167,1.0,Custom offshore wind farms,2021.0
13.022638880161,55.0162354078514,2021-04-29,DK,1.0,104.0,167.0,8400.0,8400.0,Siemens,Siemens,SWT-8.4-167,SWT-8.4-167,1.0,Custom offshore wind farms,2021.0
13.0490018318275,55.0040271363937,2021-04-01,DK,1.0,104.0,167.0,8400.0,8400.0,Siemens,Siemens,SWT-8.4-167,SWT-8.4-167,1.0,Custom offshore wind farms,2021.0
13.0906959372674,54.998582822592,2021-04-03,DK,1.0,104.0,167.0,8400.0,8400.0,Siemens,Siemens,SWT-8.4-167,SWT-8.4-167,1.0,Custom offshore wind farms,2021.0
13.0755979370484,54.9885671047763,2021-04-03,DK,1.0,104.0,167.0,8400.0,8400.0,Siemens,Siemens,SWT-8.4-167,SWT-8.4-167,1.0,Custom offshore wind farms,2021.0
12.9973884808407,55.00897424086,2021-06-02,DK,1.0,104.0,167.0,8400.0,8400.0,Siemens,Siemens,SWT-8.4-167,SWT-8.4-167,1.0,Custom offshore wind farms,2021.0
12.9993695447808,54.9996453021883,2021-06-04,DK,1.0,104.0,167.0,8400.0,8400.0,Siemens,Siemens,SWT-8.4-167,SWT-8.4-167,1.0,Custom offshore wind farms,2021.0
13.0054417412161,54.9927627298329,2021-06-05,DK,1.0,104.0,167.0,8400.0,8400.0,Siemens,Siemens,SWT-8.4-167,SWT-8.4-167,1.0,Custom offshore wind farms,2021.0
12.9964624904054,54.9855305805332,2021-06-05,DK,1.0,104.0,167.0,8400.0,8400.0,Siemens,Siemens,SWT-8.4-167,SWT-8.4-167,1.0,Custom offshore wind farms,2021.0
0.814725,53.3187625,2018-02-01,GB,1.0,110.0,154.0,6300.0,6300.0,Siemens,Siemens,SWT-6.0-154,SWT-6.0-154,1.0,EMODnet + OSM +thewindpower.net,2018.0
0.801184,53.3202947,2018-02-01,GB,1.0,110.0,154.0,6300.0,6300.0,Siemens,Siemens,SWT-6.0-154,SWT-6.0-154,1.0,EMODnet + OSM +thewindpower.net,2018.0
0.773597,53.3194683,2018-02-01,GB,1.0,110.0,154.0,6300.0,6300.0,Siemens,Siemens,SWT-6.0-154,SWT-6.0-154,1.0,EMODnet + OSM +thewindpower.net,2018.0
0.8232676,53.3250534,2018-02-01,GB,1.0,110.0,154.0,6300.0,6300.0,Siemens,Siemens,SWT-6.0-154,SWT-6.0-154,1.0,EMODnet + OSM +thewindpower.net,2018.0
0.8115341,53.3285092,2018-02-01,GB,1.0,110.0,154.0,6300.0,6300.0,Siemens,Siemens,SWT-6.0-154,SWT-6.0-154,1.0,EMODnet + OSM +thewindpower.net,2018.0
0.797054,53.3287503,2018-02-01,GB,1.0,110.0,154.0,6300.0,6300.0,Siemens,Siemens,SWT-6.0-154,SWT-6.0-154,1.0,EMODnet + OSM +thewindpower.net,2018.0
0.7844923,53.3270799,2018-02-01,GB,1.0,110.0,154.0,6300.0,6300.0,Siemens,Siemens,SWT-6.0-154,SWT-6.0-154,1.0,EMODnet + OSM +thewindpower.net,2018.0
0.7734758,53.3266517,2018-02-01,GB,1.0,110.0,154.0,6300.0,6300.0,Siemens,Siemens,SWT-6.0-154,SWT-6.0-154,1.0,EMODnet + OSM +thewindpower.net,2018.0
0.8187136,53.3349494,2018-02-01,GB,1.0,110.0,154.0,6300.0,6300.0,Siemens,Siemens,SWT-6.0-154,SWT-6.0-154,1.0,EMODnet + OSM +thewindpower.net,2018.0
0.8042234,53.3350278,2018-02-01,GB,1.0,110.0,154.0,6300.0,6300.0,Siemens,Siemens,SWT-6.0-154,SWT-6.0-154,1.0,EMODnet + OSM +thewindpower.net,2018.0
0.7891474,53.3346841,2018-02-01,GB,1.0,110.0,154.0,6300.0,6300.0,Siemens,Siemens,SWT-6.0-154,SWT-6.0-154,1.0,EMODnet + OSM +thewindpower.net,2018.0
0.776606,53.3341052,2018-02-01,GB,1.0,110.0,154.0,6300.0,6300.0,Siemens,Siemens,SWT-6.0-154,SWT-6.0-154,1.0,EMODnet + OSM +thewindpower.net,2018.0
0.9312426,53.2615529,2018-02-01,GB,1.0,110.0,154.0,6300.0,6300.0,Siemens,Siemens,SWT-6.0-154,SWT-6.0-154,1.0,EMODnet + OSM +thewindpower.net,2018.0
0.9246388,53.2554459,2018-02-01,GB,1.0,110.0,154.0,6300.0,6300.0,Siemens,Siemens,SWT-6.0-154,SWT-6.0-154,1.0,EMODnet + OSM +thewindpower.net,2018.0
0.9196606,53.2488487,2018-02-01,GB,1.0,110.0,154.0,6300.0,6300.0,Siemens,Siemens,SWT-6.0-154,SWT-6.0-154,1.0,EMODnet + OSM +thewindpower.net,2018.0
0.912673,53.2414166,2018-02-01,GB,1.0,110.0,154.0,6300.0,6300.0,Siemens,Siemens,SWT-6.0-154,SWT-6.0-154,1.0,EMODnet + OSM +thewindpower.net,2018.0
0.9064528,53.2347144,2018-02-01,GB,1.0,110.0,154.0,6300.0,6300.0,Siemens,Siemens,SWT-6.0-154,SWT-6.0-154,1.0,EMODnet + OSM +thewindpower.net,2018.0
0.9009496,53.2280112,2018-02-01,GB,1.0,110.0,154.0,6300.0,6300.0,Siemens,Siemens,SWT-6.0-154,SWT-6.0-154,1.0,EMODnet + OSM +thewindpower.net,2018.0
0.8911951,53.2231086,2018-02-01,GB,1.0,110.0,154.0,6300.0,6300.0,Siemens,Siemens,SWT-6.0-154,SWT-6.0-154,1.0,EMODnet + OSM +thewindpower.net,2018.0
0.8792192,53.2270682,2018-02-01,GB,1.0,110.0,154.0,6300.0,6300.0,Siemens,Siemens,SWT-6.0-154,SWT-6.0-154,1.0,EMODnet + OSM +thewindpower.net,2018.0
0.889014,53.2322847,2018-02-01,GB,1.0,110.0,154.0,6300.0,6300.0,Siemens,Siemens,SWT-6.0-154,SWT-6.0-154,1.0,EMODnet + OSM +thewindpower.net,2018.0
0.8910335,53.2394827,2018-02-01,GB,1.0,110.0,154.0,6300.0,6300.0,Siemens,Siemens,SWT-6.0-154,SWT-6.0-154,1.0,EMODnet + OSM +thewindpower.net,2018.0
0.9006668,53.2444137,2018-02-01,GB,1.0,110.0,154.0,6300.0,6300.0,Siemens,Siemens,SWT-6.0-154,SWT-6.0-154,1.0,EMODnet + OSM +thewindpower.net,2018.0
0.9073717,53.2510116,2018-02-01,GB,1.0,110.0,154.0,6300.0,6300.0,Siemens,Siemens,SWT-6.0-154,SWT-6.0-154,1.0,EMODnet + OSM +thewindpower.net,2018.0
0.9113401,53.2587684,2018-02-01,GB,1.0,110.0,154.0,6300.0,6300.0,Siemens,Siemens,SWT-6.0-154,SWT-6.0-154,1.0,EMODnet + OSM +thewindpower.net,2018.0
0.9174591,53.265829,2018-02-01,GB,1.0,110.0,154.0,6300.0,6300.0,Siemens,Siemens,SWT-6.0-154,SWT-6.0-154,1.0,EMODnet + OSM +thewindpower.net,2018.0
0.8890442,53.2474349,2018-02-01,GB,1.0,110.0,154.0,6300.0,6300.0,Siemens,Siemens,SWT-6.0-154,SWT-6.0-154,1.0,EMODnet + OSM +thewindpower.net,2018.0
0.8781388,53.2352402,2018-02-01,GB,1.0,110.0,154.0,6300.0,6300.0,Siemens,Siemens,SWT-6.0-154,SWT-6.0-154,1.0,EMODnet + OSM +thewindpower.net,2018.0
0.8680208,53.2306406,2018-02-01,GB,1.0,110.0,154.0,6300.0,6300.0,Siemens,Siemens,SWT-6.0-154,SWT-6.0-154,1.0,EMODnet + OSM +thewindpower.net,2018.0
0.8545302,53.2348534,2018-02-01,GB,1.0,110.0,154.0,6300.0,6300.0,Siemens,Siemens,SWT-6.0-154,SWT-6.0-154,1.0,EMODnet + OSM +thewindpower.net,2018.0
0.8661023,53.2379598,2018-02-01,GB,1.0,110.0,154.0,6300.0,6300.0,Siemens,Siemens,SWT-6.0-154,SWT-6.0-154,1.0,EMODnet + OSM +thewindpower.net,2018.0
0.8772704,53.2436886,2018-02-01,GB,1.0,110.0,154.0,6300.0,6300.0,Siemens,Siemens,SWT-6.0-154,SWT-6.0-154,1.0,EMODnet + OSM +thewindpower.net,2018.0
0.8939921,53.254292,2018-02-01,GB,1.0,110.0,154.0,6300.0,6300.0,Siemens,Siemens,SWT-6.0-154,SWT-6.0-154,1.0,EMODnet + OSM +thewindpower.net,2018.0
0.9000509,53.2619576,2018-02-01,GB,1.0,110.0,154.0,6300.0,6300.0,Siemens,Siemens,SWT-6.0-154,SWT-6.0-154,1.0,EMODnet + OSM +thewindpower.net,2018.0
0.9046755,53.2695734,2018-02-01,GB,1.0,110.0,154.0,6300.0,6300.0,Siemens,Siemens,SWT-6.0-154,SWT-6.0-154,1.0,EMODnet + OSM +thewindpower.net,2018.0
0.8902964,53.2663968,2018-02-01,GB,1.0,110.0,154.0,6300.0,6300.0,Siemens,Siemens,SWT-6.0-154,SWT-6.0-154,1.0,EMODnet + OSM +thewindpower.net,2018.0
0.8801887,53.2604052,2018-02-01,GB,1.0,110.0,154.0,6300.0,6300.0,Siemens,Siemens,SWT-6.0-154,SWT-6.0-154,1.0,EMODnet + OSM +thewindpower.net,2018.0
0.8814205,53.2530657,2018-02-01,GB,1.0,110.0,154.0,6300.0,6300.0,Siemens,Siemens,SWT-6.0-154,SWT-6.0-154,1.0,EMODnet + OSM +thewindpower.net,2018.0
0.8653348,53.2466252,2018-02-01,GB,1.0,110.0,154.0,6300.0,6300.0,Siemens,Siemens,SWT-6.0-154,SWT-6.0-154,1.0,EMODnet + OSM +thewindpower.net,2018.0
0.8542273,53.2426069,2018-02-01,GB,1.0,110.0,154.0,6300.0,6300.0,Siemens,Siemens,SWT-6.0-154,SWT-6.0-154,1.0,EMODnet + OSM +thewindpower.net,2018.0
0.8418879,53.2391746,2018-02-01,GB,1.0,110.0,154.0,6300.0,6300.0,Siemens,Siemens,SWT-6.0-154,SWT-6.0-154,1.0,EMODnet + OSM +thewindpower.net,2018.0
0.8544898,53.2504014,2018-02-01,GB,1.0,110.0,154.0,6300.0,6300.0,Siemens,Siemens,SWT-6.0-154,SWT-6.0-154,1.0,EMODnet + OSM +thewindpower.net,2018.0
0.8401713,53.2468186,2018-02-01,GB,1.0,110.0,154.0,6300.0,6300.0,Siemens,Siemens,SWT-6.0-154,SWT-6.0-154,1.0,EMODnet + OSM +thewindpower.net,2018.0
0.8265091,53.2441297,2018-02-01,GB,1.0,110.0,154.0,6300.0,6300.0,Siemens,Siemens,SWT-6.0-154,SWT-6.0-154,1.0,EMODnet + OSM +thewindpower.net,2018.0
0.8914778,53.2745914,2018-02-01,GB,1.0,110.0,154.0,6300.0,6300.0,Siemens,Siemens,SWT-6.0-154,SWT-6.0-154,1.0,EMODnet + OSM +thewindpower.net,2018.0
0.878472,53.2692352,2018-02-01,GB,1.0,110.0,154.0,6300.0,6300.0,Siemens,Siemens,SWT-6.0-154,SWT-6.0-154,1.0,EMODnet + OSM +thewindpower.net,2018.0
0.8692729,53.2645607,2018-02-01,GB,1.0,110.0,154.0,6300.0,6300.0,Siemens,Siemens,SWT-6.0-154,SWT-6.0-154,1.0,EMODnet + OSM +thewindpower.net,2018.0
0.8537831,53.2588409,2018-02-01,GB,1.0,110.0,154.0,6300.0,6300.0,Siemens,Siemens,SWT-6.0-154,SWT-6.0-154,1.0,EMODnet + OSM +thewindpower.net,2018.0
0.843655,53.2544673,2018-02-01,GB,1.0,110.0,154.0,6300.0,6300.0,Siemens,Siemens,SWT-6.0-154,SWT-6.0-154,1.0,EMODnet + OSM +thewindpower.net,2018.0
0.8266908,53.2524797,2018-02-01,GB,1.0,110.0,154.0,6300.0,6300.0,Siemens,Siemens,SWT-6.0-154,SWT-6.0-154,1.0,EMODnet + OSM +thewindpower.net,2018.0
0.8158561,53.2481297,2018-02-01,GB,1.0,110.0,154.0,6300.0,6300.0,Siemens,Siemens,SWT-6.0-154,SWT-6.0-154,1.0,EMODnet + OSM +thewindpower.net,2018.0
0.8799463,53.2781297,2018-02-01,GB,1.0,110.0,154.0,6300.0,6300.0,Siemens,Siemens,SWT-6.0-154,SWT-6.0-154,1.0,EMODnet + OSM +thewindpower.net,2018.0
0.8676271,53.2729913,2018-02-01,GB,1.0,110.0,154.0,6300.0,6300.0,Siemens,Siemens,SWT-6.0-154,SWT-6.0-154,1.0,EMODnet + OSM +thewindpower.net,2018.0
0.8568224,53.2677073,2018-02-01,GB,1.0,110.0,154.0,6300.0,6300.0,Siemens,Siemens,SWT-6.0-154,SWT-6.0-154,1.0,EMODnet + OSM +thewindpower.net,2018.0
0.8444225,53.2634555,2018-02-01,GB,1.0,110.0,154.0,6300.0,6300.0,Siemens,Siemens,SWT-6.0-154,SWT-6.0-154,1.0,EMODnet + OSM +thewindpower.net,2018.0
0.8324769,53.259028,2018-02-01,GB,1.0,110.0,154.0,6300.0,6300.0,Siemens,Siemens,SWT-6.0-154,SWT-6.0-154,1.0,EMODnet + OSM +thewindpower.net,2018.0
0.8159873,53.2569804,2018-02-01,GB,1.0,110.0,154.0,6300.0,6300.0,Siemens,Siemens,SWT-6.0-154,SWT-6.0-154,1.0,EMODnet + OSM +thewindpower.net,2018.0
0.8686368,53.2807922,2018-02-01,GB,1.0,110.0,154.0,6300.0,6300.0,Siemens,Siemens,SWT-6.0-154,SWT-6.0-154,1.0,EMODnet + OSM +thewindpower.net,2018.0
0.8566811,53.2772361,2018-02-01,GB,1.0,110.0,154.0,6300.0,6300.0,Siemens,Siemens,SWT-6.0-154,SWT-6.0-154,1.0,EMODnet + OSM +thewindpower.net,2018.0
0.8444729,53.27185,2018-02-01,GB,1.0,110.0,154.0,6300.0,6300.0,Siemens,Siemens,SWT-6.0-154,SWT-6.0-154,1.0,EMODnet + OSM +thewindpower.net,2018.0
0.8323152,53.2677073,2018-02-01,GB,1.0,110.0,154.0,6300.0,6300.0,Siemens,Siemens,SWT-6.0-154,SWT-6.0-154,1.0,EMODnet + OSM +thewindpower.net,2018.0
0.8182189,53.2638601,2018-02-01,GB,1.0,110.0,154.0,6300.0,6300.0,Siemens,Siemens,SWT-6.0-154,SWT-6.0-154,1.0,EMODnet + OSM +thewindpower.net,2018.0
0.8565194,53.2849277,2018-02-01,GB,1.0,110.0,154.0,6300.0,6300.0,Siemens,Siemens,SWT-6.0-154,SWT-6.0-154,1.0,EMODnet + OSM +thewindpower.net,2018.0
0.8450385,53.2804663,2018-02-01,GB,1.0,110.0,154.0,6300.0,6300.0,Siemens,Siemens,SWT-6.0-154,SWT-6.0-154,1.0,EMODnet + OSM +thewindpower.net,2018.0
0.8321638,53.2751711,2018-02-01,GB,1.0,110.0,154.0,6300.0,6300.0,Siemens,Siemens,SWT-6.0-154,SWT-6.0-154,1.0,EMODnet + OSM +thewindpower.net,2018.0
0.8129478,53.2706544,2018-02-01,GB,1.0,110.0,154.0,6300.0,6300.0,Siemens,Siemens,SWT-6.0-154,SWT-6.0-154,1.0,EMODnet + OSM +thewindpower.net,2018.0
0.8445132,53.2889419,2018-02-01,GB,1.0,110.0,154.0,6300.0,6300.0,Siemens,Siemens,SWT-6.0-154,SWT-6.0-154,1.0,EMODnet + OSM +thewindpower.net,2018.0
0.8311843,53.2824948,2018-02-01,GB,1.0,110.0,154.0,6300.0,6300.0,Siemens,Siemens,SWT-6.0-154,SWT-6.0-154,1.0,EMODnet + OSM +thewindpower.net,2018.0
0.8181582,53.2779244,2018-02-01,GB,1.0,110.0,154.0,6300.0,6300.0,Siemens,Siemens,SWT-6.0-154,SWT-6.0-154,1.0,EMODnet + OSM +thewindpower.net,2018.0
0.8042739,53.276578,2018-02-01,GB,1.0,110.0,154.0,6300.0,6300.0,Siemens,Siemens,SWT-6.0-154,SWT-6.0-154,1.0,EMODnet + OSM +thewindpower.net,2018.0
0.8209352,53.286461,2018-02-01,GB,1.0,110.0,154.0,6300.0,6300.0,Siemens,Siemens,SWT-6.0-154,SWT-6.0-154,1.0,EMODnet + OSM +thewindpower.net,2018.0
0.8082827,53.2843059,2018-02-01,GB,1.0,110.0,154.0,6300.0,6300.0,Siemens,Siemens,SWT-6.0-154,SWT-6.0-154,1.0,EMODnet + OSM +thewindpower.net,2018.0
0.7950647,53.2812753,2018-02-01,GB,1.0,110.0,154.0,6300.0,6300.0,Siemens,Siemens,SWT-6.0-154,SWT-6.0-154,1.0,EMODnet + OSM +thewindpower.net,2018.0
0.7824123,53.2818065,2018-02-01,GB,1.0,110.0,154.0,6300.0,6300.0,Siemens,Siemens,SWT-6.0-154,SWT-6.0-154,1.0,EMODnet + OSM +thewindpower.net,2018.0
0.7942064,53.2888152,2018-02-01,GB,1.0,110.0,154.0,6300.0,6300.0,Siemens,Siemens,SWT-6.0-154,SWT-6.0-154,1.0,EMODnet + OSM +thewindpower.net,2018.0
0.7792213,53.28928,2018-02-01,GB,1.0,110.0,154.0,6300.0,6300.0,Siemens,Siemens,SWT-6.0-154,SWT-6.0-154,1.0,EMODnet + OSM +thewindpower.net,2018.0
0.8216924,53.2943138,2018-02-01,GB,1.0,110.0,154.0,6300.0,6300.0,Siemens,Siemens,SWT-6.0-154,SWT-6.0-154,1.0,EMODnet + OSM +thewindpower.net,2018.0
0.7961654,53.2963115,2018-02-01,GB,1.0,110.0,154.0,6300.0,6300.0,Siemens,Siemens,SWT-6.0-154,SWT-6.0-154,1.0,EMODnet + OSM +thewindpower.net,2018.0
0.7833513,53.2966676,2018-02-01,GB,1.0,110.0,154.0,6300.0,6300.0,Siemens,Siemens,SWT-6.0-154,SWT-6.0-154,1.0,EMODnet + OSM +thewindpower.net,2018.0
0.7714362,53.2960218,2018-02-01,GB,1.0,110.0,154.0,6300.0,6300.0,Siemens,Siemens,SWT-6.0-154,SWT-6.0-154,1.0,EMODnet + OSM +thewindpower.net,2018.0
0.8346276,53.2988764,2018-02-01,GB,1.0,110.0,154.0,6300.0,6300.0,Siemens,Siemens,SWT-6.0-154,SWT-6.0-154,1.0,EMODnet + OSM +thewindpower.net,2018.0
0.8130993,53.301411,2018-02-01,GB,1.0,110.0,154.0,6300.0,6300.0,Siemens,Siemens,SWT-6.0-154,SWT-6.0-154,1.0,EMODnet + OSM +thewindpower.net,2018.0
0.7968419,53.3041505,2018-02-01,GB,1.0,110.0,154.0,6300.0,6300.0,Siemens,Siemens,SWT-6.0-154,SWT-6.0-154,1.0,EMODnet + OSM +thewindpower.net,2018.0
0.7848156,53.3042471,2018-02-01,GB,1.0,110.0,154.0,6300.0,6300.0,Siemens,Siemens,SWT-6.0-154,SWT-6.0-154,1.0,EMODnet + OSM +thewindpower.net,2018.0
0.7717895,53.3034928,2018-02-01,GB,1.0,110.0,154.0,6300.0,6300.0,Siemens,Siemens,SWT-6.0-154,SWT-6.0-154,1.0,EMODnet + OSM +thewindpower.net,2018.0
0.8278824,53.3056469,2018-02-01,GB,1.0,110.0,154.0,6300.0,6300.0,Siemens,Siemens,SWT-6.0-154,SWT-6.0-154,1.0,EMODnet + OSM +thewindpower.net,2018.0
0.8138565,53.3095144,2018-02-01,GB,1.0,110.0,154.0,6300.0,6300.0,Siemens,Siemens,SWT-6.0-154,SWT-6.0-154,1.0,EMODnet + OSM +thewindpower.net,2018.0
0.7986393,53.311789,2018-02-01,GB,1.0,110.0,154.0,6300.0,6300.0,Siemens,Siemens,SWT-6.0-154,SWT-6.0-154,1.0,EMODnet + OSM +thewindpower.net,2018.0
0.7833211,53.311608,2018-02-01,GB,1.0,110.0,154.0,6300.0,6300.0,Siemens,Siemens,SWT-6.0-154,SWT-6.0-154,1.0,EMODnet + OSM +thewindpower.net,2018.0
0.7723348,53.311608,2018-02-01,GB,1.0,110.0,154.0,6300.0,6300.0,Siemens,Siemens,SWT-6.0-154,SWT-6.0-154,1.0,EMODnet + OSM +thewindpower.net,2018.0
0.8271654,53.3151553,2018-02-01,GB,1.0,110.0,154.0,6300.0,6300.0,Siemens,Siemens,SWT-6.0-154,SWT-6.0-154,1.0,EMODnet + OSM +thewindpower.net,2018.0
0.2734565,53.6156265,2015-06-01,GB,1.0,80.0,112.0,3000.0,3000.0,Vestas,Vestas,V112/3000 Offshore,V112/3000 Offshore,1.0,EMODnet + OSM +thewindpower.net,2015.0
0.2821254,53.6147609,2015-06-01,GB,1.0,80.0,112.0,3000.0,3000.0,Vestas,Vestas,V112/3000 Offshore,V112/3000 Offshore,1.0,EMODnet + OSM +thewindpower.net,2015.0
0.2907085,53.614099,2015-06-01,GB,1.0,80.0,112.0,3000.0,3000.0,Vestas,Vestas,V112/3000 Offshore,V112/3000 Offshore,1.0,EMODnet + OSM +thewindpower.net,2015.0
0.2970599,53.6188849,2015-06-01,GB,1.0,80.0,112.0,3000.0,3000.0,Vestas,Vestas,V112/3000 Offshore,V112/3000 Offshore,1.0,EMODnet + OSM +thewindpower.net,2015.0
0.2886485,53.6194958,2015-06-01,GB,1.0,80.0,112.0,3000.0,3000.0,Vestas,Vestas,V112/3000 Offshore,V112/3000 Offshore,1.0,EMODnet + OSM +thewindpower.net,2015.0
0.2797221,53.6202085,2015-06-01,GB,1.0,80.0,112.0,3000.0,3000.0,Vestas,Vestas,V112/3000 Offshore,V112/3000 Offshore,1.0,EMODnet + OSM +thewindpower.net,2015.0
0.2710532,53.6208704,2015-06-01,GB,1.0,80.0,112.0,3000.0,3000.0,Vestas,Vestas,V112/3000 Offshore,V112/3000 Offshore,1.0,EMODnet + OSM +thewindpower.net,2015.0
0.2685641,53.6262154,2015-06-01,GB,1.0,80.0,112.0,3000.0,3000.0,Vestas,Vestas,V112/3000 Offshore,V112/3000 Offshore,1.0,EMODnet + OSM +thewindpower.net,2015.0
0.2766322,53.6262154,2015-06-01,GB,1.0,80.0,112.0,3000.0,3000.0,Vestas,Vestas,V112/3000 Offshore,V112/3000 Offshore,1.0,EMODnet + OSM +thewindpower.net,2015.0
0.2859878,53.6251464,2015-06-01,GB,1.0,80.0,112.0,3000.0,3000.0,Vestas,Vestas,V112/3000 Offshore,V112/3000 Offshore,1.0,EMODnet + OSM +thewindpower.net,2015.0
0.295,53.6242302,2015-06-01,GB,1.0,80.0,112.0,3000.0,3000.0,Vestas,Vestas,V112/3000 Offshore,V112/3000 Offshore,1.0,EMODnet + OSM +thewindpower.net,2015.0
0.3034972,53.6235684,2015-06-01,GB,1.0,80.0,112.0,3000.0,3000.0,Vestas,Vestas,V112/3000 Offshore,V112/3000 Offshore,1.0,EMODnet + OSM +thewindpower.net,2015.0
0.309677,53.6281496,2015-06-01,GB,1.0,80.0,112.0,3000.0,3000.0,Vestas,Vestas,V112/3000 Offshore,V112/3000 Offshore,1.0,EMODnet + OSM +thewindpower.net,2015.0
0.3014373,53.6287604,2015-06-01,GB,1.0,80.0,112.0,3000.0,3000.0,Vestas,Vestas,V112/3000 Offshore,V112/3000 Offshore,1.0,EMODnet + OSM +thewindpower.net,2015.0
0.2925967,53.6294221,2015-06-01,GB,1.0,80.0,112.0,3000.0,3000.0,Vestas,Vestas,V112/3000 Offshore,V112/3000 Offshore,1.0,EMODnet + OSM +thewindpower.net,2015.0
0.2837562,53.6302874,2015-06-01,GB,1.0,80.0,112.0,3000.0,3000.0,Vestas,Vestas,V112/3000 Offshore,V112/3000 Offshore,1.0,EMODnet + OSM +thewindpower.net,2015.0
0.2750873,53.630949,2015-06-01,GB,1.0,80.0,112.0,3000.0,3000.0,Vestas,Vestas,V112/3000 Offshore,V112/3000 Offshore,1.0,EMODnet + OSM +thewindpower.net,2015.0
0.2662467,53.6317633,2015-06-01,GB,1.0,80.0,112.0,3000.0,3000.0,Vestas,Vestas,V112/3000 Offshore,V112/3000 Offshore,1.0,EMODnet + OSM +thewindpower.net,2015.0
0.2725124,53.6363437,2015-06-01,GB,1.0,80.0,112.0,3000.0,3000.0,Vestas,Vestas,V112/3000 Offshore,V112/3000 Offshore,1.0,EMODnet + OSM +thewindpower.net,2015.0
0.2812671,53.6355803,2015-06-01,GB,1.0,80.0,112.0,3000.0,3000.0,Vestas,Vestas,V112/3000 Offshore,V112/3000 Offshore,1.0,EMODnet + OSM +thewindpower.net,2015.0
0.2901935,53.6348678,2015-06-01,GB,1.0,80.0,112.0,3000.0,3000.0,Vestas,Vestas,V112/3000 Offshore,V112/3000 Offshore,1.0,EMODnet + OSM +thewindpower.net,2015.0
0.2992057,53.6341045,2015-06-01,GB,1.0,80.0,112.0,3000.0,3000.0,Vestas,Vestas,V112/3000 Offshore,V112/3000 Offshore,1.0,EMODnet + OSM +thewindpower.net,2015.0
0.3079604,53.6334429,2015-06-01,GB,1.0,80.0,112.0,3000.0,3000.0,Vestas,Vestas,V112/3000 Offshore,V112/3000 Offshore,1.0,EMODnet + OSM +thewindpower.net,2015.0
0.3165435,53.6326286,2015-06-01,GB,1.0,80.0,112.0,3000.0,3000.0,Vestas,Vestas,V112/3000 Offshore,V112/3000 Offshore,1.0,EMODnet + OSM +thewindpower.net,2015.0
0.322895,53.6371579,2015-06-01,GB,1.0,80.0,112.0,3000.0,3000.0,Vestas,Vestas,V112/3000 Offshore,V112/3000 Offshore,1.0,EMODnet + OSM +thewindpower.net,2015.0
0.3143977,53.638023,2015-06-01,GB,1.0,80.0,112.0,3000.0,3000.0,Vestas,Vestas,V112/3000 Offshore,V112/3000 Offshore,1.0,EMODnet + OSM +thewindpower.net,2015.0
0.3058147,53.6388372,2015-06-01,GB,1.0,80.0,112.0,3000.0,3000.0,Vestas,Vestas,V112/3000 Offshore,V112/3000 Offshore,1.0,EMODnet + OSM +thewindpower.net,2015.0
0.2965449,53.6396005,2015-06-01,GB,1.0,80.0,112.0,3000.0,3000.0,Vestas,Vestas,V112/3000 Offshore,V112/3000 Offshore,1.0,EMODnet + OSM +thewindpower.net,2015.0
0.2879619,53.640262,2015-06-01,GB,1.0,80.0,112.0,3000.0,3000.0,Vestas,Vestas,V112/3000 Offshore,V112/3000 Offshore,1.0,EMODnet + OSM +thewindpower.net,2015.0
0.278778,53.6410761,2015-06-01,GB,1.0,80.0,112.0,3000.0,3000.0,Vestas,Vestas,V112/3000 Offshore,V112/3000 Offshore,1.0,EMODnet + OSM +thewindpower.net,2015.0
0.2706241,53.6416867,2015-06-01,GB,1.0,80.0,112.0,3000.0,3000.0,Vestas,Vestas,V112/3000 Offshore,V112/3000 Offshore,1.0,EMODnet + OSM +thewindpower.net,2015.0
0.261526,53.6425518,2015-06-01,GB,1.0,80.0,112.0,3000.0,3000.0,Vestas,Vestas,V112/3000 Offshore,V112/3000 Offshore,1.0,EMODnet + OSM +thewindpower.net,2015.0
0.2588653,53.6479958,2015-06-01,GB,1.0,80.0,112.0,3000.0,3000.0,Vestas,Vestas,V112/3000 Offshore,V112/3000 Offshore,1.0,EMODnet + OSM +thewindpower.net,2015.0
0.2678775,53.6472327,2015-06-01,GB,1.0,80.0,112.0,3000.0,3000.0,Vestas,Vestas,V112/3000 Offshore,V112/3000 Offshore,1.0,EMODnet + OSM +thewindpower.net,2015.0
0.2765464,53.6465204,2015-06-01,GB,1.0,80.0,112.0,3000.0,3000.0,Vestas,Vestas,V112/3000 Offshore,V112/3000 Offshore,1.0,EMODnet + OSM +thewindpower.net,2015.0
0.2853011,53.6458081,2015-06-01,GB,1.0,80.0,112.0,3000.0,3000.0,Vestas,Vestas,V112/3000 Offshore,V112/3000 Offshore,1.0,EMODnet + OSM +thewindpower.net,2015.0
0.2943992,53.6448923,2015-06-01,GB,1.0,80.0,112.0,3000.0,3000.0,Vestas,Vestas,V112/3000 Offshore,V112/3000 Offshore,1.0,EMODnet + OSM +thewindpower.net,2015.0
0.3032397,53.6441291,2015-06-01,GB,1.0,80.0,112.0,3000.0,3000.0,Vestas,Vestas,V112/3000 Offshore,V112/3000 Offshore,1.0,EMODnet + OSM +thewindpower.net,2015.0
0.3125953,53.6434167,2015-06-01,GB,1.0,80.0,112.0,3000.0,3000.0,Vestas,Vestas,V112/3000 Offshore,V112/3000 Offshore,1.0,EMODnet + OSM +thewindpower.net,2015.0
0.320835,53.6427044,2015-06-01,GB,1.0,80.0,112.0,3000.0,3000.0,Vestas,Vestas,V112/3000 Offshore,V112/3000 Offshore,1.0,EMODnet + OSM +thewindpower.net,2015.0
0.3294181,53.6421956,2015-06-01,GB,1.0,80.0,112.0,3000.0,3000.0,Vestas,Vestas,V112/3000 Offshore,V112/3000 Offshore,1.0,EMODnet + OSM +thewindpower.net,2015.0
0.3275298,53.6472835,2015-06-01,GB,1.0,80.0,112.0,3000.0,3000.0,Vestas,Vestas,V112/3000 Offshore,V112/3000 Offshore,1.0,EMODnet + OSM +thewindpower.net,2015.0
0.3187751,53.6480467,2015-06-01,GB,1.0,80.0,112.0,3000.0,3000.0,Vestas,Vestas,V112/3000 Offshore,V112/3000 Offshore,1.0,EMODnet + OSM +thewindpower.net,2015.0
0.3093337,53.6487081,2015-06-01,GB,1.0,80.0,112.0,3000.0,3000.0,Vestas,Vestas,V112/3000 Offshore,V112/3000 Offshore,1.0,EMODnet + OSM +thewindpower.net,2015.0
0.301094,53.6494712,2015-06-01,GB,1.0,80.0,112.0,3000.0,3000.0,Vestas,Vestas,V112/3000 Offshore,V112/3000 Offshore,1.0,EMODnet + OSM +thewindpower.net,2015.0
0.2916526,53.650336,2015-06-01,GB,1.0,80.0,112.0,3000.0,3000.0,Vestas,Vestas,V112/3000 Offshore,V112/3000 Offshore,1.0,EMODnet + OSM +thewindpower.net,2015.0
0.2826404,53.6509465,2015-06-01,GB,1.0,80.0,112.0,3000.0,3000.0,Vestas,Vestas,V112/3000 Offshore,V112/3000 Offshore,1.0,EMODnet + OSM +thewindpower.net,2015.0
0.2748298,53.6517096,2015-06-01,GB,1.0,80.0,112.0,3000.0,3000.0,Vestas,Vestas,V112/3000 Offshore,V112/3000 Offshore,1.0,EMODnet + OSM +thewindpower.net,2015.0
0.2654742,53.6524218,2015-06-01,GB,1.0,80.0,112.0,3000.0,3000.0,Vestas,Vestas,V112/3000 Offshore,V112/3000 Offshore,1.0,EMODnet + OSM +thewindpower.net,2015.0
0.256977,53.6531339,2015-06-01,GB,1.0,80.0,112.0,3000.0,3000.0,Vestas,Vestas,V112/3000 Offshore,V112/3000 Offshore,1.0,EMODnet + OSM +thewindpower.net,2015.0
0.2628993,53.6578137,2015-06-01,GB,1.0,80.0,112.0,3000.0,3000.0,Vestas,Vestas,V112/3000 Offshore,V112/3000 Offshore,1.0,EMODnet + OSM +thewindpower.net,2015.0
0.2725124,53.6568472,2015-06-01,GB,1.0,80.0,112.0,3000.0,3000.0,Vestas,Vestas,V112/3000 Offshore,V112/3000 Offshore,1.0,EMODnet + OSM +thewindpower.net,2015.0
0.2806663,53.6564403,2015-06-01,GB,1.0,80.0,112.0,3000.0,3000.0,Vestas,Vestas,V112/3000 Offshore,V112/3000 Offshore,1.0,EMODnet + OSM +thewindpower.net,2015.0
0.2901076,53.6554739,2015-06-01,GB,1.0,80.0,112.0,3000.0,3000.0,Vestas,Vestas,V112/3000 Offshore,V112/3000 Offshore,1.0,EMODnet + OSM +thewindpower.net,2015.0
0.298519,53.65466,2015-06-01,GB,1.0,80.0,112.0,3000.0,3000.0,Vestas,Vestas,V112/3000 Offshore,V112/3000 Offshore,1.0,EMODnet + OSM +thewindpower.net,2015.0
0.3071879,53.6539987,2015-06-01,GB,1.0,80.0,112.0,3000.0,3000.0,Vestas,Vestas,V112/3000 Offshore,V112/3000 Offshore,1.0,EMODnet + OSM +thewindpower.net,2015.0
0.3162002,53.6531848,2015-06-01,GB,1.0,80.0,112.0,3000.0,3000.0,Vestas,Vestas,V112/3000 Offshore,V112/3000 Offshore,1.0,EMODnet + OSM +thewindpower.net,2015.0
0.3252124,53.6525744,2015-06-01,GB,1.0,80.0,112.0,3000.0,3000.0,Vestas,Vestas,V112/3000 Offshore,V112/3000 Offshore,1.0,EMODnet + OSM +thewindpower.net,2015.0
0.3225516,53.6578645,2015-06-01,GB,1.0,80.0,112.0,3000.0,3000.0,Vestas,Vestas,V112/3000 Offshore,V112/3000 Offshore,1.0,EMODnet + OSM +thewindpower.net,2015.0
0.3138827,53.6586783,2015-06-01,GB,1.0,80.0,112.0,3000.0,3000.0,Vestas,Vestas,V112/3000 Offshore,V112/3000 Offshore,1.0,EMODnet + OSM +thewindpower.net,2015.0
0.3048705,53.6593904,2015-06-01,GB,1.0,80.0,112.0,3000.0,3000.0,Vestas,Vestas,V112/3000 Offshore,V112/3000 Offshore,1.0,EMODnet + OSM +thewindpower.net,2015.0
0.2962875,53.6601025,2015-06-01,GB,1.0,80.0,112.0,3000.0,3000.0,Vestas,Vestas,V112/3000 Offshore,V112/3000 Offshore,1.0,EMODnet + OSM +thewindpower.net,2015.0
0.2871036,53.6606619,2015-06-01,GB,1.0,80.0,112.0,3000.0,3000.0,Vestas,Vestas,V112/3000 Offshore,V112/3000 Offshore,1.0,EMODnet + OSM +thewindpower.net,2015.0
0.278263,53.6614757,2015-06-01,GB,1.0,80.0,112.0,3000.0,3000.0,Vestas,Vestas,V112/3000 Offshore,V112/3000 Offshore,1.0,EMODnet + OSM +thewindpower.net,2015.0
0.2697658,53.662086,2015-06-01,GB,1.0,80.0,112.0,3000.0,3000.0,Vestas,Vestas,V112/3000 Offshore,V112/3000 Offshore,1.0,EMODnet + OSM +thewindpower.net,2015.0
0.2937984,53.6653154,2015-06-01,GB,1.0,80.0,112.0,3000.0,3000.0,Vestas,Vestas,V112/3000 Offshore,V112/3000 Offshore,1.0,EMODnet + OSM +thewindpower.net,2015.0
0.3113079,53.6638406,2015-06-01,GB,1.0,80.0,112.0,3000.0,3000.0,Vestas,Vestas,V112/3000 Offshore,V112/3000 Offshore,1.0,EMODnet + OSM +thewindpower.net,2015.0
0.320363,53.6631031,2015-06-01,GB,1.0,80.0,112.0,3000.0,3000.0,Vestas,Vestas,V112/3000 Offshore,V112/3000 Offshore,1.0,EMODnet + OSM +thewindpower.net,2015.0
0.3288173,53.6625183,2015-06-01,GB,1.0,80.0,112.0,3000.0,3000.0,Vestas,Vestas,V112/3000 Offshore,V112/3000 Offshore,1.0,EMODnet + OSM +thewindpower.net,2015.0
0.3264141,53.6678072,2015-06-01,GB,1.0,80.0,112.0,3000.0,3000.0,Vestas,Vestas,V112/3000 Offshore,V112/3000 Offshore,1.0,EMODnet + OSM +thewindpower.net,2015.0
0.3174877,53.6687988,2015-06-01,GB,1.0,80.0,112.0,3000.0,3000.0,Vestas,Vestas,V112/3000 Offshore,V112/3000 Offshore,1.0,EMODnet + OSM +thewindpower.net,2015.0
0.3083038,53.6694344,2015-06-01,GB,1.0,80.0,112.0,3000.0,3000.0,Vestas,Vestas,V112/3000 Offshore,V112/3000 Offshore,1.0,EMODnet + OSM +thewindpower.net,2015.0
0.0905513,53.8118522,2015-05-01,GB,1.0,100.0,154.0,6000.0,6000.0,Siemens,Siemens,SWT-6.0-154,SWT-6.0-154,1.0,EMODnet + OSM +thewindpower.net,2015.0
0.0990485,53.804858,2015-05-01,GB,1.0,100.0,154.0,6000.0,6000.0,Siemens,Siemens,SWT-6.0-154,SWT-6.0-154,1.0,EMODnet + OSM +thewindpower.net,2015.0
0.1078891,53.7984204,2015-05-01,GB,1.0,100.0,154.0,6000.0,6000.0,Siemens,Siemens,SWT-6.0-154,SWT-6.0-154,1.0,EMODnet + OSM +thewindpower.net,2015.0
0.1156139,53.7910184,2015-05-01,GB,1.0,100.0,154.0,6000.0,6000.0,Siemens,Siemens,SWT-6.0-154,SWT-6.0-154,1.0,EMODnet + OSM +thewindpower.net,2015.0
0.1247119,53.7839194,2015-05-01,GB,1.0,100.0,154.0,6000.0,6000.0,Siemens,Siemens,SWT-6.0-154,SWT-6.0-154,1.0,EMODnet + OSM +thewindpower.net,2015.0
0.1326942,53.7773771,2015-05-01,GB,1.0,100.0,154.0,6000.0,6000.0,Siemens,Siemens,SWT-6.0-154,SWT-6.0-154,1.0,EMODnet + OSM +thewindpower.net,2015.0
0.1415347,53.7699714,2015-05-01,GB,1.0,100.0,154.0,6000.0,6000.0,Siemens,Siemens,SWT-6.0-154,SWT-6.0-154,1.0,EMODnet + OSM +thewindpower.net,2015.0
0.1552676,53.7759062,2015-05-01,GB,1.0,100.0,154.0,6000.0,6000.0,Siemens,Siemens,SWT-6.0-154,SWT-6.0-154,1.0,EMODnet + OSM +thewindpower.net,2015.0
0.1465129,53.7827023,2015-05-01,GB,1.0,100.0,154.0,6000.0,6000.0,Siemens,Siemens,SWT-6.0-154,SWT-6.0-154,1.0,EMODnet + OSM +thewindpower.net,2015.0
0.1389598,53.7896494,2015-05-01,GB,1.0,100.0,154.0,6000.0,6000.0,Siemens,Siemens,SWT-6.0-154,SWT-6.0-154,1.0,EMODnet + OSM +thewindpower.net,2015.0
0.1300334,53.7970516,2015-05-01,GB,1.0,100.0,154.0,6000.0,6000.0,Siemens,Siemens,SWT-6.0-154,SWT-6.0-154,1.0,EMODnet + OSM +thewindpower.net,2015.0
0.1212787,53.803895,2015-05-01,GB,1.0,100.0,154.0,6000.0,6000.0,Siemens,Siemens,SWT-6.0-154,SWT-6.0-154,1.0,EMODnet + OSM +thewindpower.net,2015.0
0.1130389,53.8105852,2015-05-01,GB,1.0,100.0,154.0,6000.0,6000.0,Siemens,Siemens,SWT-6.0-154,SWT-6.0-154,1.0,EMODnet + OSM +thewindpower.net,2015.0
0.1051425,53.817933,2015-05-01,GB,1.0,100.0,154.0,6000.0,6000.0,Siemens,Siemens,SWT-6.0-154,SWT-6.0-154,1.0,EMODnet + OSM +thewindpower.net,2015.0
0.1184463,53.8236584,2015-05-01,GB,1.0,100.0,154.0,6000.0,6000.0,Siemens,Siemens,SWT-6.0-154,SWT-6.0-154,1.0,EMODnet + OSM +thewindpower.net,2015.0
0.1276301,53.8167676,2015-05-01,GB,1.0,100.0,154.0,6000.0,6000.0,Siemens,Siemens,SWT-6.0-154,SWT-6.0-154,1.0,EMODnet + OSM +thewindpower.net,2015.0
0.1520919,53.7957842,2015-05-01,GB,1.0,100.0,154.0,6000.0,6000.0,Siemens,Siemens,SWT-6.0-154,SWT-6.0-154,1.0,EMODnet + OSM +thewindpower.net,2015.0
0.1610183,53.7887367,2015-05-01,GB,1.0,100.0,154.0,6000.0,6000.0,Siemens,Siemens,SWT-6.0-154,SWT-6.0-154,1.0,EMODnet + OSM +thewindpower.net,2015.0
0.1690864,53.781688,2015-05-01,GB,1.0,100.0,154.0,6000.0,6000.0,Siemens,Siemens,SWT-6.0-154,SWT-6.0-154,1.0,EMODnet + OSM +thewindpower.net,2015.0
0.1837634,53.7881283,2015-05-01,GB,1.0,100.0,154.0,6000.0,6000.0,Siemens,Siemens,SWT-6.0-154,SWT-6.0-154,1.0,EMODnet + OSM +thewindpower.net,2015.0
0.1333808,53.8297376,2015-05-01,GB,1.0,100.0,154.0,6000.0,6000.0,Siemens,Siemens,SWT-6.0-154,SWT-6.0-154,1.0,EMODnet + OSM +thewindpower.net,2015.0
0.1473712,53.8356639,2015-05-01,GB,1.0,100.0,154.0,6000.0,6000.0,Siemens,Siemens,SWT-6.0-154,SWT-6.0-154,1.0,EMODnet + OSM +thewindpower.net,2015.0
0.1557826,53.8287751,2015-05-01,GB,1.0,100.0,154.0,6000.0,6000.0,Siemens,Siemens,SWT-6.0-154,SWT-6.0-154,1.0,EMODnet + OSM +thewindpower.net,2015.0
0.1638507,53.8221891,2015-05-01,GB,1.0,100.0,154.0,6000.0,6000.0,Siemens,Siemens,SWT-6.0-154,SWT-6.0-154,1.0,EMODnet + OSM +thewindpower.net,2015.0
0.1721763,53.8150447,2015-05-01,GB,1.0,100.0,154.0,6000.0,6000.0,Siemens,Siemens,SWT-6.0-154,SWT-6.0-154,1.0,EMODnet + OSM +thewindpower.net,2015.0
0.1817035,53.807595,2015-05-01,GB,1.0,100.0,154.0,6000.0,6000.0,Siemens,Siemens,SWT-6.0-154,SWT-6.0-154,1.0,EMODnet + OSM +thewindpower.net,2015.0
0.1890849,53.8007016,2015-05-01,GB,1.0,100.0,154.0,6000.0,6000.0,Siemens,Siemens,SWT-6.0-154,SWT-6.0-154,1.0,EMODnet + OSM +thewindpower.net,2015.0
0.1974105,53.7938577,2015-05-01,GB,1.0,100.0,154.0,6000.0,6000.0,Siemens,Siemens,SWT-6.0-154,SWT-6.0-154,1.0,EMODnet + OSM +thewindpower.net,2015.0
0.2108859,53.7996877,2015-05-01,GB,1.0,100.0,154.0,6000.0,6000.0,Siemens,Siemens,SWT-6.0-154,SWT-6.0-154,1.0,EMODnet + OSM +thewindpower.net,2015.0
0.202732,53.8067334,2015-05-01,GB,1.0,100.0,154.0,6000.0,6000.0,Siemens,Siemens,SWT-6.0-154,SWT-6.0-154,1.0,EMODnet + OSM +thewindpower.net,2015.0
0.1942348,53.8136765,2015-05-01,GB,1.0,100.0,154.0,6000.0,6000.0,Siemens,Siemens,SWT-6.0-154,SWT-6.0-154,1.0,EMODnet + OSM +thewindpower.net,2015.0
0.1853084,53.8210238,2015-05-01,GB,1.0,100.0,154.0,6000.0,6000.0,Siemens,Siemens,SWT-6.0-154,SWT-6.0-154,1.0,EMODnet + OSM +thewindpower.net,2015.0
0.1767253,53.8278126,2015-05-01,GB,1.0,100.0,154.0,6000.0,6000.0,Siemens,Siemens,SWT-6.0-154,SWT-6.0-154,1.0,EMODnet + OSM +thewindpower.net,2015.0
0.1688289,53.8346003,2015-05-01,GB,1.0,100.0,154.0,6000.0,6000.0,Siemens,Siemens,SWT-6.0-154,SWT-6.0-154,1.0,EMODnet + OSM +thewindpower.net,2015.0
0.1610183,53.8412856,2015-05-01,GB,1.0,100.0,154.0,6000.0,6000.0,Siemens,Siemens,SWT-6.0-154,SWT-6.0-154,1.0,EMODnet + OSM +thewindpower.net,2015.0
1.8753389,53.8579433,2019-01-01,GB,1.0,102.49,154.0,7000.0,7000.0,Siemens,Siemens,SWT-7.0-154,SWT-7.0-154,1.0,EMODnet + OSM +thewindpower.net,2019.0
1.9221875,53.8907972,2019-01-01,GB,1.0,106.7,154.0,7000.0,7000.0,Siemens,Siemens,SWT-7.0-154,SWT-7.0-154,1.0,EMODnet + OSM +thewindpower.net,2019.0
1.9096381,53.9021981,2019-01-01,GB,1.0,106.7,154.0,7000.0,7000.0,Siemens,Siemens,SWT-7.0-154,SWT-7.0-154,1.0,EMODnet + OSM +thewindpower.net,2019.0
1.8970817,53.9135975,2019-01-01,GB,1.0,106.7,154.0,7000.0,7000.0,Siemens,Siemens,SWT-7.0-154,SWT-7.0-154,1.0,EMODnet + OSM +thewindpower.net,2019.0
1.8846683,53.9248597,2019-01-01,GB,1.0,106.7,154.0,7000.0,7000.0,Siemens,Siemens,SWT-7.0-154,SWT-7.0-154,1.0,EMODnet + OSM +thewindpower.net,2019.0
1.9167742,53.8579936,2019-01-01,GB,1.0,102.49,154.0,7000.0,7000.0,Siemens,Siemens,SWT-7.0-154,SWT-7.0-154,1.0,EMODnet + OSM +thewindpower.net,2019.0
1.9039769,53.8696269,2019-01-01,GB,1.0,102.49,154.0,7000.0,7000.0,Siemens,Siemens,SWT-7.0-154,SWT-7.0-154,1.0,EMODnet + OSM +thewindpower.net,2019.0
1.8859189,53.8860292,2019-01-01,GB,1.0,106.7,154.0,7000.0,7000.0,Siemens,Siemens,SWT-7.0-154,SWT-7.0-154,1.0,EMODnet + OSM +thewindpower.net,2019.0
1.8717636,53.8984256,2019-01-01,GB,1.0,106.7,154.0,7000.0,7000.0,Siemens,Siemens,SWT-7.0-154,SWT-7.0-154,1.0,EMODnet + OSM +thewindpower.net,2019.0
1.8592817,53.910195,2019-01-01,GB,1.0,106.7,154.0,7000.0,7000.0,Siemens,Siemens,SWT-7.0-154,SWT-7.0-154,1.0,EMODnet + OSM +thewindpower.net,2019.0
1.8466994,53.9215981,2019-01-01,GB,1.0,106.7,154.0,7000.0,7000.0,Siemens,Siemens,SWT-7.0-154,SWT-7.0-154,1.0,EMODnet + OSM +thewindpower.net,2019.0
1.8330447,53.9339644,2019-01-01,GB,1.0,106.7,154.0,7000.0,7000.0,Siemens,Siemens,SWT-7.0-154,SWT-7.0-154,1.0,EMODnet + OSM +thewindpower.net,2019.0
1.8623144,53.8697678,2019-01-01,GB,1.0,102.49,154.0,7000.0,7000.0,Siemens,Siemens,SWT-7.0-154,SWT-7.0-154,1.0,EMODnet + OSM +thewindpower.net,2019.0
1.8492828,53.8815908,2019-01-01,GB,1.0,106.7,154.0,7000.0,7000.0,Siemens,Siemens,SWT-7.0-154,SWT-7.0-154,1.0,EMODnet + OSM +thewindpower.net,2019.0
1.8362436,53.8934125,2019-01-01,GB,1.0,106.7,154.0,7000.0,7000.0,Siemens,Siemens,SWT-7.0-154,SWT-7.0-154,1.0,EMODnet + OSM +thewindpower.net,2019.0
1.8189483,53.9089556,2019-01-01,GB,1.0,106.7,154.0,7000.0,7000.0,Siemens,Siemens,SWT-7.0-154,SWT-7.0-154,1.0,EMODnet + OSM +thewindpower.net,2019.0
1.8080925,53.9188447,2019-01-01,GB,1.0,106.7,154.0,7000.0,7000.0,Siemens,Siemens,SWT-7.0-154,SWT-7.0-154,1.0,EMODnet + OSM +thewindpower.net,2019.0
1.8410433,53.8581447,2019-01-01,GB,1.0,102.49,154.0,7000.0,7000.0,Siemens,Siemens,SWT-7.0-154,SWT-7.0-154,1.0,EMODnet + OSM +thewindpower.net,2019.0
1.8283344,53.8696708,2019-01-01,GB,1.0,102.49,154.0,7000.0,7000.0,Siemens,Siemens,SWT-7.0-154,SWT-7.0-154,1.0,EMODnet + OSM +thewindpower.net,2019.0
1.8139228,53.8827317,2019-01-01,GB,1.0,106.7,154.0,7000.0,7000.0,Siemens,Siemens,SWT-7.0-154,SWT-7.0-154,1.0,EMODnet + OSM +thewindpower.net,2019.0
1.8034172,53.8922461,2019-01-01,GB,1.0,106.7,154.0,7000.0,7000.0,Siemens,Siemens,SWT-7.0-154,SWT-7.0-154,1.0,EMODnet + OSM +thewindpower.net,2019.0
1.8088281,53.8714606,2019-01-01,GB,1.0,102.49,154.0,7000.0,7000.0,Siemens,Siemens,SWT-7.0-154,SWT-7.0-154,1.0,EMODnet + OSM +thewindpower.net,2019.0
1.8883558,53.8461172,2019-01-01,GB,1.0,102.49,154.0,7000.0,7000.0,Siemens,Siemens,SWT-7.0-154,SWT-7.0-154,1.0,EMODnet + OSM +thewindpower.net,2019.0
1.8553807,53.8459889,2019-01-01,GB,1.0,102.49,154.0,7000.0,7000.0,Siemens,Siemens,SWT-7.0-154,SWT-7.0-154,1.0,EMODnet + OSM +thewindpower.net,2019.0
1.8353356,53.8474269,2019-01-01,GB,1.0,102.49,154.0,7000.0,7000.0,Siemens,Siemens,SWT-7.0-154,SWT-7.0-154,1.0,EMODnet + OSM +thewindpower.net,2019.0
1.8077606,53.8470253,2019-01-01,GB,1.0,102.49,154.0,7000.0,7000.0,Siemens,Siemens,SWT-7.0-154,SWT-7.0-154,1.0,EMODnet + OSM +thewindpower.net,2019.0
1.9094781,53.8348167,2019-01-01,GB,1.0,102.49,154.0,7000.0,7000.0,Siemens,Siemens,SWT-7.0-154,SWT-7.0-154,1.0,EMODnet + OSM +thewindpower.net,2019.0
1.8943003,53.8344869,2019-01-01,GB,1.0,102.49,154.0,7000.0,7000.0,Siemens,Siemens,SWT-7.0-154,SWT-7.0-154,1.0,EMODnet + OSM +thewindpower.net,2019.0
1.8737536,53.8346678,2019-01-01,GB,1.0,102.49,154.0,7000.0,7000.0,Siemens,Siemens,SWT-7.0-154,SWT-7.0-154,1.0,EMODnet + OSM +thewindpower.net,2019.0
1.8493147,53.8347386,2019-01-01,GB,1.0,102.49,154.0,7000.0,7000.0,Siemens,Siemens,SWT-7.0-154,SWT-7.0-154,1.0,EMODnet + OSM +thewindpower.net,2019.0
1.8284775,53.8365217,2019-01-01,GB,1.0,102.49,154.0,7000.0,7000.0,Siemens,Siemens,SWT-7.0-154,SWT-7.0-154,1.0,EMODnet + OSM +thewindpower.net,2019.0
1.8045639,53.8361186,2019-01-01,GB,1.0,102.49,154.0,7000.0,7000.0,Siemens,Siemens,SWT-7.0-154,SWT-7.0-154,1.0,EMODnet + OSM +thewindpower.net,2019.0
1.6512894,53.8356469,2019-01-01,GB,1.0,102.49,154.0,7000.0,7000.0,Siemens,Siemens,SWT-7.0-154,SWT-7.0-154,1.0,EMODnet + OSM +thewindpower.net,2019.0
1.6653967,53.8355931,2019-01-01,GB,1.0,102.49,154.0,7000.0,7000.0,Siemens,Siemens,SWT-7.0-154,SWT-7.0-154,1.0,EMODnet + OSM +thewindpower.net,2019.0
1.6805044,53.8374006,2019-01-01,GB,1.0,102.49,154.0,7000.0,7000.0,Siemens,Siemens,SWT-7.0-154,SWT-7.0-154,1.0,EMODnet + OSM +thewindpower.net,2019.0
1.7031319,53.8354408,2019-01-01,GB,1.0,102.49,154.0,7000.0,7000.0,Siemens,Siemens,SWT-7.0-154,SWT-7.0-154,1.0,EMODnet + OSM +thewindpower.net,2019.0
1.7236472,53.8353531,2019-01-01,GB,1.0,102.49,154.0,7000.0,7000.0,Siemens,Siemens,SWT-7.0-154,SWT-7.0-154,1.0,EMODnet + OSM +thewindpower.net,2019.0
1.7450592,53.8352578,2019-01-01,GB,1.0,102.49,154.0,7000.0,7000.0,Siemens,Siemens,SWT-7.0-154,SWT-7.0-154,1.0,EMODnet + OSM +thewindpower.net,2019.0
1.7653653,53.8351636,2019-01-01,GB,1.0,102.49,154.0,7000.0,7000.0,Siemens,Siemens,SWT-7.0-154,SWT-7.0-154,1.0,EMODnet + OSM +thewindpower.net,2019.0
1.7836869,53.8350761,2019-01-01,GB,1.0,102.49,154.0,7000.0,7000.0,Siemens,Siemens,SWT-7.0-154,SWT-7.0-154,1.0,EMODnet + OSM +thewindpower.net,2019.0
1.6702339,53.8495811,2019-01-01,GB,1.0,102.49,154.0,7000.0,7000.0,Siemens,Siemens,SWT-7.0-154,SWT-7.0-154,1.0,EMODnet + OSM +thewindpower.net,2019.0
1.6992656,53.8494994,2019-01-01,GB,1.0,102.49,154.0,7000.0,7000.0,Siemens,Siemens,SWT-7.0-154,SWT-7.0-154,1.0,EMODnet + OSM +thewindpower.net,2019.0
1.7285881,53.8510736,2019-01-01,GB,1.0,102.49,154.0,7000.0,7000.0,Siemens,Siemens,SWT-7.0-154,SWT-7.0-154,1.0,EMODnet + OSM +thewindpower.net,2019.0
1.7651586,53.8450831,2019-01-01,GB,1.0,102.49,154.0,7000.0,7000.0,Siemens,Siemens,SWT-7.0-154,SWT-7.0-154,1.0,EMODnet + OSM +thewindpower.net,2019.0
1.7858692,53.8465903,2019-01-01,GB,1.0,102.49,154.0,7000.0,7000.0,Siemens,Siemens,SWT-7.0-154,SWT-7.0-154,1.0,EMODnet + OSM +thewindpower.net,2019.0
1.6559906,53.8624331,2019-01-01,GB,1.0,102.49,154.0,7000.0,7000.0,Siemens,Siemens,SWT-7.0-154,SWT-7.0-154,1.0,EMODnet + OSM +thewindpower.net,2019.0
1.7547719,53.8544844,2019-01-01,GB,1.0,102.49,154.0,7000.0,7000.0,Siemens,Siemens,SWT-7.0-154,SWT-7.0-154,1.0,EMODnet + OSM +thewindpower.net,2019.0
1.7952306,53.8583806,2019-01-01,GB,1.0,102.49,154.0,7000.0,7000.0,Siemens,Siemens,SWT-7.0-154,SWT-7.0-154,1.0,EMODnet + OSM +thewindpower.net,2019.0
1.6802908,53.8666342,2019-01-01,GB,1.0,102.49,154.0,7000.0,7000.0,Siemens,Siemens,SWT-7.0-154,SWT-7.0-154,1.0,EMODnet + OSM +thewindpower.net,2019.0
1.7096453,53.8681942,2019-01-01,GB,1.0,102.49,154.0,7000.0,7000.0,Siemens,Siemens,SWT-7.0-154,SWT-7.0-154,1.0,EMODnet + OSM +thewindpower.net,2019.0
1.7443806,53.863885,2019-01-01,GB,1.0,102.49,154.0,7000.0,7000.0,Siemens,Siemens,SWT-7.0-154,SWT-7.0-154,1.0,EMODnet + OSM +thewindpower.net,2019.0
1.7339844,53.8732847,2019-01-01,GB,1.0,102.69,154.0,7000.0,7000.0,Siemens,Siemens,SWT-7.0-154,SWT-7.0-154,1.0,EMODnet + OSM +thewindpower.net,2019.0
1.7578014,53.8719994,2019-01-01,GB,1.0,102.49,154.0,7000.0,7000.0,Siemens,Siemens,SWT-7.0-154,SWT-7.0-154,1.0,EMODnet + OSM +thewindpower.net,2019.0
1.7826936,53.8697344,2019-01-01,GB,1.0,102.49,154.0,7000.0,7000.0,Siemens,Siemens,SWT-7.0-154,SWT-7.0-154,1.0,EMODnet + OSM +thewindpower.net,2019.0
1.6599914,53.8852011,2019-01-01,GB,1.0,106.7,154.0,7000.0,7000.0,Siemens,Siemens,SWT-7.0-154,SWT-7.0-154,1.0,EMODnet + OSM +thewindpower.net,2019.0
1.6896528,53.8862444,2019-01-01,GB,1.0,106.7,154.0,7000.0,7000.0,Siemens,Siemens,SWT-7.0-154,SWT-7.0-154,1.0,EMODnet + OSM +thewindpower.net,2019.0
1.7235836,53.8826836,2019-01-01,GB,1.0,106.7,154.0,7000.0,7000.0,Siemens,Siemens,SWT-7.0-154,SWT-7.0-154,1.0,EMODnet + OSM +thewindpower.net,2019.0
1.77015,53.8810869,2019-01-01,GB,1.0,106.65,154.0,7000.0,7000.0,Siemens,Siemens,SWT-7.0-154,SWT-7.0-154,1.0,EMODnet + OSM +thewindpower.net,2019.0
1.7055781,53.8989425,2019-01-01,GB,1.0,106.7,154.0,7000.0,7000.0,Siemens,Siemens,SWT-7.0-154,SWT-7.0-154,1.0,EMODnet + OSM +thewindpower.net,2019.0
1.7323597,53.8952872,2019-01-01,GB,1.0,106.7,154.0,7000.0,7000.0,Siemens,Siemens,SWT-7.0-154,SWT-7.0-154,1.0,EMODnet + OSM +thewindpower.net,2019.0
1.7575997,53.8924381,2019-01-01,GB,1.0,106.7,154.0,7000.0,7000.0,Siemens,Siemens,SWT-7.0-154,SWT-7.0-154,1.0,EMODnet + OSM +thewindpower.net,2019.0
1.7842656,53.8937006,2019-01-01,GB,1.0,106.7,154.0,7000.0,7000.0,Siemens,Siemens,SWT-7.0-154,SWT-7.0-154,1.0,EMODnet + OSM +thewindpower.net,2019.0
1.6642106,53.9091878,2019-01-01,GB,1.0,106.7,154.0,7000.0,7000.0,Siemens,Siemens,SWT-7.0-154,SWT-7.0-154,1.0,EMODnet + OSM +thewindpower.net,2019.0
1.69603,53.9075578,2019-01-01,GB,1.0,106.7,154.0,7000.0,7000.0,Siemens,Siemens,SWT-7.0-154,SWT-7.0-154,1.0,EMODnet + OSM +thewindpower.net,2019.0
1.7450422,53.9037878,2019-01-01,GB,1.0,106.7,154.0,7000.0,7000.0,Siemens,Siemens,SWT-7.0-154,SWT-7.0-154,1.0,EMODnet + OSM +thewindpower.net,2019.0
1.7899711,53.9043658,2019-01-01,GB,1.0,106.7,154.0,7000.0,7000.0,Siemens,Siemens,SWT-7.0-154,SWT-7.0-154,1.0,EMODnet + OSM +thewindpower.net,2019.0
1.6864781,53.9161722,2019-01-01,GB,1.0,106.7,154.0,7000.0,7000.0,Siemens,Siemens,SWT-7.0-154,SWT-7.0-154,1.0,EMODnet + OSM +thewindpower.net,2019.0
1.7091092,53.9164897,2019-01-01,GB,1.0,106.7,154.0,7000.0,7000.0,Siemens,Siemens,SWT-7.0-154,SWT-7.0-154,1.0,EMODnet + OSM +thewindpower.net,2019.0
1.7324783,53.9151361,2019-01-01,GB,1.0,106.7,154.0,7000.0,7000.0,Siemens,Siemens,SWT-7.0-154,SWT-7.0-154,1.0,EMODnet + OSM +thewindpower.net,2019.0
1.7585483,53.9169547,2019-01-01,GB,1.0,106.7,154.0,7000.0,7000.0,Siemens,Siemens,SWT-7.0-154,SWT-7.0-154,1.0,EMODnet + OSM +thewindpower.net,2019.0
1.7772981,53.9158789,2019-01-01,GB,1.0,106.7,154.0,7000.0,7000.0,Siemens,Siemens,SWT-7.0-154,SWT-7.0-154,1.0,EMODnet + OSM +thewindpower.net,2019.0
1.6752481,53.9262947,2019-01-01,GB,1.0,106.7,154.0,7000.0,7000.0,Siemens,Siemens,SWT-7.0-154,SWT-7.0-154,1.0,EMODnet + OSM +thewindpower.net,2019.0
1.7199072,53.9264833,2019-01-01,GB,1.0,106.7,154.0,7000.0,7000.0,Siemens,Siemens,SWT-7.0-154,SWT-7.0-154,1.0,EMODnet + OSM +thewindpower.net,2019.0
1.7644156,53.9275228,2019-01-01,GB,1.0,106.7,154.0,7000.0,7000.0,Siemens,Siemens,SWT-7.0-154,SWT-7.0-154,1.0,EMODnet + OSM +thewindpower.net,2019.0
1.7942822,53.9299928,2019-01-01,GB,1.0,106.7,154.0,7000.0,7000.0,Siemens,Siemens,SWT-7.0-154,SWT-7.0-154,1.0,EMODnet + OSM +thewindpower.net,2019.0
1.7415097,53.9773567,2019-01-01,GB,1.0,106.7,154.0,7000.0,7000.0,Siemens,Siemens,SWT-7.0-154,SWT-7.0-154,1.0,EMODnet + OSM +thewindpower.net,2019.0
1.6987711,53.9710528,2019-01-01,GB,1.0,106.7,154.0,7000.0,7000.0,Siemens,Siemens,SWT-7.0-154,SWT-7.0-154,1.0,EMODnet + OSM +thewindpower.net,2019.0
1.7153469,53.9734997,2019-01-01,GB,1.0,106.7,154.0,7000.0,7000.0,Siemens,Siemens,SWT-7.0-154,SWT-7.0-154,1.0,EMODnet + OSM +thewindpower.net,2019.0
1.7504447,53.9693194,2019-01-01,GB,1.0,106.7,154.0,7000.0,7000.0,Siemens,Siemens,SWT-7.0-154,SWT-7.0-154,1.0,EMODnet + OSM +thewindpower.net,2019.0
1.7087594,53.9619636,2019-01-01,GB,1.0,106.7,154.0,7000.0,7000.0,Siemens,Siemens,SWT-7.0-154,SWT-7.0-154,1.0,EMODnet + OSM +thewindpower.net,2019.0
1.7263003,53.9619272,2019-01-01,GB,1.0,106.7,154.0,7000.0,7000.0,Siemens,Siemens,SWT-7.0-154,SWT-7.0-154,1.0,EMODnet + OSM +thewindpower.net,2019.0
1.7604217,53.9603714,2019-01-01,GB,1.0,106.7,154.0,7000.0,7000.0,Siemens,Siemens,SWT-7.0-154,SWT-7.0-154,1.0,EMODnet + OSM +thewindpower.net,2019.0
1.7184675,53.9531247,2019-01-01,GB,1.0,106.7,154.0,7000.0,7000.0,Siemens,Siemens,SWT-7.0-154,SWT-7.0-154,1.0,EMODnet + OSM +thewindpower.net,2019.0
1.7391578,53.9503294,2019-01-01,GB,1.0,106.7,154.0,7000.0,7000.0,Siemens,Siemens,SWT-7.0-154,SWT-7.0-154,1.0,EMODnet + OSM +thewindpower.net,2019.0
1.7710825,53.9508181,2019-01-01,GB,1.0,106.7,154.0,7000.0,7000.0,Siemens,Siemens,SWT-7.0-154,SWT-7.0-154,1.0,EMODnet + OSM +thewindpower.net,2019.0
1.6889289,53.9341878,2019-01-01,GB,1.0,106.7,154.0,7000.0,7000.0,Siemens,Siemens,SWT-7.0-154,SWT-7.0-154,1.0,EMODnet + OSM +thewindpower.net,2019.0
1.7079878,53.9372353,2019-01-01,GB,1.0,106.7,154.0,7000.0,7000.0,Siemens,Siemens,SWT-7.0-154,SWT-7.0-154,1.0,EMODnet + OSM +thewindpower.net,2019.0
1.7307456,53.9420597,2019-01-01,GB,1.0,106.7,154.0,7000.0,7000.0,Siemens,Siemens,SWT-7.0-154,SWT-7.0-154,1.0,EMODnet + OSM +thewindpower.net,2019.0
1.7514972,53.9391911,2019-01-01,GB,1.0,106.7,154.0,7000.0,7000.0,Siemens,Siemens,SWT-7.0-154,SWT-7.0-154,1.0,EMODnet + OSM +thewindpower.net,2019.0
1.78224,53.9407925,2019-01-01,GB,1.0,106.7,154.0,7000.0,7000.0,Siemens,Siemens,SWT-7.0-154,SWT-7.0-154,1.0,EMODnet + OSM +thewindpower.net,2019.0
2.1818442,53.8800239,2019-01-01,GB,1.0,106.15,154.0,7000.0,7000.0,Siemens,Siemens,SWT-7.0-154,SWT-7.0-154,1.0,EMODnet + OSM +thewindpower.net,2019.0
2.1725594,53.8885297,2019-01-01,GB,1.0,106.7,154.0,7000.0,7000.0,Siemens,Siemens,SWT-7.0-154,SWT-7.0-154,1.0,EMODnet + OSM +thewindpower.net,2019.0
2.1605133,53.8995592,2019-01-01,GB,1.0,106.7,154.0,7000.0,7000.0,Siemens,Siemens,SWT-7.0-154,SWT-7.0-154,1.0,EMODnet + OSM +thewindpower.net,2019.0
2.1482656,53.9107656,2019-01-01,GB,1.0,106.7,154.0,7000.0,7000.0,Siemens,Siemens,SWT-7.0-154,SWT-7.0-154,1.0,EMODnet + OSM +thewindpower.net,2019.0
2.135575,53.9223697,2019-01-01,GB,1.0,106.7,154.0,7000.0,7000.0,Siemens,Siemens,SWT-7.0-154,SWT-7.0-154,1.0,EMODnet + OSM +thewindpower.net,2019.0
2.1226244,53.9342039,2019-01-01,GB,1.0,106.7,154.0,7000.0,7000.0,Siemens,Siemens,SWT-7.0-154,SWT-7.0-154,1.0,EMODnet + OSM +thewindpower.net,2019.0
2.1089297,53.9466972,2019-01-01,GB,1.0,106.7,154.0,7000.0,7000.0,Siemens,Siemens,SWT-7.0-154,SWT-7.0-154,1.0,EMODnet + OSM +thewindpower.net,2019.0
2.1002233,53.9546539,2019-01-01,GB,1.0,106.7,154.0,7000.0,7000.0,Siemens,Siemens,SWT-7.0-154,SWT-7.0-154,1.0,EMODnet + OSM +thewindpower.net,2019.0
2.1425861,53.8788797,2019-01-01,GB,1.0,105.64,154.0,7000.0,7000.0,Siemens,Siemens,SWT-7.0-154,SWT-7.0-154,1.0,EMODnet + OSM +thewindpower.net,2019.0
2.1307569,53.8897028,2019-01-01,GB,1.0,106.7,154.0,7000.0,7000.0,Siemens,Siemens,SWT-7.0-154,SWT-7.0-154,1.0,EMODnet + OSM +thewindpower.net,2019.0
2.1189219,53.9005247,2019-01-01,GB,1.0,106.7,154.0,7000.0,7000.0,Siemens,Siemens,SWT-7.0-154,SWT-7.0-154,1.0,EMODnet + OSM +thewindpower.net,2019.0
2.1070806,53.9113456,2019-01-01,GB,1.0,106.7,154.0,7000.0,7000.0,Siemens,Siemens,SWT-7.0-154,SWT-7.0-154,1.0,EMODnet + OSM +thewindpower.net,2019.0
2.0952333,53.922165,2019-01-01,GB,1.0,106.7,154.0,7000.0,7000.0,Siemens,Siemens,SWT-7.0-154,SWT-7.0-154,1.0,EMODnet + OSM +thewindpower.net,2019.0
2.0833797,53.9329833,2019-01-01,GB,1.0,106.7,154.0,7000.0,7000.0,Siemens,Siemens,SWT-7.0-154,SWT-7.0-154,1.0,EMODnet + OSM +thewindpower.net,2019.0
2.07167,53.9436636,2019-01-01,GB,1.0,106.7,154.0,7000.0,7000.0,Siemens,Siemens,SWT-7.0-154,SWT-7.0-154,1.0,EMODnet + OSM +thewindpower.net,2019.0
2.0937272,53.8856717,2019-01-01,GB,1.0,106.7,154.0,7000.0,7000.0,Siemens,Siemens,SWT-7.0-154,SWT-7.0-154,1.0,EMODnet + OSM +thewindpower.net,2019.0
2.0812053,53.8971097,2019-01-01,GB,1.0,106.7,154.0,7000.0,7000.0,Siemens,Siemens,SWT-7.0-154,SWT-7.0-154,1.0,EMODnet + OSM +thewindpower.net,2019.0
2.0702828,53.9070803,2019-01-01,GB,1.0,106.7,154.0,7000.0,7000.0,Siemens,Siemens,SWT-7.0-154,SWT-7.0-154,1.0,EMODnet + OSM +thewindpower.net,2019.0
2.0574689,53.91877,2019-01-01,GB,1.0,106.7,154.0,7000.0,7000.0,Siemens,Siemens,SWT-7.0-154,SWT-7.0-154,1.0,EMODnet + OSM +thewindpower.net,2019.0
2.0453336,53.9298333,2019-01-01,GB,1.0,106.7,154.0,7000.0,7000.0,Siemens,Siemens,SWT-7.0-154,SWT-7.0-154,1.0,EMODnet + OSM +thewindpower.net,2019.0
2.0354206,53.9388653,2019-01-01,GB,1.0,106.7,154.0,7000.0,7000.0,Siemens,Siemens,SWT-7.0-154,SWT-7.0-154,1.0,EMODnet + OSM +thewindpower.net,2019.0
2.0494525,53.8882478,2019-01-01,GB,1.0,106.7,154.0,7000.0,7000.0,Siemens,Siemens,SWT-7.0-154,SWT-7.0-154,1.0,EMODnet + OSM +thewindpower.net,2019.0
2.0371006,53.8995139,2019-01-01,GB,1.0,106.7,154.0,7000.0,7000.0,Siemens,Siemens,SWT-7.0-154,SWT-7.0-154,1.0,EMODnet + OSM +thewindpower.net,2019.0
2.0267944,53.9089086,2019-01-01,GB,1.0,106.7,154.0,7000.0,7000.0,Siemens,Siemens,SWT-7.0-154,SWT-7.0-154,1.0,EMODnet + OSM +thewindpower.net,2019.0
2.0156069,53.9191011,2019-01-01,GB,1.0,106.7,154.0,7000.0,7000.0,Siemens,Siemens,SWT-7.0-154,SWT-7.0-154,1.0,EMODnet + OSM +thewindpower.net,2019.0
2.0085153,53.8877611,2019-01-01,GB,1.0,106.7,154.0,7000.0,7000.0,Siemens,Siemens,SWT-7.0-154,SWT-7.0-154,1.0,EMODnet + OSM +thewindpower.net,2019.0
1.9956281,53.8995008,2019-01-01,GB,1.0,106.7,154.0,7000.0,7000.0,Siemens,Siemens,SWT-7.0-154,SWT-7.0-154,1.0,EMODnet + OSM +thewindpower.net,2019.0
1.9827339,53.9112389,2019-01-01,GB,1.0,106.7,154.0,7000.0,7000.0,Siemens,Siemens,SWT-7.0-154,SWT-7.0-154,1.0,EMODnet + OSM +thewindpower.net,2019.0
1.97003,53.9227958,2019-01-01,GB,1.0,106.7,154.0,7000.0,7000.0,Siemens,Siemens,SWT-7.0-154,SWT-7.0-154,1.0,EMODnet + OSM +thewindpower.net,2019.0
2.0044203,53.8536978,2019-01-01,GB,1.0,102.49,154.0,7000.0,7000.0,Siemens,Siemens,SWT-7.0-154,SWT-7.0-154,1.0,EMODnet + OSM +thewindpower.net,2019.0
1.9924278,53.8646306,2019-01-01,GB,1.0,102.49,154.0,7000.0,7000.0,Siemens,Siemens,SWT-7.0-154,SWT-7.0-154,1.0,EMODnet + OSM +thewindpower.net,2019.0
1.9804289,53.8755619,2019-01-01,GB,1.0,102.99,154.0,7000.0,7000.0,Siemens,Siemens,SWT-7.0-154,SWT-7.0-154,1.0,EMODnet + OSM +thewindpower.net,2019.0
1.9684239,53.8864919,2019-01-01,GB,1.0,106.7,154.0,7000.0,7000.0,Siemens,Siemens,SWT-7.0-154,SWT-7.0-154,1.0,EMODnet + OSM +thewindpower.net,2019.0
1.9564125,53.8974208,2019-01-01,GB,1.0,106.7,154.0,7000.0,7000.0,Siemens,Siemens,SWT-7.0-154,SWT-7.0-154,1.0,EMODnet + OSM +thewindpower.net,2019.0
1.9443947,53.9083486,2019-01-01,GB,1.0,106.7,154.0,7000.0,7000.0,Siemens,Siemens,SWT-7.0-154,SWT-7.0-154,1.0,EMODnet + OSM +thewindpower.net,2019.0
1.9326533,53.9190183,2019-01-01,GB,1.0,106.7,154.0,7000.0,7000.0,Siemens,Siemens,SWT-7.0-154,SWT-7.0-154,1.0,EMODnet + OSM +thewindpower.net,2019.0
1.9597944,53.8565867,2019-01-01,GB,1.0,102.49,154.0,7000.0,7000.0,Siemens,Siemens,SWT-7.0-154,SWT-7.0-154,1.0,EMODnet + OSM +thewindpower.net,2019.0
1.9472656,53.8679917,2019-01-01,GB,1.0,102.49,154.0,7000.0,7000.0,Siemens,Siemens,SWT-7.0-154,SWT-7.0-154,1.0,EMODnet + OSM +thewindpower.net,2019.0
1.93473,53.8793953,2019-01-01,GB,1.0,105.64,154.0,7000.0,7000.0,Siemens,Siemens,SWT-7.0-154,SWT-7.0-154,1.0,EMODnet + OSM +thewindpower.net,2019.0
2.0164067,53.8427639,2019-01-01,GB,1.0,102.49,154.0,7000.0,7000.0,Siemens,Siemens,SWT-7.0-154,SWT-7.0-154,1.0,EMODnet + OSM +thewindpower.net,2019.0
1.9724211,53.8452031,2019-01-01,GB,1.0,102.49,154.0,7000.0,7000.0,Siemens,Siemens,SWT-7.0-154,SWT-7.0-154,1.0,EMODnet + OSM +thewindpower.net,2019.0
1.9287872,53.8470661,2019-01-01,GB,1.0,102.49,154.0,7000.0,7000.0,Siemens,Siemens,SWT-7.0-154,SWT-7.0-154,1.0,EMODnet + OSM +thewindpower.net,2019.0
2.0143483,53.8337228,2019-01-01,GB,1.0,102.49,154.0,7000.0,7000.0,Siemens,Siemens,SWT-7.0-154,SWT-7.0-154,1.0,EMODnet + OSM +thewindpower.net,2019.0
1.9969728,53.8338492,2019-01-01,GB,1.0,102.49,154.0,7000.0,7000.0,Siemens,Siemens,SWT-7.0-154,SWT-7.0-154,1.0,EMODnet + OSM +thewindpower.net,2019.0
1.9783533,53.8339689,2019-01-01,GB,1.0,102.49,154.0,7000.0,7000.0,Siemens,Siemens,SWT-7.0-154,SWT-7.0-154,1.0,EMODnet + OSM +thewindpower.net,2019.0
1.9492328,53.8341583,2019-01-01,GB,1.0,102.49,154.0,7000.0,7000.0,Siemens,Siemens,SWT-7.0-154,SWT-7.0-154,1.0,EMODnet + OSM +thewindpower.net,2019.0
1.9341783,53.8342494,2019-01-01,GB,1.0,102.49,154.0,7000.0,7000.0,Siemens,Siemens,SWT-7.0-154,SWT-7.0-154,1.0,EMODnet + OSM +thewindpower.net,2019.0
2.0282958,53.8319881,2019-01-01,GB,1.0,102.49,154.0,7000.0,7000.0,Siemens,Siemens,SWT-7.0-154,SWT-7.0-154,1.0,EMODnet + OSM +thewindpower.net,2019.0
2.0424478,53.8311025,2019-01-01,GB,1.0,102.49,154.0,7000.0,7000.0,Siemens,Siemens,SWT-7.0-154,SWT-7.0-154,1.0,EMODnet + OSM +thewindpower.net,2019.0
2.0584214,53.8301011,2019-01-01,GB,1.0,102.49,154.0,7000.0,7000.0,Siemens,Siemens,SWT-7.0-154,SWT-7.0-154,1.0,EMODnet + OSM +thewindpower.net,2019.0
2.0726619,53.8292067,2019-01-01,GB,1.0,102.49,154.0,7000.0,7000.0,Siemens,Siemens,SWT-7.0-154,SWT-7.0-154,1.0,EMODnet + OSM +thewindpower.net,2019.0
2.0869017,53.8283103,2019-01-01,GB,1.0,102.49,154.0,7000.0,7000.0,Siemens,Siemens,SWT-7.0-154,SWT-7.0-154,1.0,EMODnet + OSM +thewindpower.net,2019.0
2.1009011,53.8291081,2019-01-01,GB,1.0,102.49,154.0,7000.0,7000.0,Siemens,Siemens,SWT-7.0-154,SWT-7.0-154,1.0,EMODnet + OSM +thewindpower.net,2019.0
2.1284636,53.8256844,2019-01-01,GB,1.0,102.49,154.0,7000.0,7000.0,Siemens,Siemens,SWT-7.0-154,SWT-7.0-154,1.0,EMODnet + OSM +thewindpower.net,2019.0
2.1429592,53.826025,2019-01-01,GB,1.0,102.49,154.0,7000.0,7000.0,Siemens,Siemens,SWT-7.0-154,SWT-7.0-154,1.0,EMODnet + OSM +thewindpower.net,2019.0
2.1569606,53.8238756,2019-01-01,GB,1.0,102.49,154.0,7000.0,7000.0,Siemens,Siemens,SWT-7.0-154,SWT-7.0-154,1.0,EMODnet + OSM +thewindpower.net,2019.0
2.1757925,53.8226764,2019-01-01,GB,1.0,102.49,154.0,7000.0,7000.0,Siemens,Siemens,SWT-7.0-154,SWT-7.0-154,1.0,EMODnet + OSM +thewindpower.net,2019.0
2.1995558,53.8267672,2019-01-01,GB,1.0,102.24,154.0,7000.0,7000.0,Siemens,Siemens,SWT-7.0-154,SWT-7.0-154,1.0,EMODnet + OSM +thewindpower.net,2019.0
2.0599914,53.8407883,2019-01-01,GB,1.0,102.49,154.0,7000.0,7000.0,Siemens,Siemens,SWT-7.0-154,SWT-7.0-154,1.0,EMODnet + OSM +thewindpower.net,2019.0
2.1055264,53.8370086,2019-01-01,GB,1.0,102.49,154.0,7000.0,7000.0,Siemens,Siemens,SWT-7.0-154,SWT-7.0-154,1.0,EMODnet + OSM +thewindpower.net,2019.0
2.14679,53.8371022,2019-01-01,GB,1.0,102.49,154.0,7000.0,7000.0,Siemens,Siemens,SWT-7.0-154,SWT-7.0-154,1.0,EMODnet + OSM +thewindpower.net,2019.0
2.2037808,53.8381372,2019-01-01,GB,1.0,102.24,154.0,7000.0,7000.0,Siemens,Siemens,SWT-7.0-154,SWT-7.0-154,1.0,EMODnet + OSM +thewindpower.net,2019.0
2.2297347,53.8360836,2019-01-01,GB,1.0,102.24,154.0,7000.0,7000.0,Siemens,Siemens,SWT-7.0-154,SWT-7.0-154,1.0,EMODnet + OSM +thewindpower.net,2019.0
2.0471331,53.8525339,2019-01-01,GB,1.0,102.49,154.0,7000.0,7000.0,Siemens,Siemens,SWT-7.0-154,SWT-7.0-154,1.0,EMODnet + OSM +thewindpower.net,2019.0
2.0948894,53.8470169,2019-01-01,GB,1.0,102.49,154.0,7000.0,7000.0,Siemens,Siemens,SWT-7.0-154,SWT-7.0-154,1.0,EMODnet + OSM +thewindpower.net,2019.0
2.1357489,53.8472328,2019-01-01,GB,1.0,102.49,154.0,7000.0,7000.0,Siemens,Siemens,SWT-7.0-154,SWT-7.0-154,1.0,EMODnet + OSM +thewindpower.net,2019.0
2.1750819,53.8458181,2019-01-01,GB,1.0,102.49,154.0,7000.0,7000.0,Siemens,Siemens,SWT-7.0-154,SWT-7.0-154,1.0,EMODnet + OSM +thewindpower.net,2019.0
2.2198,53.8452081,2019-01-01,GB,1.0,102.24,154.0,7000.0,7000.0,Siemens,Siemens,SWT-7.0-154,SWT-7.0-154,1.0,EMODnet + OSM +thewindpower.net,2019.0
2.0833975,53.8572478,2019-01-01,GB,1.0,102.49,154.0,7000.0,7000.0,Siemens,Siemens,SWT-7.0-154,SWT-7.0-154,1.0,EMODnet + OSM +thewindpower.net,2019.0
2.1226508,53.8592233,2019-01-01,GB,1.0,102.49,154.0,7000.0,7000.0,Siemens,Siemens,SWT-7.0-154,SWT-7.0-154,1.0,EMODnet + OSM +thewindpower.net,2019.0
2.1658931,53.8575347,2019-01-01,GB,1.0,102.49,154.0,7000.0,7000.0,Siemens,Siemens,SWT-7.0-154,SWT-7.0-154,1.0,EMODnet + OSM +thewindpower.net,2019.0
2.2088189,53.8552878,2019-01-01,GB,1.0,102.24,154.0,7000.0,7000.0,Siemens,Siemens,SWT-7.0-154,SWT-7.0-154,1.0,EMODnet + OSM +thewindpower.net,2019.0
2.0342678,53.8642778,2019-01-01,GB,1.0,102.49,154.0,7000.0,7000.0,Siemens,Siemens,SWT-7.0-154,SWT-7.0-154,1.0,EMODnet + OSM +thewindpower.net,2019.0
2.0720881,53.8675822,2019-01-01,GB,1.0,102.49,154.0,7000.0,7000.0,Siemens,Siemens,SWT-7.0-154,SWT-7.0-154,1.0,EMODnet + OSM +thewindpower.net,2019.0
2.1117042,53.8692381,2019-01-01,GB,1.0,102.49,154.0,7000.0,7000.0,Siemens,Siemens,SWT-7.0-154,SWT-7.0-154,1.0,EMODnet + OSM +thewindpower.net,2019.0
2.1544089,53.8680556,2019-01-01,GB,1.0,102.49,154.0,7000.0,7000.0,Siemens,Siemens,SWT-7.0-154,SWT-7.0-154,1.0,EMODnet + OSM +thewindpower.net,2019.0
2.1745417,53.864955,2019-01-01,GB,1.0,102.49,154.0,7000.0,7000.0,Siemens,Siemens,SWT-7.0-154,SWT-7.0-154,1.0,EMODnet + OSM +thewindpower.net,2019.0
2.1985281,53.8647394,2019-01-01,GB,1.0,102.24,154.0,7000.0,7000.0,Siemens,Siemens,SWT-7.0-154,SWT-7.0-154,1.0,EMODnet + OSM +thewindpower.net,2019.0
2.0213953,53.8760203,2019-01-01,GB,1.0,102.99,154.0,7000.0,7000.0,Siemens,Siemens,SWT-7.0-154,SWT-7.0-154,1.0,EMODnet + OSM +thewindpower.net,2019.0
2.0601344,53.8784983,2019-01-01,GB,1.0,104.35,154.0,7000.0,7000.0,Siemens,Siemens,SWT-7.0-154,SWT-7.0-154,1.0,EMODnet + OSM +thewindpower.net,2019.0
2.1458019,53.8914106,2019-01-01,GB,1.0,106.7,154.0,7000.0,7000.0,Siemens,Siemens,SWT-7.0-154,SWT-7.0-154,1.0,EMODnet + OSM +thewindpower.net,2019.0
2.1152472,53.9192106,2019-01-01,GB,1.0,106.7,154.0,7000.0,7000.0,Siemens,Siemens,SWT-7.0-154,SWT-7.0-154,1.0,EMODnet + OSM +thewindpower.net,2019.0
2.0792328,53.9520814,2019-01-01,GB,1.0,106.7,154.0,7000.0,7000.0,Siemens,Siemens,SWT-7.0-154,SWT-7.0-154,1.0,EMODnet + OSM +thewindpower.net,2019.0
2.0911328,53.9412272,2019-01-01,GB,1.0,106.7,154.0,7000.0,7000.0,Siemens,Siemens,SWT-7.0-154,SWT-7.0-154,1.0,EMODnet + OSM +thewindpower.net,2019.0
-1.1194421,54.6502208,2013-08-01,GB,1.0,80.0,93.0,2300.0,2300.0,Siemens,Siemens,SWT-2.3-93,SWT-2.3-93,1.0,EMODnet + OSM +thewindpower.net,2013.0
-1.1152223,54.6483527,2013-08-01,GB,1.0,80.0,93.0,2300.0,2300.0,Siemens,Siemens,SWT-2.3-93,SWT-2.3-93,1.0,EMODnet + OSM +thewindpower.net,2013.0
-1.1110619,54.6465035,2013-08-01,GB,1.0,80.0,93.0,2300.0,2300.0,Siemens,Siemens,SWT-2.3-93,SWT-2.3-93,1.0,EMODnet + OSM +thewindpower.net,2013.0
-1.1068459,54.6446062,2013-08-01,GB,1.0,80.0,93.0,2300.0,2300.0,Siemens,Siemens,SWT-2.3-93,SWT-2.3-93,1.0,EMODnet + OSM +thewindpower.net,2013.0
-1.1028214,54.6427519,2013-08-01,GB,1.0,80.0,93.0,2300.0,2300.0,Siemens,Siemens,SWT-2.3-93,SWT-2.3-93,1.0,EMODnet + OSM +thewindpower.net,2013.0
-1.098711,54.640859,2013-08-01,GB,1.0,80.0,93.0,2300.0,2300.0,Siemens,Siemens,SWT-2.3-93,SWT-2.3-93,1.0,EMODnet + OSM +thewindpower.net,2013.0
-1.0944862,54.638988,2013-08-01,GB,1.0,80.0,93.0,2300.0,2300.0,Siemens,Siemens,SWT-2.3-93,SWT-2.3-93,1.0,EMODnet + OSM +thewindpower.net,2013.0
-1.0903473,54.637117,2013-08-01,GB,1.0,80.0,93.0,2300.0,2300.0,Siemens,Siemens,SWT-2.3-93,SWT-2.3-93,1.0,EMODnet + OSM +thewindpower.net,2013.0
-1.0862083,54.6352624,2013-08-01,GB,1.0,80.0,93.0,2300.0,2300.0,Siemens,Siemens,SWT-2.3-93,SWT-2.3-93,1.0,EMODnet + OSM +thewindpower.net,2013.0
-1.0787507,54.6382616,2013-08-01,GB,1.0,80.0,93.0,2300.0,2300.0,Siemens,Siemens,SWT-2.3-93,SWT-2.3-93,1.0,EMODnet + OSM +thewindpower.net,2013.0
-1.0828896,54.6401161,2013-08-01,GB,1.0,80.0,93.0,2300.0,2300.0,Siemens,Siemens,SWT-2.3-93,SWT-2.3-93,1.0,EMODnet + OSM +thewindpower.net,2013.0
-1.0870286,54.641998,2013-08-01,GB,1.0,80.0,93.0,2300.0,2300.0,Siemens,Siemens,SWT-2.3-93,SWT-2.3-93,1.0,EMODnet + OSM +thewindpower.net,2013.0
-1.091158,54.6438743,2013-08-01,GB,1.0,80.0,93.0,2300.0,2300.0,Siemens,Siemens,SWT-2.3-93,SWT-2.3-93,1.0,EMODnet + OSM +thewindpower.net,2013.0
-1.095312,54.6457324,2013-08-01,GB,1.0,80.0,93.0,2300.0,2300.0,Siemens,Siemens,SWT-2.3-93,SWT-2.3-93,1.0,EMODnet + OSM +thewindpower.net,2013.0
-1.0994365,54.6475674,2013-08-01,GB,1.0,80.0,93.0,2300.0,2300.0,Siemens,Siemens,SWT-2.3-93,SWT-2.3-93,1.0,EMODnet + OSM +thewindpower.net,2013.0
-1.1035795,54.6494901,2013-08-01,GB,1.0,80.0,93.0,2300.0,2300.0,Siemens,Siemens,SWT-2.3-93,SWT-2.3-93,1.0,EMODnet + OSM +thewindpower.net,2013.0
-1.1078265,54.6513685,2013-08-01,GB,1.0,80.0,93.0,2300.0,2300.0,Siemens,Siemens,SWT-2.3-93,SWT-2.3-93,1.0,EMODnet + OSM +thewindpower.net,2013.0
-1.1121425,54.6531248,2013-08-01,GB,1.0,80.0,93.0,2300.0,2300.0,Siemens,Siemens,SWT-2.3-93,SWT-2.3-93,1.0,EMODnet + OSM +thewindpower.net,2013.0
-1.1006119,54.6544735,2013-08-01,GB,1.0,80.0,93.0,2300.0,2300.0,Siemens,Siemens,SWT-2.3-93,SWT-2.3-93,1.0,EMODnet + OSM +thewindpower.net,2013.0
-1.0968163,54.6527356,2013-08-01,GB,1.0,80.0,93.0,2300.0,2300.0,Siemens,Siemens,SWT-2.3-93,SWT-2.3-93,1.0,EMODnet + OSM +thewindpower.net,2013.0
-1.0923436,54.6507328,2013-08-01,GB,1.0,80.0,93.0,2300.0,2300.0,Siemens,Siemens,SWT-2.3-93,SWT-2.3-93,1.0,EMODnet + OSM +thewindpower.net,2013.0
-1.0882714,54.6489561,2013-08-01,GB,1.0,80.0,93.0,2300.0,2300.0,Siemens,Siemens,SWT-2.3-93,SWT-2.3-93,1.0,EMODnet + OSM +thewindpower.net,2013.0
-1.0841133,54.6470414,2013-08-01,GB,1.0,80.0,93.0,2300.0,2300.0,Siemens,Siemens,SWT-2.3-93,SWT-2.3-93,1.0,EMODnet + OSM +thewindpower.net,2013.0
-1.0799839,54.6452038,2013-08-01,GB,1.0,80.0,93.0,2300.0,2300.0,Siemens,Siemens,SWT-2.3-93,SWT-2.3-93,1.0,EMODnet + OSM +thewindpower.net,2013.0
-1.0758927,54.6432779,2013-08-01,GB,1.0,80.0,93.0,2300.0,2300.0,Siemens,Siemens,SWT-2.3-93,SWT-2.3-93,1.0,EMODnet + OSM +thewindpower.net,2013.0
-1.0716965,54.6414401,2013-08-01,GB,1.0,80.0,93.0,2300.0,2300.0,Siemens,Siemens,SWT-2.3-93,SWT-2.3-93,1.0,EMODnet + OSM +thewindpower.net,2013.0
-1.0676184,54.6395952,2013-08-01,GB,1.0,80.0,93.0,2300.0,2300.0,Siemens,Siemens,SWT-2.3-93,SWT-2.3-93,1.0,EMODnet + OSM +thewindpower.net,2013.0
4.435541,52.579553,2006-10-01,NL,1.0,70.0,90.0,3000.0,3000.0,Vestas Wind Systems A/S,Vestas Wind Systems A/S,V90/3000,V90/3000,1.0,EMODnet + OSM +thewindpower.net,2006.0
4.3667778,52.6274167,2006-10-01,NL,1.0,70.0,90.0,3000.0,3000.0,Vestas Wind Systems A/S,Vestas Wind Systems A/S,V90/3000,V90/3000,1.0,EMODnet + OSM +thewindpower.net,2006.0
4.3729167,52.6229722,2006-10-01,NL,1.0,70.0,90.0,3000.0,3000.0,Vestas Wind Systems A/S,Vestas Wind Systems A/S,V90/3000,V90/3000,1.0,EMODnet + OSM +thewindpower.net,2006.0
4.3791667,52.6186111,2006-10-01,NL,1.0,70.0,90.0,3000.0,3000.0,Vestas Wind Systems A/S,Vestas Wind Systems A/S,V90/3000,V90/3000,1.0,EMODnet + OSM +thewindpower.net,2006.0
4.3851944,52.6141389,2006-10-01,NL,1.0,70.0,90.0,3000.0,3000.0,Vestas Wind Systems A/S,Vestas Wind Systems A/S,V90/3000,V90/3000,1.0,EMODnet + OSM +thewindpower.net,2006.0
4.3913333,52.6097222,2006-10-01,NL,1.0,70.0,90.0,3000.0,3000.0,Vestas Wind Systems A/S,Vestas Wind Systems A/S,V90/3000,V90/3000,1.0,EMODnet + OSM +thewindpower.net,2006.0
4.4486389,52.5961944,2006-10-01,NL,1.0,70.0,90.0,3000.0,3000.0,Vestas Wind Systems A/S,Vestas Wind Systems A/S,V90/3000,V90/3000,1.0,EMODnet + OSM +thewindpower.net,2006.0
4.4548333,52.5917778,2006-10-01,NL,1.0,70.0,90.0,3000.0,3000.0,Vestas Wind Systems A/S,Vestas Wind Systems A/S,V90/3000,V90/3000,1.0,EMODnet + OSM +thewindpower.net,2006.0
4.421,52.60225,2006-10-01,NL,1.0,70.0,90.0,3000.0,3000.0,Vestas Wind Systems A/S,Vestas Wind Systems A/S,V90/3000,V90/3000,1.0,EMODnet + OSM +thewindpower.net,2006.0
4.4491944,52.5819167,2006-10-01,NL,1.0,70.0,90.0,3000.0,3000.0,Vestas Wind Systems A/S,Vestas Wind Systems A/S,V90/3000,V90/3000,1.0,EMODnet + OSM +thewindpower.net,2006.0
4.4430833,52.5863333,2006-10-01,NL,1.0,70.0,90.0,3000.0,3000.0,Vestas Wind Systems A/S,Vestas Wind Systems A/S,V90/3000,V90/3000,1.0,EMODnet + OSM +thewindpower.net,2006.0
4.4369444,52.59075,2006-10-01,NL,1.0,70.0,90.0,3000.0,3000.0,Vestas Wind Systems A/S,Vestas Wind Systems A/S,V90/3000,V90/3000,1.0,EMODnet + OSM +thewindpower.net,2006.0
4.4308333,52.5951667,2006-10-01,NL,1.0,70.0,90.0,3000.0,3000.0,Vestas Wind Systems A/S,Vestas Wind Systems A/S,V90/3000,V90/3000,1.0,EMODnet + OSM +thewindpower.net,2006.0
4.4036944,52.6008056,2006-10-01,NL,1.0,70.0,90.0,3000.0,3000.0,Vestas Wind Systems A/S,Vestas Wind Systems A/S,V90/3000,V90/3000,1.0,EMODnet + OSM +thewindpower.net,2006.0
4.4098333,52.5963889,2006-10-01,NL,1.0,70.0,90.0,3000.0,3000.0,Vestas Wind Systems A/S,Vestas Wind Systems A/S,V90/3000,V90/3000,1.0,EMODnet + OSM +thewindpower.net,2006.0
4.4159444,52.5919722,2006-10-01,NL,1.0,70.0,90.0,3000.0,3000.0,Vestas Wind Systems A/S,Vestas Wind Systems A/S,V90/3000,V90/3000,1.0,EMODnet + OSM +thewindpower.net,2006.0
4.4220833,52.5875278,2006-10-01,NL,1.0,70.0,90.0,3000.0,3000.0,Vestas Wind Systems A/S,Vestas Wind Systems A/S,V90/3000,V90/3000,1.0,EMODnet + OSM +thewindpower.net,2006.0
4.4281111,52.5831944,2006-10-01,NL,1.0,70.0,90.0,3000.0,3000.0,Vestas Wind Systems A/S,Vestas Wind Systems A/S,V90/3000,V90/3000,1.0,EMODnet + OSM +thewindpower.net,2006.0
4.4598889,52.602,2006-10-01,NL,1.0,70.0,90.0,3000.0,3000.0,Vestas Wind Systems A/S,Vestas Wind Systems A/S,V90/3000,V90/3000,1.0,EMODnet + OSM +thewindpower.net,2006.0
4.4425278,52.6006667,2006-10-01,NL,1.0,70.0,90.0,3000.0,3000.0,Vestas Wind Systems A/S,Vestas Wind Systems A/S,V90/3000,V90/3000,1.0,EMODnet + OSM +thewindpower.net,2006.0
4.3964722,52.6199444,2006-10-01,NL,1.0,70.0,90.0,3000.0,3000.0,Vestas Wind Systems A/S,Vestas Wind Systems A/S,V90/3000,V90/3000,1.0,EMODnet + OSM +thewindpower.net,2006.0
4.4148889,52.6066667,2006-10-01,NL,1.0,70.0,90.0,3000.0,3000.0,Vestas Wind Systems A/S,Vestas Wind Systems A/S,V90/3000,V90/3000,1.0,EMODnet + OSM +thewindpower.net,2006.0
4.40875,52.6110833,2006-10-01,NL,1.0,70.0,90.0,3000.0,3000.0,Vestas Wind Systems A/S,Vestas Wind Systems A/S,V90/3000,V90/3000,1.0,EMODnet + OSM +thewindpower.net,2006.0
4.4026111,52.6155278,2006-10-01,NL,1.0,70.0,90.0,3000.0,3000.0,Vestas Wind Systems A/S,Vestas Wind Systems A/S,V90/3000,V90/3000,1.0,EMODnet + OSM +thewindpower.net,2006.0
4.4444444,52.6132222,2006-10-01,NL,1.0,70.0,90.0,3000.0,3000.0,Vestas Wind Systems A/S,Vestas Wind Systems A/S,V90/3000,V90/3000,1.0,EMODnet + OSM +thewindpower.net,2006.0
4.3974722,52.6053056,2006-10-01,NL,1.0,70.0,90.0,3000.0,3000.0,Vestas Wind Systems A/S,Vestas Wind Systems A/S,V90/3000,V90/3000,1.0,EMODnet + OSM +thewindpower.net,2006.0
4.4313056,52.6226944,2006-10-01,NL,1.0,70.0,90.0,3000.0,3000.0,Vestas Wind Systems A/S,Vestas Wind Systems A/S,V90/3000,V90/3000,1.0,EMODnet + OSM +thewindpower.net,2006.0
4.4374444,52.6182778,2006-10-01,NL,1.0,70.0,90.0,3000.0,3000.0,Vestas Wind Systems A/S,Vestas Wind Systems A/S,V90/3000,V90/3000,1.0,EMODnet + OSM +thewindpower.net,2006.0
4.4138889,52.6213056,2006-10-01,NL,1.0,70.0,90.0,3000.0,3000.0,Vestas Wind Systems A/S,Vestas Wind Systems A/S,V90/3000,V90/3000,1.0,EMODnet + OSM +thewindpower.net,2006.0
4.4330556,52.6075,2006-10-01,NL,1.0,70.0,90.0,3000.0,3000.0,Vestas Wind Systems A/S,Vestas Wind Systems A/S,V90/3000,V90/3000,1.0,EMODnet + OSM +thewindpower.net,2006.0
4.4261667,52.6124722,2006-10-01,NL,1.0,70.0,90.0,3000.0,3000.0,Vestas Wind Systems A/S,Vestas Wind Systems A/S,V90/3000,V90/3000,1.0,EMODnet + OSM +thewindpower.net,2006.0
4.4200278,52.6168889,2006-10-01,NL,1.0,70.0,90.0,3000.0,3000.0,Vestas Wind Systems A/S,Vestas Wind Systems A/S,V90/3000,V90/3000,1.0,EMODnet + OSM +thewindpower.net,2006.0
4.4251944,52.6271111,2006-10-01,NL,1.0,70.0,90.0,3000.0,3000.0,Vestas Wind Systems A/S,Vestas Wind Systems A/S,V90/3000,V90/3000,1.0,EMODnet + OSM +thewindpower.net,2006.0
4.4190556,52.6315278,2006-10-01,NL,1.0,70.0,90.0,3000.0,3000.0,Vestas Wind Systems A/S,Vestas Wind Systems A/S,V90/3000,V90/3000,1.0,EMODnet + OSM +thewindpower.net,2006.0
4.40775,52.62575,2006-10-01,NL,1.0,70.0,90.0,3000.0,3000.0,Vestas Wind Systems A/S,Vestas Wind Systems A/S,V90/3000,V90/3000,1.0,EMODnet + OSM +thewindpower.net,2006.0
4.4538056,52.6064722,2006-10-01,NL,1.0,70.0,90.0,3000.0,3000.0,Vestas Wind Systems A/S,Vestas Wind Systems A/S,V90/3000,V90/3000,1.0,EMODnet + OSM +thewindpower.net,2006.0
4.2407959,52.6045919,2008-03-01,NL,1.0,59.0,80.0,2000.0,2000.0,Vestas Wind Systems A/S,Vestas Wind Systems A/S,V80/2000,V80/2000,1.0,EMODnet + OSM +thewindpower.net,2008.0
4.2328783,52.5973213,2008-03-01,NL,1.0,59.0,80.0,2000.0,2000.0,Vestas Wind Systems A/S,Vestas Wind Systems A/S,V80/2000,V80/2000,1.0,EMODnet + OSM +thewindpower.net,2008.0
4.2105471,52.573493,2008-03-01,NL,1.0,59.0,80.0,2000.0,2000.0,Vestas Wind Systems A/S,Vestas Wind Systems A/S,V80/2000,V80/2000,1.0,EMODnet + OSM +thewindpower.net,2008.0
4.2124302,52.6053721,2008-03-01,NL,1.0,59.0,80.0,2000.0,2000.0,Vestas Wind Systems A/S,Vestas Wind Systems A/S,V80/2000,V80/2000,1.0,EMODnet + OSM +thewindpower.net,2008.0
4.2260728,52.5999992,2008-03-01,NL,1.0,59.0,80.0,2000.0,2000.0,Vestas Wind Systems A/S,Vestas Wind Systems A/S,V80/2000,V80/2000,1.0,EMODnet + OSM +thewindpower.net,2008.0
4.2192519,52.6026859,2008-03-01,NL,1.0,59.0,80.0,2000.0,2000.0,Vestas Wind Systems A/S,Vestas Wind Systems A/S,V80/2000,V80/2000,1.0,EMODnet + OSM +thewindpower.net,2008.0
4.1887687,52.5801239,2008-03-01,NL,1.0,59.0,80.0,2000.0,2000.0,Vestas Wind Systems A/S,Vestas Wind Systems A/S,V80/2000,V80/2000,1.0,EMODnet + OSM +thewindpower.net,2008.0
4.2317869,52.5715658,2008-03-01,NL,1.0,59.0,80.0,2000.0,2000.0,Vestas Wind Systems A/S,Vestas Wind Systems A/S,V80/2000,V80/2000,1.0,EMODnet + OSM +thewindpower.net,2008.0
4.2032882,52.5756978,2008-03-01,NL,1.0,59.0,80.0,2000.0,2000.0,Vestas Wind Systems A/S,Vestas Wind Systems A/S,V80/2000,V80/2000,1.0,EMODnet + OSM +thewindpower.net,2008.0
4.1960288,52.5779111,2008-03-01,NL,1.0,59.0,80.0,2000.0,2000.0,Vestas Wind Systems A/S,Vestas Wind Systems A/S,V80/2000,V80/2000,1.0,EMODnet + OSM +thewindpower.net,2008.0
4.2101962,52.5784324,2008-03-01,NL,1.0,59.0,80.0,2000.0,2000.0,Vestas Wind Systems A/S,Vestas Wind Systems A/S,V80/2000,V80/2000,1.0,EMODnet + OSM +thewindpower.net,2008.0
4.2030124,52.5807173,2008-03-01,NL,1.0,59.0,80.0,2000.0,2000.0,Vestas Wind Systems A/S,Vestas Wind Systems A/S,V80/2000,V80/2000,1.0,EMODnet + OSM +thewindpower.net,2008.0
4.2245906,52.5738521,2008-03-01,NL,1.0,59.0,80.0,2000.0,2000.0,Vestas Wind Systems A/S,Vestas Wind Systems A/S,V80/2000,V80/2000,1.0,EMODnet + OSM +thewindpower.net,2008.0
4.2173939,52.576147,2008-03-01,NL,1.0,59.0,80.0,2000.0,2000.0,Vestas Wind Systems A/S,Vestas Wind Systems A/S,V80/2000,V80/2000,1.0,EMODnet + OSM +thewindpower.net,2008.0
4.2469219,52.5968866,2008-03-01,NL,1.0,59.0,80.0,2000.0,2000.0,Vestas Wind Systems A/S,Vestas Wind Systems A/S,V80/2000,V80/2000,1.0,EMODnet + OSM +thewindpower.net,2008.0
4.2458406,52.5717783,2008-03-01,NL,1.0,59.0,80.0,2000.0,2000.0,Vestas Wind Systems A/S,Vestas Wind Systems A/S,V80/2000,V80/2000,1.0,EMODnet + OSM +thewindpower.net,2008.0
4.1958132,52.5830019,2008-03-01,NL,1.0,59.0,80.0,2000.0,2000.0,Vestas Wind Systems A/S,Vestas Wind Systems A/S,V80/2000,V80/2000,1.0,EMODnet + OSM +thewindpower.net,2008.0
4.1886132,52.585286,2008-03-01,NL,1.0,59.0,80.0,2000.0,2000.0,Vestas Wind Systems A/S,Vestas Wind Systems A/S,V80/2000,V80/2000,1.0,EMODnet + OSM +thewindpower.net,2008.0
4.2244651,52.5788791,2008-03-01,NL,1.0,59.0,80.0,2000.0,2000.0,Vestas Wind Systems A/S,Vestas Wind Systems A/S,V80/2000,V80/2000,1.0,EMODnet + OSM +thewindpower.net,2008.0
4.2173433,52.5812451,2008-03-01,NL,1.0,59.0,80.0,2000.0,2000.0,Vestas Wind Systems A/S,Vestas Wind Systems A/S,V80/2000,V80/2000,1.0,EMODnet + OSM +thewindpower.net,2008.0
4.2387064,52.5741458,2008-03-01,NL,1.0,59.0,80.0,2000.0,2000.0,Vestas Wind Systems A/S,Vestas Wind Systems A/S,V80/2000,V80/2000,1.0,EMODnet + OSM +thewindpower.net,2008.0
4.2315861,52.5765127,2008-03-01,NL,1.0,59.0,80.0,2000.0,2000.0,Vestas Wind Systems A/S,Vestas Wind Systems A/S,V80/2000,V80/2000,1.0,EMODnet + OSM +thewindpower.net,2008.0
4.1959585,52.5883408,2008-03-01,NL,1.0,59.0,80.0,2000.0,2000.0,Vestas Wind Systems A/S,Vestas Wind Systems A/S,V80/2000,V80/2000,1.0,EMODnet + OSM +thewindpower.net,2008.0
4.1888189,52.5907052,2008-03-01,NL,1.0,59.0,80.0,2000.0,2000.0,Vestas Wind Systems A/S,Vestas Wind Systems A/S,V80/2000,V80/2000,1.0,EMODnet + OSM +thewindpower.net,2008.0
4.210206,52.5836109,2008-03-01,NL,1.0,59.0,80.0,2000.0,2000.0,Vestas Wind Systems A/S,Vestas Wind Systems A/S,V80/2000,V80/2000,1.0,EMODnet + OSM +thewindpower.net,2008.0
4.2030826,52.585976,2008-03-01,NL,1.0,59.0,80.0,2000.0,2000.0,Vestas Wind Systems A/S,Vestas Wind Systems A/S,V80/2000,V80/2000,1.0,EMODnet + OSM +thewindpower.net,2008.0
4.2457889,52.5767237,2008-03-01,NL,1.0,59.0,80.0,2000.0,2000.0,Vestas Wind Systems A/S,Vestas Wind Systems A/S,V80/2000,V80/2000,1.0,EMODnet + OSM +thewindpower.net,2008.0
4.2387447,52.5791711,2008-03-01,NL,1.0,59.0,80.0,2000.0,2000.0,Vestas Wind Systems A/S,Vestas Wind Systems A/S,V80/2000,V80/2000,1.0,EMODnet + OSM +thewindpower.net,2008.0
4.2528471,52.5742757,2008-03-01,NL,1.0,59.0,80.0,2000.0,2000.0,Vestas Wind Systems A/S,Vestas Wind Systems A/S,V80/2000,V80/2000,1.0,EMODnet + OSM +thewindpower.net,2008.0
4.2401934,52.5996454,2008-03-01,NL,1.0,59.0,80.0,2000.0,2000.0,Vestas Wind Systems A/S,Vestas Wind Systems A/S,V80/2000,V80/2000,1.0,EMODnet + OSM +thewindpower.net,2008.0
4.2175925,52.586511,2008-03-01,NL,1.0,59.0,80.0,2000.0,2000.0,Vestas Wind Systems A/S,Vestas Wind Systems A/S,V80/2000,V80/2000,1.0,EMODnet + OSM +thewindpower.net,2008.0
4.2105304,52.5889569,2008-03-01,NL,1.0,59.0,80.0,2000.0,2000.0,Vestas Wind Systems A/S,Vestas Wind Systems A/S,V80/2000,V80/2000,1.0,EMODnet + OSM +thewindpower.net,2008.0
4.2316849,52.5816183,2008-03-01,NL,1.0,59.0,80.0,2000.0,2000.0,Vestas Wind Systems A/S,Vestas Wind Systems A/S,V80/2000,V80/2000,1.0,EMODnet + OSM +thewindpower.net,2008.0
4.2246391,52.5840648,2008-03-01,NL,1.0,59.0,80.0,2000.0,2000.0,Vestas Wind Systems A/S,Vestas Wind Systems A/S,V80/2000,V80/2000,1.0,EMODnet + OSM +thewindpower.net,2008.0
4.252796,52.5792121,2008-03-01,NL,1.0,59.0,80.0,2000.0,2000.0,Vestas Wind Systems A/S,Vestas Wind Systems A/S,V80/2000,V80/2000,1.0,EMODnet + OSM +thewindpower.net,2008.0
4.2458278,52.58174,2008-03-01,NL,1.0,59.0,80.0,2000.0,2000.0,Vestas Wind Systems A/S,Vestas Wind Systems A/S,V80/2000,V80/2000,1.0,EMODnet + OSM +thewindpower.net,2008.0
4.2034822,52.5914022,2008-03-01,NL,1.0,59.0,80.0,2000.0,2000.0,Vestas Wind Systems A/S,Vestas Wind Systems A/S,V80/2000,V80/2000,1.0,EMODnet + OSM +thewindpower.net,2008.0
4.1964333,52.5938472,2008-03-01,NL,1.0,59.0,80.0,2000.0,2000.0,Vestas Wind Systems A/S,Vestas Wind Systems A/S,V80/2000,V80/2000,1.0,EMODnet + OSM +thewindpower.net,2008.0
4.2318746,52.5868038,2008-03-01,NL,1.0,59.0,80.0,2000.0,2000.0,Vestas Wind Systems A/S,Vestas Wind Systems A/S,V80/2000,V80/2000,1.0,EMODnet + OSM +thewindpower.net,2008.0
4.224904,52.5893306,2008-03-01,NL,1.0,59.0,80.0,2000.0,2000.0,Vestas Wind Systems A/S,Vestas Wind Systems A/S,V80/2000,V80/2000,1.0,EMODnet + OSM +thewindpower.net,2008.0
4.2334493,52.602404,2008-03-01,NL,1.0,59.0,80.0,2000.0,2000.0,Vestas Wind Systems A/S,Vestas Wind Systems A/S,V80/2000,V80/2000,1.0,EMODnet + OSM +thewindpower.net,2008.0
4.2388444,52.5842767,2008-03-01,NL,1.0,59.0,80.0,2000.0,2000.0,Vestas Wind Systems A/S,Vestas Wind Systems A/S,V80/2000,V80/2000,1.0,EMODnet + OSM +thewindpower.net,2008.0
4.2039577,52.5968996,2008-03-01,NL,1.0,59.0,80.0,2000.0,2000.0,Vestas Wind Systems A/S,Vestas Wind Systems A/S,V80/2000,V80/2000,1.0,EMODnet + OSM +thewindpower.net,2008.0
4.1969841,52.5994337,2008-03-01,NL,1.0,59.0,80.0,2000.0,2000.0,Vestas Wind Systems A/S,Vestas Wind Systems A/S,V80/2000,V80/2000,1.0,EMODnet + OSM +thewindpower.net,2008.0
4.2179179,52.591857,2008-03-01,NL,1.0,59.0,80.0,2000.0,2000.0,Vestas Wind Systems A/S,Vestas Wind Systems A/S,V80/2000,V80/2000,1.0,EMODnet + OSM +thewindpower.net,2008.0
4.2109605,52.5943828,2008-03-01,NL,1.0,59.0,80.0,2000.0,2000.0,Vestas Wind Systems A/S,Vestas Wind Systems A/S,V80/2000,V80/2000,1.0,EMODnet + OSM +thewindpower.net,2008.0
4.2460907,52.5868439,2008-03-01,NL,1.0,59.0,80.0,2000.0,2000.0,Vestas Wind Systems A/S,Vestas Wind Systems A/S,V80/2000,V80/2000,1.0,EMODnet + OSM +thewindpower.net,2008.0
4.2267191,52.6051621,2008-03-01,NL,1.0,59.0,80.0,2000.0,2000.0,Vestas Wind Systems A/S,Vestas Wind Systems A/S,V80/2000,V80/2000,1.0,EMODnet + OSM +thewindpower.net,2008.0
4.2598756,52.5816274,2008-03-01,NL,1.0,59.0,80.0,2000.0,2000.0,Vestas Wind Systems A/S,Vestas Wind Systems A/S,V80/2000,V80/2000,1.0,EMODnet + OSM +thewindpower.net,2008.0
4.2529835,52.5842358,2008-03-01,NL,1.0,59.0,80.0,2000.0,2000.0,Vestas Wind Systems A/S,Vestas Wind Systems A/S,V80/2000,V80/2000,1.0,EMODnet + OSM +thewindpower.net,2008.0
4.2254074,52.5946747,2008-03-01,NL,1.0,59.0,80.0,2000.0,2000.0,Vestas Wind Systems A/S,Vestas Wind Systems A/S,V80/2000,V80/2000,1.0,EMODnet + OSM +thewindpower.net,2008.0
4.2184965,52.5972813,2008-03-01,NL,1.0,59.0,80.0,2000.0,2000.0,Vestas Wind Systems A/S,Vestas Wind Systems A/S,V80/2000,V80/2000,1.0,EMODnet + OSM +thewindpower.net,2008.0
4.239197,52.5894516,2008-03-01,NL,1.0,59.0,80.0,2000.0,2000.0,Vestas Wind Systems A/S,Vestas Wind Systems A/S,V80/2000,V80/2000,1.0,EMODnet + OSM +thewindpower.net,2008.0
4.2323027,52.5920678,2008-03-01,NL,1.0,59.0,80.0,2000.0,2000.0,Vestas Wind Systems A/S,Vestas Wind Systems A/S,V80/2000,V80/2000,1.0,EMODnet + OSM +thewindpower.net,2008.0
4.2601502,52.5865692,2008-03-01,NL,1.0,59.0,80.0,2000.0,2000.0,Vestas Wind Systems A/S,Vestas Wind Systems A/S,V80/2000,V80/2000,1.0,EMODnet + OSM +thewindpower.net,2008.0
4.2533335,52.5892578,2008-03-01,NL,1.0,59.0,80.0,2000.0,2000.0,Vestas Wind Systems A/S,Vestas Wind Systems A/S,V80/2000,V80/2000,1.0,EMODnet + OSM +thewindpower.net,2008.0
4.2115995,52.5998874,2008-03-01,NL,1.0,59.0,80.0,2000.0,2000.0,Vestas Wind Systems A/S,Vestas Wind Systems A/S,V80/2000,V80/2000,1.0,EMODnet + OSM +thewindpower.net,2008.0
4.2047017,52.6024931,2008-03-01,NL,1.0,59.0,80.0,2000.0,2000.0,Vestas Wind Systems A/S,Vestas Wind Systems A/S,V80/2000,V80/2000,1.0,EMODnet + OSM +thewindpower.net,2008.0
4.2465157,52.5919371,2008-03-01,NL,1.0,59.0,80.0,2000.0,2000.0,Vestas Wind Systems A/S,Vestas Wind Systems A/S,V80/2000,V80/2000,1.0,EMODnet + OSM +thewindpower.net,2008.0
4.2396976,52.5946339,2008-03-01,NL,1.0,59.0,80.0,2000.0,2000.0,Vestas Wind Systems A/S,Vestas Wind Systems A/S,V80/2000,V80/2000,1.0,EMODnet + OSM +thewindpower.net,2008.0
1.9286013,51.8682011,2012-09-01,GB,1.0,78.0,107.0,3600.0,3600.0,Siemens,Siemens,SWT-3.6-107,SWT-3.6-107,1.0,EMODnet + OSM +thewindpower.net,2012.0
1.943007,51.8717292,2012-09-01,GB,1.0,78.0,107.0,3600.0,3600.0,Siemens,Siemens,SWT-3.6-107,SWT-3.6-107,1.0,EMODnet + OSM +thewindpower.net,2012.0
1.9577346,51.8759029,2012-09-01,GB,1.0,78.0,107.0,3600.0,3600.0,Siemens,Siemens,SWT-3.6-107,SWT-3.6-107,1.0,EMODnet + OSM +thewindpower.net,2012.0
1.9390635,51.8795298,2012-09-01,GB,1.0,78.0,107.0,3600.0,3600.0,Siemens,Siemens,SWT-3.6-107,SWT-3.6-107,1.0,EMODnet + OSM +thewindpower.net,2012.0
1.9718184,51.8801259,2012-09-01,GB,1.0,78.0,107.0,3600.0,3600.0,Siemens,Siemens,SWT-3.6-107,SWT-3.6-107,1.0,EMODnet + OSM +thewindpower.net,2012.0
1.9531473,51.8841498,2012-09-01,GB,1.0,78.0,107.0,3600.0,3600.0,Siemens,Siemens,SWT-3.6-107,SWT-3.6-107,1.0,EMODnet + OSM +thewindpower.net,2012.0
1.9864655,51.8842989,2012-09-01,GB,1.0,78.0,107.0,3600.0,3600.0,Siemens,Siemens,SWT-3.6-107,SWT-3.6-107,1.0,EMODnet + OSM +thewindpower.net,2012.0
1.9286818,51.8865342,2012-09-01,GB,1.0,78.0,107.0,3600.0,3600.0,Siemens,Siemens,SWT-3.6-107,SWT-3.6-107,1.0,EMODnet + OSM +thewindpower.net,2012.0
1.9683402,51.8879016,2012-09-01,GB,1.0,78.0,107.0,3600.0,3600.0,Siemens,Siemens,SWT-3.6-107,SWT-3.6-107,1.0,EMODnet + OSM +thewindpower.net,2012.0
1.9986982,51.8884714,2012-09-01,GB,1.0,78.0,107.0,3600.0,3600.0,Siemens,Siemens,SWT-3.6-107,SWT-3.6-107,1.0,EMODnet + OSM +thewindpower.net,2012.0
1.9434149,51.8901143,2012-09-01,GB,1.0,78.0,107.0,3600.0,3600.0,Siemens,Siemens,SWT-3.6-107,SWT-3.6-107,1.0,EMODnet + OSM +thewindpower.net,2012.0
1.9838758,51.8922216,2012-09-01,GB,1.0,78.0,107.0,3600.0,3600.0,Siemens,Siemens,SWT-3.6-107,SWT-3.6-107,1.0,EMODnet + OSM +thewindpower.net,2012.0
1.9582677,51.8931698,2012-09-01,GB,1.0,78.0,107.0,3600.0,3600.0,Siemens,Siemens,SWT-3.6-107,SWT-3.6-107,1.0,EMODnet + OSM +thewindpower.net,2012.0
1.9338546,51.8953822,2012-09-01,GB,1.0,78.0,107.0,3600.0,3600.0,Siemens,Siemens,SWT-3.6-107,SWT-3.6-107,1.0,EMODnet + OSM +thewindpower.net,2012.0
1.9982958,51.8962194,2012-09-01,GB,1.0,78.0,107.0,3600.0,3600.0,Siemens,Siemens,SWT-3.6-107,SWT-3.6-107,1.0,EMODnet + OSM +thewindpower.net,2012.0
1.9728359,51.8969274,2012-09-01,GB,1.0,78.0,107.0,3600.0,3600.0,Siemens,Siemens,SWT-3.6-107,SWT-3.6-107,1.0,EMODnet + OSM +thewindpower.net,2012.0
1.948878,51.8988236,2012-09-01,GB,1.0,78.0,107.0,3600.0,3600.0,Siemens,Siemens,SWT-3.6-107,SWT-3.6-107,1.0,EMODnet + OSM +thewindpower.net,2012.0
1.9895237,51.9019302,2012-09-01,GB,1.0,78.0,107.0,3600.0,3600.0,Siemens,Siemens,SWT-3.6-107,SWT-3.6-107,1.0,EMODnet + OSM +thewindpower.net,2012.0
1.96356,51.9021242,2012-09-01,GB,1.0,78.0,107.0,3600.0,3600.0,Siemens,Siemens,SWT-3.6-107,SWT-3.6-107,1.0,EMODnet + OSM +thewindpower.net,2012.0
1.9391469,51.9043362,2012-09-01,GB,1.0,78.0,107.0,3600.0,3600.0,Siemens,Siemens,SWT-3.6-107,SWT-3.6-107,1.0,EMODnet + OSM +thewindpower.net,2012.0
1.9782989,51.9059162,2012-09-01,GB,1.0,78.0,107.0,3600.0,3600.0,Siemens,Siemens,SWT-3.6-107,SWT-3.6-107,1.0,EMODnet + OSM +thewindpower.net,2012.0
1.9542273,51.9077418,2012-09-01,GB,1.0,78.0,107.0,3600.0,3600.0,Siemens,Siemens,SWT-3.6-107,SWT-3.6-107,1.0,EMODnet + OSM +thewindpower.net,2012.0
1.9299695,51.9099242,2012-09-01,GB,1.0,78.0,107.0,3600.0,3600.0,Siemens,Siemens,SWT-3.6-107,SWT-3.6-107,1.0,EMODnet + OSM +thewindpower.net,2012.0
1.9686248,51.9111822,2012-09-01,GB,1.0,78.0,107.0,3600.0,3600.0,Siemens,Siemens,SWT-3.6-107,SWT-3.6-107,1.0,EMODnet + OSM +thewindpower.net,2012.0
1.9833268,51.9144418,2012-09-01,GB,1.0,78.0,107.0,3600.0,3600.0,Siemens,Siemens,SWT-3.6-107,SWT-3.6-107,1.0,EMODnet + OSM +thewindpower.net,2012.0
1.9593442,51.9166757,2012-09-01,GB,1.0,78.0,107.0,3600.0,3600.0,Siemens,Siemens,SWT-3.6-107,SWT-3.6-107,1.0,EMODnet + OSM +thewindpower.net,2012.0
1.9353615,51.9186116,2012-09-01,GB,1.0,78.0,107.0,3600.0,3600.0,Siemens,Siemens,SWT-3.6-107,SWT-3.6-107,1.0,EMODnet + OSM +thewindpower.net,2012.0
1.9738303,51.9197532,2012-09-01,GB,1.0,78.0,107.0,3600.0,3600.0,Siemens,Siemens,SWT-3.6-107,SWT-3.6-107,1.0,EMODnet + OSM +thewindpower.net,2012.0
1.9499282,51.9222846,2012-09-01,GB,1.0,78.0,107.0,3600.0,3600.0,Siemens,Siemens,SWT-3.6-107,SWT-3.6-107,1.0,EMODnet + OSM +thewindpower.net,2012.0
1.9887189,51.9233269,2012-09-01,GB,1.0,78.0,107.0,3600.0,3600.0,Siemens,Siemens,SWT-3.6-107,SWT-3.6-107,1.0,EMODnet + OSM +thewindpower.net,2012.0
1.9645753,51.9255107,2012-09-01,GB,1.0,78.0,107.0,3600.0,3600.0,Siemens,Siemens,SWT-3.6-107,SWT-3.6-107,1.0,EMODnet + OSM +thewindpower.net,2012.0
1.9403512,51.9275951,2012-09-01,GB,1.0,78.0,107.0,3600.0,3600.0,Siemens,Siemens,SWT-3.6-107,SWT-3.6-107,1.0,EMODnet + OSM +thewindpower.net,2012.0
1.9794638,51.9288358,2012-09-01,GB,1.0,78.0,107.0,3600.0,3600.0,Siemens,Siemens,SWT-3.6-107,SWT-3.6-107,1.0,EMODnet + OSM +thewindpower.net,2012.0
1.9553202,51.9312674,2012-09-01,GB,1.0,78.0,107.0,3600.0,3600.0,Siemens,Siemens,SWT-3.6-107,SWT-3.6-107,1.0,EMODnet + OSM +thewindpower.net,2012.0
1.9941914,51.9320614,2012-09-01,GB,1.0,78.0,107.0,3600.0,3600.0,Siemens,Siemens,SWT-3.6-107,SWT-3.6-107,1.0,EMODnet + OSM +thewindpower.net,2012.0
1.9304523,51.932905,2012-09-01,GB,1.0,78.0,107.0,3600.0,3600.0,Siemens,Siemens,SWT-3.6-107,SWT-3.6-107,1.0,EMODnet + OSM +thewindpower.net,2012.0
1.9703698,51.9343936,2012-09-01,GB,1.0,78.0,107.0,3600.0,3600.0,Siemens,Siemens,SWT-3.6-107,SWT-3.6-107,1.0,EMODnet + OSM +thewindpower.net,2012.0
1.9454214,51.9362791,2012-09-01,GB,1.0,78.0,107.0,3600.0,3600.0,Siemens,Siemens,SWT-3.6-107,SWT-3.6-107,1.0,EMODnet + OSM +thewindpower.net,2012.0
1.984534,51.9376188,2012-09-01,GB,1.0,78.0,107.0,3600.0,3600.0,Siemens,Siemens,SWT-3.6-107,SWT-3.6-107,1.0,EMODnet + OSM +thewindpower.net,2012.0
1.9607123,51.9400499,2012-09-01,GB,1.0,78.0,107.0,3600.0,3600.0,Siemens,Siemens,SWT-3.6-107,SWT-3.6-107,1.0,EMODnet + OSM +thewindpower.net,2012.0
1.9988592,51.9408934,2012-09-01,GB,1.0,78.0,107.0,3600.0,3600.0,Siemens,Siemens,SWT-3.6-107,SWT-3.6-107,1.0,EMODnet + OSM +thewindpower.net,2012.0
1.9360858,51.9419352,2012-09-01,GB,1.0,78.0,107.0,3600.0,3600.0,Siemens,Siemens,SWT-3.6-107,SWT-3.6-107,1.0,EMODnet + OSM +thewindpower.net,2012.0
1.9743937,51.9449614,2012-09-01,GB,1.0,78.0,107.0,3600.0,3600.0,Siemens,Siemens,SWT-3.6-107,SWT-3.6-107,1.0,EMODnet + OSM +thewindpower.net,2012.0
1.9513768,51.9452591,2012-09-01,GB,1.0,78.0,107.0,3600.0,3600.0,Siemens,Siemens,SWT-3.6-107,SWT-3.6-107,1.0,EMODnet + OSM +thewindpower.net,2012.0
1.9651386,51.9503685,2012-09-01,GB,1.0,78.0,107.0,3600.0,3600.0,Siemens,Siemens,SWT-3.6-107,SWT-3.6-107,1.0,EMODnet + OSM +thewindpower.net,2012.0
1.9414779,51.9506165,2012-09-01,GB,1.0,78.0,107.0,3600.0,3600.0,Siemens,Siemens,SWT-3.6-107,SWT-3.6-107,1.0,EMODnet + OSM +thewindpower.net,2012.0
1.9986178,51.9516085,2012-09-01,GB,1.0,78.0,107.0,3600.0,3600.0,Siemens,Siemens,SWT-3.6-107,SWT-3.6-107,1.0,EMODnet + OSM +thewindpower.net,2012.0
1.9849364,51.9524517,2012-09-01,GB,1.0,78.0,107.0,3600.0,3600.0,Siemens,Siemens,SWT-3.6-107,SWT-3.6-107,1.0,EMODnet + OSM +thewindpower.net,2012.0
1.9706112,51.960883,2012-09-01,GB,1.0,78.0,107.0,3600.0,3600.0,Siemens,Siemens,SWT-3.6-107,SWT-3.6-107,1.0,EMODnet + OSM +thewindpower.net,2012.0
1.9987787,51.961478,2012-09-01,GB,1.0,78.0,107.0,3600.0,3600.0,Siemens,Siemens,SWT-3.6-107,SWT-3.6-107,1.0,EMODnet + OSM +thewindpower.net,2012.0
1.9479967,51.9615772,2012-09-01,GB,1.0,78.0,107.0,3600.0,3600.0,Siemens,Siemens,SWT-3.6-107,SWT-3.6-107,1.0,EMODnet + OSM +thewindpower.net,2012.0
1.9854997,51.9640567,2012-09-01,GB,1.0,78.0,107.0,3600.0,3600.0,Siemens,Siemens,SWT-3.6-107,SWT-3.6-107,1.0,EMODnet + OSM +thewindpower.net,2012.0
1.9584589,51.9693126,2012-09-01,GB,1.0,78.0,107.0,3600.0,3600.0,Siemens,Siemens,SWT-3.6-107,SWT-3.6-107,1.0,EMODnet + OSM +thewindpower.net,2012.0
1.9545155,51.9770962,2012-09-01,GB,1.0,78.0,107.0,3600.0,3600.0,Siemens,Siemens,SWT-3.6-107,SWT-3.6-107,1.0,EMODnet + OSM +thewindpower.net,2012.0
1.9908918,51.9771458,2012-09-01,GB,1.0,78.0,107.0,3600.0,3600.0,Siemens,Siemens,SWT-3.6-107,SWT-3.6-107,1.0,EMODnet + OSM +thewindpower.net,2012.0
1.9760837,51.9773441,2012-09-01,GB,1.0,78.0,107.0,3600.0,3600.0,Siemens,Siemens,SWT-3.6-107,SWT-3.6-107,1.0,EMODnet + OSM +thewindpower.net,2012.0
1.9443338,51.7353622,2012-09-01,GB,1.0,78.0,107.0,3600.0,3600.0,Siemens,Siemens,SWT-3.6-107,SWT-3.6-107,1.0,EMODnet + OSM +thewindpower.net,2012.0
1.9608595,51.7415514,2012-09-01,GB,1.0,78.0,107.0,3600.0,3600.0,Siemens,Siemens,SWT-3.6-107,SWT-3.6-107,1.0,EMODnet + OSM +thewindpower.net,2012.0
1.9496775,51.7432057,2012-09-01,GB,1.0,78.0,107.0,3600.0,3600.0,Siemens,Siemens,SWT-3.6-107,SWT-3.6-107,1.0,EMODnet + OSM +thewindpower.net,2012.0
1.934834,51.7465143,2012-09-01,GB,1.0,78.0,107.0,3600.0,3600.0,Siemens,Siemens,SWT-3.6-107,SWT-3.6-107,1.0,EMODnet + OSM +thewindpower.net,2012.0
1.9703594,51.7483524,2012-09-01,GB,1.0,78.0,107.0,3600.0,3600.0,Siemens,Siemens,SWT-3.6-107,SWT-3.6-107,1.0,EMODnet + OSM +thewindpower.net,2012.0
1.955219,51.7509867,2012-09-01,GB,1.0,78.0,107.0,3600.0,3600.0,Siemens,Siemens,SWT-3.6-107,SWT-3.6-107,1.0,EMODnet + OSM +thewindpower.net,2012.0
1.9834216,51.7514155,2012-09-01,GB,1.0,78.0,107.0,3600.0,3600.0,Siemens,Siemens,SWT-3.6-107,SWT-3.6-107,1.0,EMODnet + OSM +thewindpower.net,2012.0
1.9403755,51.7544785,2012-09-01,GB,1.0,78.0,107.0,3600.0,3600.0,Siemens,Siemens,SWT-3.6-107,SWT-3.6-107,1.0,EMODnet + OSM +thewindpower.net,2012.0
1.9966818,51.7555199,2012-09-01,GB,1.0,78.0,107.0,3600.0,3600.0,Siemens,Siemens,SWT-3.6-107,SWT-3.6-107,1.0,EMODnet + OSM +thewindpower.net,2012.0
1.9746145,51.7575413,2012-09-01,GB,1.0,78.0,107.0,3600.0,3600.0,Siemens,Siemens,SWT-3.6-107,SWT-3.6-107,1.0,EMODnet + OSM +thewindpower.net,2012.0
1.9600679,51.7588276,2012-09-01,GB,1.0,78.0,107.0,3600.0,3600.0,Siemens,Siemens,SWT-3.6-107,SWT-3.6-107,1.0,EMODnet + OSM +thewindpower.net,2012.0
1.9865882,51.7596238,2012-09-01,GB,1.0,78.0,107.0,3600.0,3600.0,Siemens,Siemens,SWT-3.6-107,SWT-3.6-107,1.0,EMODnet + OSM +thewindpower.net,2012.0
1.9448286,51.7626862,2012-09-01,GB,1.0,78.0,107.0,3600.0,3600.0,Siemens,Siemens,SWT-3.6-107,SWT-3.6-107,1.0,EMODnet + OSM +thewindpower.net,2012.0
1.9989578,51.7636049,2012-09-01,GB,1.0,78.0,107.0,3600.0,3600.0,Siemens,Siemens,SWT-3.6-107,SWT-3.6-107,1.0,EMODnet + OSM +thewindpower.net,2012.0
1.9785727,51.7646461,2012-09-01,GB,1.0,78.0,107.0,3600.0,3600.0,Siemens,Siemens,SWT-3.6-107,SWT-3.6-107,1.0,EMODnet + OSM +thewindpower.net,2012.0
1.9655105,51.7667283,2012-09-01,GB,1.0,78.0,107.0,3600.0,3600.0,Siemens,Siemens,SWT-3.6-107,SWT-3.6-107,1.0,EMODnet + OSM +thewindpower.net,2012.0
1.99401,51.7700352,2012-09-01,GB,1.0,78.0,107.0,3600.0,3600.0,Siemens,Siemens,SWT-3.6-107,SWT-3.6-107,1.0,EMODnet + OSM +thewindpower.net,2012.0
1.9491827,51.7702801,2012-09-01,GB,1.0,78.0,107.0,3600.0,3600.0,Siemens,Siemens,SWT-3.6-107,SWT-3.6-107,1.0,EMODnet + OSM +thewindpower.net,2012.0
1.9828279,51.7726682,2012-09-01,GB,1.0,78.0,107.0,3600.0,3600.0,Siemens,Siemens,SWT-3.6-107,SWT-3.6-107,1.0,EMODnet + OSM +thewindpower.net,2012.0
1.9707552,51.7747501,2012-09-01,GB,1.0,78.0,107.0,3600.0,3600.0,Siemens,Siemens,SWT-3.6-107,SWT-3.6-107,1.0,EMODnet + OSM +thewindpower.net,2012.0
1.9405735,51.7753624,2012-09-01,GB,1.0,78.0,107.0,3600.0,3600.0,Siemens,Siemens,SWT-3.6-107,SWT-3.6-107,1.0,EMODnet + OSM +thewindpower.net,2012.0
1.9989578,51.7781788,2012-09-01,GB,1.0,78.0,107.0,3600.0,3600.0,Siemens,Siemens,SWT-3.6-107,SWT-3.6-107,1.0,EMODnet + OSM +thewindpower.net,2012.0
1.9539326,51.7784237,2012-09-01,GB,1.0,78.0,107.0,3600.0,3600.0,Siemens,Siemens,SWT-3.6-107,SWT-3.6-107,1.0,EMODnet + OSM +thewindpower.net,2012.0
1.9880726,51.7805666,2012-09-01,GB,1.0,78.0,107.0,3600.0,3600.0,Siemens,Siemens,SWT-3.6-107,SWT-3.6-107,1.0,EMODnet + OSM +thewindpower.net,2012.0
1.9319642,51.7825256,2012-09-01,GB,1.0,78.0,107.0,3600.0,3600.0,Siemens,Siemens,SWT-3.6-107,SWT-3.6-107,1.0,EMODnet + OSM +thewindpower.net,2012.0
1.9763957,51.7825256,2012-09-01,GB,1.0,78.0,107.0,3600.0,3600.0,Siemens,Siemens,SWT-3.6-107,SWT-3.6-107,1.0,EMODnet + OSM +thewindpower.net,2012.0
1.9452244,51.7832602,2012-09-01,GB,1.0,78.0,107.0,3600.0,3600.0,Siemens,Siemens,SWT-3.6-107,SWT-3.6-107,1.0,EMODnet + OSM +thewindpower.net,2012.0
1.9986609,51.7865047,2012-09-01,GB,1.0,78.0,107.0,3600.0,3600.0,Siemens,Siemens,SWT-3.6-107,SWT-3.6-107,1.0,EMODnet + OSM +thewindpower.net,2012.0
1.9855987,51.7896265,2012-09-01,GB,1.0,78.0,107.0,3600.0,3600.0,Siemens,Siemens,SWT-3.6-107,SWT-3.6-107,1.0,EMODnet + OSM +thewindpower.net,2012.0
1.9495785,51.7910343,2012-09-01,GB,1.0,78.0,107.0,3600.0,3600.0,Siemens,Siemens,SWT-3.6-107,SWT-3.6-107,1.0,EMODnet + OSM +thewindpower.net,2012.0
1.9626408,51.794523,2012-09-01,GB,1.0,78.0,107.0,3600.0,3600.0,Siemens,Siemens,SWT-3.6-107,SWT-3.6-107,1.0,EMODnet + OSM +thewindpower.net,2012.0
1.9978693,51.7945842,2012-09-01,GB,1.0,78.0,107.0,3600.0,3600.0,Siemens,Siemens,SWT-3.6-107,SWT-3.6-107,1.0,EMODnet + OSM +thewindpower.net,2012.0
1.9863903,51.7974606,2012-09-01,GB,1.0,78.0,107.0,3600.0,3600.0,Siemens,Siemens,SWT-3.6-107,SWT-3.6-107,1.0,EMODnet + OSM +thewindpower.net,2012.0
1.9986609,51.8023563,2012-09-01,GB,1.0,78.0,107.0,3600.0,3600.0,Siemens,Siemens,SWT-3.6-107,SWT-3.6-107,1.0,EMODnet + OSM +thewindpower.net,2012.0
1.9671928,51.8026011,2012-09-01,GB,1.0,78.0,107.0,3600.0,3600.0,Siemens,Siemens,SWT-3.6-107,SWT-3.6-107,1.0,EMODnet + OSM +thewindpower.net,2012.0
1.993911,51.8090258,2012-09-01,GB,1.0,78.0,107.0,3600.0,3600.0,Siemens,Siemens,SWT-3.6-107,SWT-3.6-107,1.0,EMODnet + OSM +thewindpower.net,2012.0
1.9000314,51.8598021,2012-09-01,GB,1.0,78.0,107.0,3600.0,3600.0,Siemens,Siemens,SWT-3.6-107,SWT-3.6-107,1.0,EMODnet + OSM +thewindpower.net,2012.0
1.8602749,51.8608459,2012-09-01,GB,1.0,78.0,107.0,3600.0,3600.0,Siemens,Siemens,SWT-3.6-107,SWT-3.6-107,1.0,EMODnet + OSM +thewindpower.net,2012.0
1.8882815,51.8629333,2012-09-01,GB,1.0,78.0,107.0,3600.0,3600.0,Siemens,Siemens,SWT-3.6-107,SWT-3.6-107,1.0,EMODnet + OSM +thewindpower.net,2012.0
1.9144371,51.8639273,2012-09-01,GB,1.0,78.0,107.0,3600.0,3600.0,Siemens,Siemens,SWT-3.6-107,SWT-3.6-107,1.0,EMODnet + OSM +thewindpower.net,2012.0
1.8515832,51.8685986,2012-09-01,GB,1.0,78.0,107.0,3600.0,3600.0,Siemens,Siemens,SWT-3.6-107,SWT-3.6-107,1.0,EMODnet + OSM +thewindpower.net,2012.0
1.8964099,51.8712323,2012-09-01,GB,1.0,78.0,107.0,3600.0,3600.0,Siemens,Siemens,SWT-3.6-107,SWT-3.6-107,1.0,EMODnet + OSM +thewindpower.net,2012.0
1.9113789,51.8716298,2012-09-01,GB,1.0,78.0,107.0,3600.0,3600.0,Siemens,Siemens,SWT-3.6-107,SWT-3.6-107,1.0,EMODnet + OSM +thewindpower.net,2012.0
1.8684033,51.8756048,2012-09-01,GB,1.0,78.0,107.0,3600.0,3600.0,Siemens,Siemens,SWT-3.6-107,SWT-3.6-107,1.0,EMODnet + OSM +thewindpower.net,2012.0
1.924014,51.8776418,2012-09-01,GB,1.0,78.0,107.0,3600.0,3600.0,Siemens,Siemens,SWT-3.6-107,SWT-3.6-107,1.0,EMODnet + OSM +thewindpower.net,2012.0
1.8986633,51.8799272,2012-09-01,GB,1.0,78.0,107.0,3600.0,3600.0,Siemens,Siemens,SWT-3.6-107,SWT-3.6-107,1.0,EMODnet + OSM +thewindpower.net,2012.0
1.8589068,51.8807718,2012-09-01,GB,1.0,78.0,107.0,3600.0,3600.0,Siemens,Siemens,SWT-3.6-107,SWT-3.6-107,1.0,EMODnet + OSM +thewindpower.net,2012.0
1.9138737,51.8829576,2012-09-01,GB,1.0,78.0,107.0,3600.0,3600.0,Siemens,Siemens,SWT-3.6-107,SWT-3.6-107,1.0,EMODnet + OSM +thewindpower.net,2012.0
1.8737149,51.8842492,2012-09-01,GB,1.0,78.0,107.0,3600.0,3600.0,Siemens,Siemens,SWT-3.6-107,SWT-3.6-107,1.0,EMODnet + OSM +thewindpower.net,2012.0
1.9045382,51.8886204,2012-09-01,GB,1.0,78.0,107.0,3600.0,3600.0,Siemens,Siemens,SWT-3.6-107,SWT-3.6-107,1.0,EMODnet + OSM +thewindpower.net,2012.0
1.8643793,51.8896635,2012-09-01,GB,1.0,78.0,107.0,3600.0,3600.0,Siemens,Siemens,SWT-3.6-107,SWT-3.6-107,1.0,EMODnet + OSM +thewindpower.net,2012.0
1.9192658,51.8918986,2012-09-01,GB,1.0,78.0,107.0,3600.0,3600.0,Siemens,Siemens,SWT-3.6-107,SWT-3.6-107,1.0,EMODnet + OSM +thewindpower.net,2012.0
1.8787045,51.8931403,2012-09-01,GB,1.0,78.0,107.0,3600.0,3600.0,Siemens,Siemens,SWT-3.6-107,SWT-3.6-107,1.0,EMODnet + OSM +thewindpower.net,2012.0
1.856251,51.8954248,2012-09-01,GB,1.0,78.0,107.0,3600.0,3600.0,Siemens,Siemens,SWT-3.6-107,SWT-3.6-107,1.0,EMODnet + OSM +thewindpower.net,2012.0
1.9094474,51.8975106,2012-09-01,GB,1.0,78.0,107.0,3600.0,3600.0,Siemens,Siemens,SWT-3.6-107,SWT-3.6-107,1.0,EMODnet + OSM +thewindpower.net,2012.0
1.86953,51.8985038,2012-09-01,GB,1.0,78.0,107.0,3600.0,3600.0,Siemens,Siemens,SWT-3.6-107,SWT-3.6-107,1.0,EMODnet + OSM +thewindpower.net,2012.0
1.9243359,51.9008378,2012-09-01,GB,1.0,78.0,107.0,3600.0,3600.0,Siemens,Siemens,SWT-3.6-107,SWT-3.6-107,1.0,EMODnet + OSM +thewindpower.net,2012.0
1.8839357,51.9019302,2012-09-01,GB,1.0,78.0,107.0,3600.0,3600.0,Siemens,Siemens,SWT-3.6-107,SWT-3.6-107,1.0,EMODnet + OSM +thewindpower.net,2012.0
1.9152419,51.9063991,2012-09-01,GB,1.0,78.0,107.0,3600.0,3600.0,Siemens,Siemens,SWT-3.6-107,SWT-3.6-107,1.0,EMODnet + OSM +thewindpower.net,2012.0
1.8741173,51.9073424,2012-09-01,GB,1.0,78.0,107.0,3600.0,3600.0,Siemens,Siemens,SWT-3.6-107,SWT-3.6-107,1.0,EMODnet + OSM +thewindpower.net,2012.0
1.8886034,51.9109171,2012-09-01,GB,1.0,78.0,107.0,3600.0,3600.0,Siemens,Siemens,SWT-3.6-107,SWT-3.6-107,1.0,EMODnet + OSM +thewindpower.net,2012.0
1.8648622,51.9125057,2012-09-01,GB,1.0,78.0,107.0,3600.0,3600.0,Siemens,Siemens,SWT-3.6-107,SWT-3.6-107,1.0,EMODnet + OSM +thewindpower.net,2012.0
1.9206339,51.9151865,2012-09-01,GB,1.0,78.0,107.0,3600.0,3600.0,Siemens,Siemens,SWT-3.6-107,SWT-3.6-107,1.0,EMODnet + OSM +thewindpower.net,2012.0
1.8791069,51.91608,2012-09-01,GB,1.0,78.0,107.0,3600.0,3600.0,Siemens,Siemens,SWT-3.6-107,SWT-3.6-107,1.0,EMODnet + OSM +thewindpower.net,2012.0
1.8936736,51.9195051,2012-09-01,GB,1.0,78.0,107.0,3600.0,3600.0,Siemens,Siemens,SWT-3.6-107,SWT-3.6-107,1.0,EMODnet + OSM +thewindpower.net,2012.0
1.8702543,51.9213912,2012-09-01,GB,1.0,78.0,107.0,3600.0,3600.0,Siemens,Siemens,SWT-3.6-107,SWT-3.6-107,1.0,EMODnet + OSM +thewindpower.net,2012.0
1.9257041,51.924121,2012-09-01,GB,1.0,78.0,107.0,3600.0,3600.0,Siemens,Siemens,SWT-3.6-107,SWT-3.6-107,1.0,EMODnet + OSM +thewindpower.net,2012.0
1.8989047,51.9284884,2012-09-01,GB,1.0,78.0,107.0,3600.0,3600.0,Siemens,Siemens,SWT-3.6-107,SWT-3.6-107,1.0,EMODnet + OSM +thewindpower.net,2012.0
1.8750025,51.9304238,2012-09-01,GB,1.0,78.0,107.0,3600.0,3600.0,Siemens,Siemens,SWT-3.6-107,SWT-3.6-107,1.0,EMODnet + OSM +thewindpower.net,2012.0
1.8891668,51.9338478,2012-09-01,GB,1.0,78.0,107.0,3600.0,3600.0,Siemens,Siemens,SWT-3.6-107,SWT-3.6-107,1.0,EMODnet + OSM +thewindpower.net,2012.0
1.9042968,51.9372715,2012-09-01,GB,1.0,78.0,107.0,3600.0,3600.0,Siemens,Siemens,SWT-3.6-107,SWT-3.6-107,1.0,EMODnet + OSM +thewindpower.net,2012.0
1.8798312,51.9391073,2012-09-01,GB,1.0,78.0,107.0,3600.0,3600.0,Siemens,Siemens,SWT-3.6-107,SWT-3.6-107,1.0,EMODnet + OSM +thewindpower.net,2012.0
1.894076,51.9426298,2012-09-01,GB,1.0,78.0,107.0,3600.0,3600.0,Siemens,Siemens,SWT-3.6-107,SWT-3.6-107,1.0,EMODnet + OSM +thewindpower.net,2012.0
1.908884,51.946152,2012-09-01,GB,1.0,78.0,107.0,3600.0,3600.0,Siemens,Siemens,SWT-3.6-107,SWT-3.6-107,1.0,EMODnet + OSM +thewindpower.net,2012.0
1.8847404,51.9480867,2012-09-01,GB,1.0,78.0,107.0,3600.0,3600.0,Siemens,Siemens,SWT-3.6-107,SWT-3.6-107,1.0,EMODnet + OSM +thewindpower.net,2012.0
1.8990656,51.9517573,2012-09-01,GB,1.0,78.0,107.0,3600.0,3600.0,Siemens,Siemens,SWT-3.6-107,SWT-3.6-107,1.0,EMODnet + OSM +thewindpower.net,2012.0
1.8750025,51.9537413,2012-09-01,GB,1.0,78.0,107.0,3600.0,3600.0,Siemens,Siemens,SWT-3.6-107,SWT-3.6-107,1.0,EMODnet + OSM +thewindpower.net,2012.0
1.9138737,51.9552292,2012-09-01,GB,1.0,78.0,107.0,3600.0,3600.0,Siemens,Siemens,SWT-3.6-107,SWT-3.6-107,1.0,EMODnet + OSM +thewindpower.net,2012.0
1.8897301,51.9572627,2012-09-01,GB,1.0,78.0,107.0,3600.0,3600.0,Siemens,Siemens,SWT-3.6-107,SWT-3.6-107,1.0,EMODnet + OSM +thewindpower.net,2012.0
1.9189439,51.9643046,2012-09-01,GB,1.0,78.0,107.0,3600.0,3600.0,Siemens,Siemens,SWT-3.6-107,SWT-3.6-107,1.0,EMODnet + OSM +thewindpower.net,2012.0
1.9084817,51.967131,2012-09-01,GB,1.0,78.0,107.0,3600.0,3600.0,Siemens,Siemens,SWT-3.6-107,SWT-3.6-107,1.0,EMODnet + OSM +thewindpower.net,2012.0
1.924175,51.9726345,2012-09-01,GB,1.0,78.0,107.0,3600.0,3600.0,Siemens,Siemens,SWT-3.6-107,SWT-3.6-107,1.0,EMODnet + OSM +thewindpower.net,2012.0
1.9225634,51.7666671,2012-09-01,GB,1.0,78.0,107.0,3600.0,3600.0,Siemens,Siemens,SWT-3.6-107,SWT-3.6-107,1.0,EMODnet + OSM +thewindpower.net,2012.0
1.9274122,51.7748113,2012-09-01,GB,1.0,78.0,107.0,3600.0,3600.0,Siemens,Siemens,SWT-3.6-107,SWT-3.6-107,1.0,EMODnet + OSM +thewindpower.net,2012.0
2.9281667,51.5208333,2013-07-01,BE,1.0,95.0,126.0,6150.0,6150.0,Senvion,Senvion,6.0M126,6.0M126,1.0,EMODnet + OSM +thewindpower.net,2013.0
2.9066667,51.5338333,2013-07-01,BE,1.0,95.0,126.0,6150.0,6150.0,Senvion,Senvion,6.0M126,6.0M126,1.0,EMODnet + OSM +thewindpower.net,2013.0
2.9605,51.5343333,2013-07-01,BE,1.0,95.0,126.0,6150.0,6150.0,Senvion,Senvion,6.0M126,6.0M126,1.0,EMODnet + OSM +thewindpower.net,2013.0
2.9785,51.5448333,2013-07-01,BE,1.0,95.0,126.0,6150.0,6150.0,Senvion,Senvion,6.0M126,6.0M126,1.0,EMODnet + OSM +thewindpower.net,2013.0
2.9355,51.5453333,2013-07-01,BE,1.0,95.0,126.0,6150.0,6150.0,Senvion,Senvion,6.0M126,6.0M126,1.0,EMODnet + OSM +thewindpower.net,2013.0
2.885,51.5466667,2013-07-01,BE,1.0,95.0,126.0,6150.0,6150.0,Senvion,Senvion,6.0M126,6.0M126,1.0,EMODnet + OSM +thewindpower.net,2013.0
2.9083333,51.5573333,2013-07-01,BE,1.0,95.0,126.0,6150.0,6150.0,Senvion,Senvion,6.0M126,6.0M126,1.0,EMODnet + OSM +thewindpower.net,2013.0
2.9535,51.5588333,2013-07-01,BE,1.0,95.0,126.0,6150.0,6150.0,Senvion,Senvion,6.0M126,6.0M126,1.0,EMODnet + OSM +thewindpower.net,2013.0
3.0161667,51.564,2013-07-01,BE,1.0,95.0,126.0,6150.0,6150.0,Senvion,Senvion,6.0M126,6.0M126,1.0,EMODnet + OSM +thewindpower.net,2013.0
3.01,51.5773333,2013-07-01,BE,1.0,95.0,126.0,6150.0,6150.0,Senvion,Senvion,6.0M126,6.0M126,1.0,EMODnet + OSM +thewindpower.net,2013.0
2.990796,51.5783696,2013-07-01,BE,1.0,95.0,126.0,6150.0,6150.0,Senvion,Senvion,6.0M126,6.0M126,1.0,EMODnet + OSM +thewindpower.net,2013.0
3.0035,51.581,2013-07-01,BE,1.0,95.0,126.0,6150.0,6150.0,Senvion,Senvion,6.0M126,6.0M126,1.0,EMODnet + OSM +thewindpower.net,2013.0
2.9729466,51.547988,2013-07-01,BE,1.0,95.0,126.0,6150.0,6150.0,Senvion,Senvion,6.0M126,6.0M126,1.0,EMODnet + OSM +thewindpower.net,2013.0
2.9668637,51.5516401,2013-07-01,BE,1.0,95.0,126.0,6150.0,6150.0,Senvion,Senvion,6.0M126,6.0M126,1.0,EMODnet + OSM +thewindpower.net,2013.0
2.9600467,51.5551615,2013-07-01,BE,1.0,95.0,126.0,6150.0,6150.0,Senvion,Senvion,6.0M126,6.0M126,1.0,EMODnet + OSM +thewindpower.net,2013.0
2.9629833,51.5638334,2013-07-01,BE,1.0,95.0,126.0,6150.0,6150.0,Senvion,Senvion,6.0M126,6.0M126,1.0,EMODnet + OSM +thewindpower.net,2013.0
2.9715832,51.5593347,2013-07-01,BE,1.0,95.0,126.0,6150.0,6150.0,Senvion,Senvion,6.0M126,6.0M126,1.0,EMODnet + OSM +thewindpower.net,2013.0
2.9795538,51.5545746,2013-07-01,BE,1.0,95.0,126.0,6150.0,6150.0,Senvion,Senvion,6.0M126,6.0M126,1.0,EMODnet + OSM +thewindpower.net,2013.0
2.9876294,51.5498141,2013-07-01,BE,1.0,95.0,126.0,6150.0,6150.0,Senvion,Senvion,6.0M126,6.0M126,1.0,EMODnet + OSM +thewindpower.net,2013.0
2.9956,51.5554875,2013-07-01,BE,1.0,95.0,126.0,6150.0,6150.0,Senvion,Senvion,6.0M126,6.0M126,1.0,EMODnet + OSM +thewindpower.net,2013.0
2.9874196,51.5601171,2013-07-01,BE,1.0,95.0,126.0,6150.0,6150.0,Senvion,Senvion,6.0M126,6.0M126,1.0,EMODnet + OSM +thewindpower.net,2013.0
2.9790295,51.5648765,2013-07-01,BE,1.0,95.0,126.0,6150.0,6150.0,Senvion,Senvion,6.0M126,6.0M126,1.0,EMODnet + OSM +thewindpower.net,2013.0
2.9702198,51.5696355,2013-07-01,BE,1.0,95.0,126.0,6150.0,6150.0,Senvion,Senvion,6.0M126,6.0M126,1.0,EMODnet + OSM +thewindpower.net,2013.0
2.9799734,51.5745895,2013-07-01,BE,1.0,95.0,126.0,6150.0,6150.0,Senvion,Senvion,6.0M126,6.0M126,1.0,EMODnet + OSM +thewindpower.net,2013.0
2.9885733,51.569831,2013-07-01,BE,1.0,95.0,126.0,6150.0,6150.0,Senvion,Senvion,6.0M126,6.0M126,1.0,EMODnet + OSM +thewindpower.net,2013.0
2.9967537,51.5650069,2013-07-01,BE,1.0,95.0,126.0,6150.0,6150.0,Senvion,Senvion,6.0M126,6.0M126,1.0,EMODnet + OSM +thewindpower.net,2013.0
3.0053536,51.5603127,2013-07-01,BE,1.0,95.0,126.0,6150.0,6150.0,Senvion,Senvion,6.0M126,6.0M126,1.0,EMODnet + OSM +thewindpower.net,2013.0
3.0102828,51.5672235,2013-07-01,BE,1.0,95.0,126.0,6150.0,6150.0,Senvion,Senvion,6.0M126,6.0M126,1.0,EMODnet + OSM +thewindpower.net,2013.0
3.0037804,51.5711348,2013-07-01,BE,1.0,95.0,126.0,6150.0,6150.0,Senvion,Senvion,6.0M126,6.0M126,1.0,EMODnet + OSM +thewindpower.net,2013.0
2.9970683,51.5747198,2013-07-01,BE,1.0,95.0,126.0,6150.0,6150.0,Senvion,Senvion,6.0M126,6.0M126,1.0,EMODnet + OSM +thewindpower.net,2013.0
2.9403299,51.5245685,2013-07-01,BE,1.0,95.0,126.0,6150.0,6150.0,Senvion,Senvion,6.0M126,6.0M126,1.0,EMODnet + OSM +thewindpower.net,2013.0
2.9539639,51.5372257,2013-07-01,BE,1.0,95.0,126.0,6150.0,6150.0,Senvion,Senvion,6.0M126,6.0M126,1.0,EMODnet + OSM +thewindpower.net,2013.0
2.9481956,51.5400306,2013-07-01,BE,1.0,95.0,126.0,6150.0,6150.0,Senvion,Senvion,6.0M126,6.0M126,1.0,EMODnet + OSM +thewindpower.net,2013.0
2.9433713,51.5333115,2013-07-01,BE,1.0,95.0,126.0,6150.0,6150.0,Senvion,Senvion,6.0M126,6.0M126,1.0,EMODnet + OSM +thewindpower.net,2013.0
2.9329885,51.5287444,2013-07-01,BE,1.0,95.0,126.0,6150.0,6150.0,Senvion,Senvion,6.0M126,6.0M126,1.0,EMODnet + OSM +thewindpower.net,2013.0
2.9219764,51.52496,2013-07-01,BE,1.0,95.0,126.0,6150.0,6150.0,Senvion,Senvion,6.0M126,6.0M126,1.0,EMODnet + OSM +thewindpower.net,2013.0
2.9306812,51.5477924,2013-07-01,BE,1.0,95.0,126.0,6150.0,6150.0,Senvion,Senvion,6.0M126,6.0M126,1.0,EMODnet + OSM +thewindpower.net,2013.0
2.9422177,51.5423136,2013-07-01,BE,1.0,95.0,126.0,6150.0,6150.0,Senvion,Senvion,6.0M126,6.0M126,1.0,EMODnet + OSM +thewindpower.net,2013.0
2.9351909,51.5372909,2013-07-01,BE,1.0,95.0,126.0,6150.0,6150.0,Senvion,Senvion,6.0M126,6.0M126,1.0,EMODnet + OSM +thewindpower.net,2013.0
2.9251227,51.53292,2013-07-01,BE,1.0,95.0,126.0,6150.0,6150.0,Senvion,Senvion,6.0M126,6.0M126,1.0,EMODnet + OSM +thewindpower.net,2013.0
2.9140058,51.5292012,2013-07-01,BE,1.0,95.0,126.0,6150.0,6150.0,Senvion,Senvion,6.0M126,6.0M126,1.0,EMODnet + OSM +thewindpower.net,2013.0
2.9271154,51.5413352,2013-07-01,BE,1.0,95.0,126.0,6150.0,6150.0,Senvion,Senvion,6.0M126,6.0M126,1.0,EMODnet + OSM +thewindpower.net,2013.0
2.9169423,51.5373561,2013-07-01,BE,1.0,95.0,126.0,6150.0,6150.0,Senvion,Senvion,6.0M126,6.0M126,1.0,EMODnet + OSM +thewindpower.net,2013.0
2.9244935,51.5507271,2013-07-01,BE,1.0,95.0,126.0,6150.0,6150.0,Senvion,Senvion,6.0M126,6.0M126,1.0,EMODnet + OSM +thewindpower.net,2013.0
2.9191447,51.5450531,2013-07-01,BE,1.0,95.0,126.0,6150.0,6150.0,Senvion,Senvion,6.0M126,6.0M126,1.0,EMODnet + OSM +thewindpower.net,2013.0
2.9094961,51.5415309,2013-07-01,BE,1.0,95.0,126.0,6150.0,6150.0,Senvion,Senvion,6.0M126,6.0M126,1.0,EMODnet + OSM +thewindpower.net,2013.0
2.8999522,51.5380085,2013-07-01,BE,1.0,95.0,126.0,6150.0,6150.0,Senvion,Senvion,6.0M126,6.0M126,1.0,EMODnet + OSM +thewindpower.net,2013.0
2.9164179,51.5541182,2013-07-01,BE,1.0,95.0,126.0,6150.0,6150.0,Senvion,Senvion,6.0M126,6.0M126,1.0,EMODnet + OSM +thewindpower.net,2013.0
2.9108595,51.5492272,2013-07-01,BE,1.0,95.0,126.0,6150.0,6150.0,Senvion,Senvion,6.0M126,6.0M126,1.0,EMODnet + OSM +thewindpower.net,2013.0
2.9015254,51.5457053,2013-07-01,BE,1.0,95.0,126.0,6150.0,6150.0,Senvion,Senvion,6.0M126,6.0M126,1.0,EMODnet + OSM +thewindpower.net,2013.0
2.892506,51.5423136,2013-07-01,BE,1.0,95.0,126.0,6150.0,6150.0,Senvion,Senvion,6.0M126,6.0M126,1.0,EMODnet + OSM +thewindpower.net,2013.0
2.901001,51.5537269,2013-07-01,BE,1.0,95.0,126.0,6150.0,6150.0,Senvion,Senvion,6.0M126,6.0M126,1.0,EMODnet + OSM +thewindpower.net,2013.0
2.8930304,51.5499445,2013-07-01,BE,1.0,95.0,126.0,6150.0,6150.0,Senvion,Senvion,6.0M126,6.0M126,1.0,EMODnet + OSM +thewindpower.net,2013.0
2.8365,51.6883333,2010-12-01,BE,1.0,72.0,90.0,3000.0,3000.0,Vestas,Vestas,V90/3000 Offshore,V90/3000 Offshore,1.0,EMODnet + OSM +thewindpower.net,2010.0
2.795,51.6355,2010-12-01,BE,1.0,72.0,90.0,3000.0,3000.0,Vestas,Vestas,V90/3000 Offshore,V90/3000 Offshore,1.0,EMODnet + OSM +thewindpower.net,2010.0
2.775,51.645833,2010-12-01,BE,1.0,72.0,90.0,3000.0,3000.0,Vestas,Vestas,V90/3000 Offshore,V90/3000 Offshore,1.0,EMODnet + OSM +thewindpower.net,2010.0
2.812,51.663833,2010-12-01,BE,1.0,72.0,90.0,3000.0,3000.0,Vestas,Vestas,V90/3000 Offshore,V90/3000 Offshore,1.0,EMODnet + OSM +thewindpower.net,2010.0
2.792,51.674333,2010-12-01,BE,1.0,72.0,90.0,3000.0,3000.0,Vestas,Vestas,V90/3000 Offshore,V90/3000 Offshore,1.0,EMODnet + OSM +thewindpower.net,2010.0
2.809,51.702667,2010-12-01,BE,1.0,72.0,90.0,3000.0,3000.0,Vestas,Vestas,V90/3000 Offshore,V90/3000 Offshore,1.0,EMODnet + OSM +thewindpower.net,2010.0
2.7906532,51.6381224,2010-12-01,BE,1.0,72.0,90.0,3000.0,3000.0,Vestas,Vestas,V90/3000 Offshore,V90/3000 Offshore,1.0,EMODnet + OSM +thewindpower.net,2010.0
2.7852229,51.6405674,2010-12-01,BE,1.0,72.0,90.0,3000.0,3000.0,Vestas,Vestas,V90/3000 Offshore,V90/3000 Offshore,1.0,EMODnet + OSM +thewindpower.net,2010.0
2.7812833,51.6434087,2010-12-01,BE,1.0,72.0,90.0,3000.0,3000.0,Vestas,Vestas,V90/3000 Offshore,V90/3000 Offshore,1.0,EMODnet + OSM +thewindpower.net,2010.0
2.7783019,51.6510727,2010-12-01,BE,1.0,72.0,90.0,3000.0,3000.0,Vestas,Vestas,V90/3000 Offshore,V90/3000 Offshore,1.0,EMODnet + OSM +thewindpower.net,2010.0
2.7834128,51.6490247,2010-12-01,BE,1.0,72.0,90.0,3000.0,3000.0,Vestas,Vestas,V90/3000 Offshore,V90/3000 Offshore,1.0,EMODnet + OSM +thewindpower.net,2010.0
2.7883107,51.646382,2010-12-01,BE,1.0,72.0,90.0,3000.0,3000.0,Vestas,Vestas,V90/3000 Offshore,V90/3000 Offshore,1.0,EMODnet + OSM +thewindpower.net,2010.0
2.7934216,51.6435408,2010-12-01,BE,1.0,72.0,90.0,3000.0,3000.0,Vestas,Vestas,V90/3000 Offshore,V90/3000 Offshore,1.0,EMODnet + OSM +thewindpower.net,2010.0
2.7987455,51.6410299,2010-12-01,BE,1.0,72.0,90.0,3000.0,3000.0,Vestas,Vestas,V90/3000 Offshore,V90/3000 Offshore,1.0,EMODnet + OSM +thewindpower.net,2010.0
2.8020463,51.6465802,2010-12-01,BE,1.0,72.0,90.0,3000.0,3000.0,Vestas,Vestas,V90/3000 Offshore,V90/3000 Offshore,1.0,EMODnet + OSM +thewindpower.net,2010.0
2.7971483,51.6489586,2010-12-01,BE,1.0,72.0,90.0,3000.0,3000.0,Vestas,Vestas,V90/3000 Offshore,V90/3000 Offshore,1.0,EMODnet + OSM +thewindpower.net,2010.0
2.7923569,51.6519315,2010-12-01,BE,1.0,72.0,90.0,3000.0,3000.0,Vestas,Vestas,V90/3000 Offshore,V90/3000 Offshore,1.0,EMODnet + OSM +thewindpower.net,2010.0
2.7868201,51.6539133,2010-12-01,BE,1.0,72.0,90.0,3000.0,3000.0,Vestas,Vestas,V90/3000 Offshore,V90/3000 Offshore,1.0,EMODnet + OSM +thewindpower.net,2010.0
2.7820286,51.656952,2010-12-01,BE,1.0,72.0,90.0,3000.0,3000.0,Vestas,Vestas,V90/3000 Offshore,V90/3000 Offshore,1.0,EMODnet + OSM +thewindpower.net,2010.0
2.7855423,51.6628305,2010-12-01,BE,1.0,72.0,90.0,3000.0,3000.0,Vestas,Vestas,V90/3000 Offshore,V90/3000 Offshore,1.0,EMODnet + OSM +thewindpower.net,2010.0
2.7908662,51.6603867,2010-12-01,BE,1.0,72.0,90.0,3000.0,3000.0,Vestas,Vestas,V90/3000 Offshore,V90/3000 Offshore,1.0,EMODnet + OSM +thewindpower.net,2010.0
2.7955512,51.6576786,2010-12-01,BE,1.0,72.0,90.0,3000.0,3000.0,Vestas,Vestas,V90/3000 Offshore,V90/3000 Offshore,1.0,EMODnet + OSM +thewindpower.net,2010.0
2.8003426,51.6550363,2010-12-01,BE,1.0,72.0,90.0,3000.0,3000.0,Vestas,Vestas,V90/3000 Offshore,V90/3000 Offshore,1.0,EMODnet + OSM +thewindpower.net,2010.0
2.8054535,51.6523279,2010-12-01,BE,1.0,72.0,90.0,3000.0,3000.0,Vestas,Vestas,V90/3000 Offshore,V90/3000 Offshore,1.0,EMODnet + OSM +thewindpower.net,2010.0
2.8087543,51.658207,2010-12-01,BE,1.0,72.0,90.0,3000.0,3000.0,Vestas,Vestas,V90/3000 Offshore,V90/3000 Offshore,1.0,EMODnet + OSM +thewindpower.net,2010.0
2.8034305,51.6606509,2010-12-01,BE,1.0,72.0,90.0,3000.0,3000.0,Vestas,Vestas,V90/3000 Offshore,V90/3000 Offshore,1.0,EMODnet + OSM +thewindpower.net,2010.0
2.7987455,51.6632268,2010-12-01,BE,1.0,72.0,90.0,3000.0,3000.0,Vestas,Vestas,V90/3000 Offshore,V90/3000 Offshore,1.0,EMODnet + OSM +thewindpower.net,2010.0
2.7934216,51.6659346,2010-12-01,BE,1.0,72.0,90.0,3000.0,3000.0,Vestas,Vestas,V90/3000 Offshore,V90/3000 Offshore,1.0,EMODnet + OSM +thewindpower.net,2010.0
2.7886302,51.668246,2010-12-01,BE,1.0,72.0,90.0,3000.0,3000.0,Vestas,Vestas,V90/3000 Offshore,V90/3000 Offshore,1.0,EMODnet + OSM +thewindpower.net,2010.0
2.7972548,51.6710195,2010-12-01,BE,1.0,72.0,90.0,3000.0,3000.0,Vestas,Vestas,V90/3000 Offshore,V90/3000 Offshore,1.0,EMODnet + OSM +thewindpower.net,2010.0
2.8024722,51.6692365,2010-12-01,BE,1.0,72.0,90.0,3000.0,3000.0,Vestas,Vestas,V90/3000 Offshore,V90/3000 Offshore,1.0,EMODnet + OSM +thewindpower.net,2010.0
2.8075831,51.6663968,2010-12-01,BE,1.0,72.0,90.0,3000.0,3000.0,Vestas,Vestas,V90/3000 Offshore,V90/3000 Offshore,1.0,EMODnet + OSM +thewindpower.net,2010.0
2.8159947,51.6697648,2010-12-01,BE,1.0,72.0,90.0,3000.0,3000.0,Vestas,Vestas,V90/3000 Offshore,V90/3000 Offshore,1.0,EMODnet + OSM +thewindpower.net,2010.0
2.8105644,51.671944,2010-12-01,BE,1.0,72.0,90.0,3000.0,3000.0,Vestas,Vestas,V90/3000 Offshore,V90/3000 Offshore,1.0,EMODnet + OSM +thewindpower.net,2010.0
2.8056665,51.6747173,2010-12-01,BE,1.0,72.0,90.0,3000.0,3000.0,Vestas,Vestas,V90/3000 Offshore,V90/3000 Offshore,1.0,EMODnet + OSM +thewindpower.net,2010.0
2.8006621,51.6773584,2010-12-01,BE,1.0,72.0,90.0,3000.0,3000.0,Vestas,Vestas,V90/3000 Offshore,V90/3000 Offshore,1.0,EMODnet + OSM +thewindpower.net,2010.0
2.7958706,51.6796032,2010-12-01,BE,1.0,72.0,90.0,3000.0,3000.0,Vestas,Vestas,V90/3000 Offshore,V90/3000 Offshore,1.0,EMODnet + OSM +thewindpower.net,2010.0
2.8094997,51.6801973,2010-12-01,BE,1.0,72.0,90.0,3000.0,3000.0,Vestas,Vestas,V90/3000 Offshore,V90/3000 Offshore,1.0,EMODnet + OSM +thewindpower.net,2010.0
2.8141846,51.6774244,2010-12-01,BE,1.0,72.0,90.0,3000.0,3000.0,Vestas,Vestas,V90/3000 Offshore,V90/3000 Offshore,1.0,EMODnet + OSM +thewindpower.net,2010.0
2.8190826,51.6748493,2010-12-01,BE,1.0,72.0,90.0,3000.0,3000.0,Vestas,Vestas,V90/3000 Offshore,V90/3000 Offshore,1.0,EMODnet + OSM +thewindpower.net,2010.0
2.8042823,51.6826401,2010-12-01,BE,1.0,72.0,90.0,3000.0,3000.0,Vestas,Vestas,V90/3000 Offshore,V90/3000 Offshore,1.0,EMODnet + OSM +thewindpower.net,2010.0
2.7989584,51.6858748,2010-12-01,BE,1.0,72.0,90.0,3000.0,3000.0,Vestas,Vestas,V90/3000 Offshore,V90/3000 Offshore,1.0,EMODnet + OSM +thewindpower.net,2010.0
2.8026851,51.6909575,2010-12-01,BE,1.0,72.0,90.0,3000.0,3000.0,Vestas,Vestas,V90/3000 Offshore,V90/3000 Offshore,1.0,EMODnet + OSM +thewindpower.net,2010.0
2.807796,51.6882512,2010-12-01,BE,1.0,72.0,90.0,3000.0,3000.0,Vestas,Vestas,V90/3000 Offshore,V90/3000 Offshore,1.0,EMODnet + OSM +thewindpower.net,2010.0
2.8130134,51.6858748,2010-12-01,BE,1.0,72.0,90.0,3000.0,3000.0,Vestas,Vestas,V90/3000 Offshore,V90/3000 Offshore,1.0,EMODnet + OSM +thewindpower.net,2010.0
2.817166,51.6835643,2010-12-01,BE,1.0,72.0,90.0,3000.0,3000.0,Vestas,Vestas,V90/3000 Offshore,V90/3000 Offshore,1.0,EMODnet + OSM +thewindpower.net,2010.0
2.8227028,51.6802634,2010-12-01,BE,1.0,72.0,90.0,3000.0,3000.0,Vestas,Vestas,V90/3000 Offshore,V90/3000 Offshore,1.0,EMODnet + OSM +thewindpower.net,2010.0
2.8262165,51.6862709,2010-12-01,BE,1.0,72.0,90.0,3000.0,3000.0,Vestas,Vestas,V90/3000 Offshore,V90/3000 Offshore,1.0,EMODnet + OSM +thewindpower.net,2010.0
2.8212121,51.6887793,2010-12-01,BE,1.0,72.0,90.0,3000.0,3000.0,Vestas,Vestas,V90/3000 Offshore,V90/3000 Offshore,1.0,EMODnet + OSM +thewindpower.net,2010.0
2.8159947,51.6916835,2010-12-01,BE,1.0,72.0,90.0,3000.0,3000.0,Vestas,Vestas,V90/3000 Offshore,V90/3000 Offshore,1.0,EMODnet + OSM +thewindpower.net,2010.0
2.8112033,51.6940596,2010-12-01,BE,1.0,72.0,90.0,3000.0,3000.0,Vestas,Vestas,V90/3000 Offshore,V90/3000 Offshore,1.0,EMODnet + OSM +thewindpower.net,2010.0
2.805773,51.6966996,2010-12-01,BE,1.0,72.0,90.0,3000.0,3000.0,Vestas,Vestas,V90/3000 Offshore,V90/3000 Offshore,1.0,EMODnet + OSM +thewindpower.net,2010.0
2.8145041,51.6996694,2010-12-01,BE,1.0,72.0,90.0,3000.0,3000.0,Vestas,Vestas,V90/3000 Offshore,V90/3000 Offshore,1.0,EMODnet + OSM +thewindpower.net,2010.0
2.8332823,51.6831359,2010-12-01,BE,1.0,72.0,90.0,3000.0,3000.0,Vestas,Vestas,V90/3000 Offshore,V90/3000 Offshore,1.0,EMODnet + OSM +thewindpower.net,2010.0
4.1648139,52.3773219,2015-09-01,NL,1.0,81.0,112.0,3000.0,3000.0,Vestas,Vestas,V112/3000 Offshore,V112/3000 Offshore,1.0,EMODnet + OSM +thewindpower.net,2015.0
4.1247725,52.3908186,2015-09-01,NL,1.0,81.0,112.0,3000.0,3000.0,Vestas,Vestas,V112/3000 Offshore,V112/3000 Offshore,1.0,EMODnet + OSM +thewindpower.net,2015.0
4.1838746,52.4046679,2015-09-01,NL,1.0,81.0,112.0,3000.0,3000.0,Vestas,Vestas,V112/3000 Offshore,V112/3000 Offshore,1.0,EMODnet + OSM +thewindpower.net,2015.0
4.2051859,52.43109,2015-09-01,NL,1.0,81.0,112.0,3000.0,3000.0,Vestas,Vestas,V112/3000 Offshore,V112/3000 Offshore,1.0,EMODnet + OSM +thewindpower.net,2015.0
4.1564696,52.3809399,2015-09-01,NL,1.0,81.0,112.0,3000.0,3000.0,Vestas,Vestas,V112/3000 Offshore,V112/3000 Offshore,1.0,EMODnet + OSM +thewindpower.net,2015.0
4.1488377,52.3835603,2015-09-01,NL,1.0,81.0,112.0,3000.0,3000.0,Vestas,Vestas,V112/3000 Offshore,V112/3000 Offshore,1.0,EMODnet + OSM +thewindpower.net,2015.0
4.1693486,52.38538,2015-09-01,NL,1.0,81.0,112.0,3000.0,3000.0,Vestas,Vestas,V112/3000 Offshore,V112/3000 Offshore,1.0,EMODnet + OSM +thewindpower.net,2015.0
4.1407287,52.3861806,2015-09-01,NL,1.0,81.0,112.0,3000.0,3000.0,Vestas,Vestas,V112/3000 Offshore,V112/3000 Offshore,1.0,EMODnet + OSM +thewindpower.net,2015.0
4.1613589,52.3879273,2015-09-01,NL,1.0,81.0,112.0,3000.0,3000.0,Vestas,Vestas,V112/3000 Offshore,V112/3000 Offshore,1.0,EMODnet + OSM +thewindpower.net,2015.0
4.1328582,52.389019,2015-09-01,NL,1.0,81.0,112.0,3000.0,3000.0,Vestas,Vestas,V112/3000 Offshore,V112/3000 Offshore,1.0,EMODnet + OSM +thewindpower.net,2015.0
4.1537269,52.3904017,2015-09-01,NL,1.0,81.0,112.0,3000.0,3000.0,Vestas,Vestas,V112/3000 Offshore,V112/3000 Offshore,1.0,EMODnet + OSM +thewindpower.net,2015.0
4.1742378,52.3922939,2015-09-01,NL,1.0,81.0,112.0,3000.0,3000.0,Vestas,Vestas,V112/3000 Offshore,V112/3000 Offshore,1.0,EMODnet + OSM +thewindpower.net,2015.0
4.1457372,52.3931671,2015-09-01,NL,1.0,81.0,112.0,3000.0,3000.0,Vestas,Vestas,V112/3000 Offshore,V112/3000 Offshore,1.0,EMODnet + OSM +thewindpower.net,2015.0
4.1666058,52.3946225,2015-09-01,NL,1.0,81.0,112.0,3000.0,3000.0,Vestas,Vestas,V112/3000 Offshore,V112/3000 Offshore,1.0,EMODnet + OSM +thewindpower.net,2015.0
4.1381052,52.395714,2015-09-01,NL,1.0,81.0,112.0,3000.0,3000.0,Vestas,Vestas,V112/3000 Offshore,V112/3000 Offshore,1.0,EMODnet + OSM +thewindpower.net,2015.0
4.1588546,52.3973876,2015-09-01,NL,1.0,81.0,112.0,3000.0,3000.0,Vestas,Vestas,V112/3000 Offshore,V112/3000 Offshore,1.0,EMODnet + OSM +thewindpower.net,2015.0
4.1304732,52.3979333,2015-09-01,NL,1.0,81.0,112.0,3000.0,3000.0,Vestas,Vestas,V112/3000 Offshore,V112/3000 Offshore,1.0,EMODnet + OSM +thewindpower.net,2015.0
4.1785904,52.3985518,2015-09-01,NL,1.0,81.0,112.0,3000.0,3000.0,Vestas,Vestas,V112/3000 Offshore,V112/3000 Offshore,1.0,EMODnet + OSM +thewindpower.net,2015.0
4.1511034,52.3997888,2015-09-01,NL,1.0,81.0,112.0,3000.0,3000.0,Vestas,Vestas,V112/3000 Offshore,V112/3000 Offshore,1.0,EMODnet + OSM +thewindpower.net,2015.0
4.1713758,52.4009165,2015-09-01,NL,1.0,81.0,112.0,3000.0,3000.0,Vestas,Vestas,V112/3000 Offshore,V112/3000 Offshore,1.0,EMODnet + OSM +thewindpower.net,2015.0
4.1437099,52.4021898,2015-09-01,NL,1.0,81.0,112.0,3000.0,3000.0,Vestas,Vestas,V112/3000 Offshore,V112/3000 Offshore,1.0,EMODnet + OSM +thewindpower.net,2015.0
4.1639227,52.403463,2015-09-01,NL,1.0,81.0,112.0,3000.0,3000.0,Vestas,Vestas,V112/3000 Offshore,V112/3000 Offshore,1.0,EMODnet + OSM +thewindpower.net,2015.0
4.1363761,52.4044452,2015-09-01,NL,1.0,81.0,112.0,3000.0,3000.0,Vestas,Vestas,V112/3000 Offshore,V112/3000 Offshore,1.0,EMODnet + OSM +thewindpower.net,2015.0
4.1565293,52.4059365,2015-09-01,NL,1.0,81.0,112.0,3000.0,3000.0,Vestas,Vestas,V112/3000 Offshore,V112/3000 Offshore,1.0,EMODnet + OSM +thewindpower.net,2015.0
4.1766824,52.4075006,2015-09-01,NL,1.0,81.0,112.0,3000.0,3000.0,Vestas,Vestas,V112/3000 Offshore,V112/3000 Offshore,1.0,EMODnet + OSM +thewindpower.net,2015.0
4.1491656,52.4082463,2015-09-01,NL,1.0,81.0,112.0,3000.0,3000.0,Vestas,Vestas,V112/3000 Offshore,V112/3000 Offshore,1.0,EMODnet + OSM +thewindpower.net,2015.0
4.169766,52.4099376,2015-09-01,NL,1.0,81.0,112.0,3000.0,3000.0,Vestas,Vestas,V112/3000 Offshore,V112/3000 Offshore,1.0,EMODnet + OSM +thewindpower.net,2015.0
4.1417423,52.4107196,2015-09-01,NL,1.0,81.0,112.0,3000.0,3000.0,Vestas,Vestas,V112/3000 Offshore,V112/3000 Offshore,1.0,EMODnet + OSM +thewindpower.net,2015.0
4.189144,52.4117925,2015-09-01,NL,1.0,81.0,112.0,3000.0,3000.0,Vestas,Vestas,V112/3000 Offshore,V112/3000 Offshore,1.0,EMODnet + OSM +thewindpower.net,2015.0
4.1625216,52.4121926,2015-09-01,NL,1.0,81.0,112.0,3000.0,3000.0,Vestas,Vestas,V112/3000 Offshore,V112/3000 Offshore,1.0,EMODnet + OSM +thewindpower.net,2015.0
4.1822872,52.4141565,2015-09-01,NL,1.0,81.0,112.0,3000.0,3000.0,Vestas,Vestas,V112/3000 Offshore,V112/3000 Offshore,1.0,EMODnet + OSM +thewindpower.net,2015.0
4.1553219,52.4145475,2015-09-01,NL,1.0,81.0,112.0,3000.0,3000.0,Vestas,Vestas,V112/3000 Offshore,V112/3000 Offshore,1.0,EMODnet + OSM +thewindpower.net,2015.0
4.1752514,52.4164476,2015-09-01,NL,1.0,81.0,112.0,3000.0,3000.0,Vestas,Vestas,V112/3000 Offshore,V112/3000 Offshore,1.0,EMODnet + OSM +thewindpower.net,2015.0
4.1481818,52.4167545,2015-09-01,NL,1.0,81.0,112.0,3000.0,3000.0,Vestas,Vestas,V112/3000 Offshore,V112/3000 Offshore,1.0,EMODnet + OSM +thewindpower.net,2015.0
4.1682306,52.4186023,2015-09-01,NL,1.0,81.0,112.0,3000.0,3000.0,Vestas,Vestas,V112/3000 Offshore,V112/3000 Offshore,1.0,EMODnet + OSM +thewindpower.net,2015.0
4.1947487,52.418775,2015-09-01,NL,1.0,81.0,112.0,3000.0,3000.0,Vestas,Vestas,V112/3000 Offshore,V112/3000 Offshore,1.0,EMODnet + OSM +thewindpower.net,2015.0
4.1860733,52.4208386,2015-09-01,NL,1.0,81.0,112.0,3000.0,3000.0,Vestas,Vestas,V112/3000 Offshore,V112/3000 Offshore,1.0,EMODnet + OSM +thewindpower.net,2015.0
4.1613291,52.420875,2015-09-01,NL,1.0,81.0,112.0,3000.0,3000.0,Vestas,Vestas,V112/3000 Offshore,V112/3000 Offshore,1.0,EMODnet + OSM +thewindpower.net,2015.0
4.1787544,52.4236203,2015-09-01,NL,1.0,81.0,112.0,3000.0,3000.0,Vestas,Vestas,V112/3000 Offshore,V112/3000 Offshore,1.0,EMODnet + OSM +thewindpower.net,2015.0
4.2003982,52.4239021,2015-09-01,NL,1.0,81.0,112.0,3000.0,3000.0,Vestas,Vestas,V112/3000 Offshore,V112/3000 Offshore,1.0,EMODnet + OSM +thewindpower.net,2015.0
2.8015,51.621333,2017-05-01,BE,1.0,72.0,112.0,3300.0,3300.0,Vestas,Vestas,V112/3300,V112/3300,1.0,EMODnet + OSM +thewindpower.net,2017.0
2.8332324,51.6475269,2017-05-01,BE,1.0,72.0,112.0,3300.0,3300.0,Vestas,Vestas,V112/3300,V112/3300,1.0,EMODnet + OSM +thewindpower.net,2017.0
2.866167,51.672167,2017-05-01,BE,1.0,72.0,112.0,3300.0,3300.0,Vestas,Vestas,V112/3300,V112/3300,1.0,EMODnet + OSM +thewindpower.net,2017.0
2.801,51.711333,2017-05-01,BE,1.0,72.0,112.0,3300.0,3300.0,Vestas,Vestas,V112/3300,V112/3300,1.0,EMODnet + OSM +thewindpower.net,2017.0
2.785333,51.684833,2017-05-01,BE,1.0,72.0,112.0,3300.0,3300.0,Vestas,Vestas,V112/3300,V112/3300,1.0,EMODnet + OSM +thewindpower.net,2017.0
2.7675,51.649,2017-05-01,BE,1.0,72.0,112.0,3300.0,3300.0,Vestas,Vestas,V112/3300,V112/3300,1.0,EMODnet + OSM +thewindpower.net,2017.0
2.766333,51.653,2017-05-01,BE,1.0,72.0,112.0,3300.0,3300.0,Vestas,Vestas,V112/3300,V112/3300,1.0,EMODnet + OSM +thewindpower.net,2017.0
2.8070507,51.7076538,2017-05-01,BE,1.0,72.0,112.0,3300.0,3300.0,Vestas,Vestas,V112/3300,V112/3300,1.0,EMODnet + OSM +thewindpower.net,2017.0
2.798852,51.7058722,2017-05-01,BE,1.0,72.0,112.0,3300.0,3300.0,Vestas,Vestas,V112/3300,V112/3300,1.0,EMODnet + OSM +thewindpower.net,2017.0
2.7922504,51.6950496,2017-05-01,BE,1.0,72.0,112.0,3300.0,3300.0,Vestas,Vestas,V112/3300,V112/3300,1.0,EMODnet + OSM +thewindpower.net,2017.0
2.7800055,51.6745192,2017-05-01,BE,1.0,72.0,112.0,3300.0,3300.0,Vestas,Vestas,V112/3300,V112/3300,1.0,EMODnet + OSM +thewindpower.net,2017.0
2.7732975,51.6636891,2017-05-01,BE,1.0,72.0,112.0,3300.0,3300.0,Vestas,Vestas,V112/3300,V112/3300,1.0,EMODnet + OSM +thewindpower.net,2017.0
2.7704226,51.6580749,2017-05-01,BE,1.0,72.0,112.0,3300.0,3300.0,Vestas,Vestas,V112/3300,V112/3300,1.0,EMODnet + OSM +thewindpower.net,2017.0
2.7998103,51.6251684,2017-05-01,BE,1.0,72.0,112.0,3300.0,3300.0,Vestas,Vestas,V112/3300,V112/3300,1.0,EMODnet + OSM +thewindpower.net,2017.0
2.7967224,51.6297292,2017-05-01,BE,1.0,72.0,112.0,3300.0,3300.0,Vestas,Vestas,V112/3300,V112/3300,1.0,EMODnet + OSM +thewindpower.net,2017.0
2.8049211,51.6297292,2017-05-01,BE,1.0,72.0,112.0,3300.0,3300.0,Vestas,Vestas,V112/3300,V112/3300,1.0,EMODnet + OSM +thewindpower.net,2017.0
2.8087543,51.6260938,2017-05-01,BE,1.0,72.0,112.0,3300.0,3300.0,Vestas,Vestas,V112/3300,V112/3300,1.0,EMODnet + OSM +thewindpower.net,2017.0
2.8139035,51.6324059,2017-05-01,BE,1.0,72.0,112.0,3300.0,3300.0,Vestas,Vestas,V112/3300,V112/3300,1.0,EMODnet + OSM +thewindpower.net,2017.0
2.8105644,51.6342234,2017-05-01,BE,1.0,72.0,112.0,3300.0,3300.0,Vestas,Vestas,V112/3300,V112/3300,1.0,EMODnet + OSM +thewindpower.net,2017.0
2.8061989,51.6372633,2017-05-01,BE,1.0,72.0,112.0,3300.0,3300.0,Vestas,Vestas,V112/3300,V112/3300,1.0,EMODnet + OSM +thewindpower.net,2017.0
2.820505,51.6371642,2017-05-01,BE,1.0,72.0,112.0,3300.0,3300.0,Vestas,Vestas,V112/3300,V112/3300,1.0,EMODnet + OSM +thewindpower.net,2017.0
2.8167401,51.639378,2017-05-01,BE,1.0,72.0,112.0,3300.0,3300.0,Vestas,Vestas,V112/3300,V112/3300,1.0,EMODnet + OSM +thewindpower.net,2017.0
2.8113098,51.6426158,2017-05-01,BE,1.0,72.0,112.0,3300.0,3300.0,Vestas,Vestas,V112/3300,V112/3300,1.0,EMODnet + OSM +thewindpower.net,2017.0
2.8145041,51.6484301,2017-05-01,BE,1.0,72.0,112.0,3300.0,3300.0,Vestas,Vestas,V112/3300,V112/3300,1.0,EMODnet + OSM +thewindpower.net,2017.0
2.8208927,51.645523,2017-05-01,BE,1.0,72.0,112.0,3300.0,3300.0,Vestas,Vestas,V112/3300,V112/3300,1.0,EMODnet + OSM +thewindpower.net,2017.0
2.8249771,51.6428472,2017-05-01,BE,1.0,72.0,112.0,3300.0,3300.0,Vestas,Vestas,V112/3300,V112/3300,1.0,EMODnet + OSM +thewindpower.net,2017.0
2.826323,51.6495532,2017-05-01,BE,1.0,72.0,112.0,3300.0,3300.0,Vestas,Vestas,V112/3300,V112/3300,1.0,EMODnet + OSM +thewindpower.net,2017.0
2.8176984,51.6540455,2017-05-01,BE,1.0,72.0,112.0,3300.0,3300.0,Vestas,Vestas,V112/3300,V112/3300,1.0,EMODnet + OSM +thewindpower.net,2017.0
2.8211056,51.6593959,2017-05-01,BE,1.0,72.0,112.0,3300.0,3300.0,Vestas,Vestas,V112/3300,V112/3300,1.0,EMODnet + OSM +thewindpower.net,2017.0
2.8302627,51.6545079,2017-05-01,BE,1.0,72.0,112.0,3300.0,3300.0,Vestas,Vestas,V112/3300,V112/3300,1.0,EMODnet + OSM +thewindpower.net,2017.0
2.8404162,51.6522291,2017-05-01,BE,1.0,72.0,112.0,3300.0,3300.0,Vestas,Vestas,V112/3300,V112/3300,1.0,EMODnet + OSM +thewindpower.net,2017.0
2.8466984,51.6573817,2017-05-01,BE,1.0,72.0,112.0,3300.0,3300.0,Vestas,Vestas,V112/3300,V112/3300,1.0,EMODnet + OSM +thewindpower.net,2017.0
2.8349476,51.659462,2017-05-01,BE,1.0,72.0,112.0,3300.0,3300.0,Vestas,Vestas,V112/3300,V112/3300,1.0,EMODnet + OSM +thewindpower.net,2017.0
2.8248323,51.6648779,2017-05-01,BE,1.0,72.0,112.0,3300.0,3300.0,Vestas,Vestas,V112/3300,V112/3300,1.0,EMODnet + OSM +thewindpower.net,2017.0
2.8327116,51.6671233,2017-05-01,BE,1.0,72.0,112.0,3300.0,3300.0,Vestas,Vestas,V112/3300,V112/3300,1.0,EMODnet + OSM +thewindpower.net,2017.0
2.8276007,51.6706233,2017-05-01,BE,1.0,72.0,112.0,3300.0,3300.0,Vestas,Vestas,V112/3300,V112/3300,1.0,EMODnet + OSM +thewindpower.net,2017.0
2.8313274,51.6763019,2017-05-01,BE,1.0,72.0,112.0,3300.0,3300.0,Vestas,Vestas,V112/3300,V112/3300,1.0,EMODnet + OSM +thewindpower.net,2017.0
2.8403097,51.6698644,2017-05-01,BE,1.0,72.0,112.0,3300.0,3300.0,Vestas,Vestas,V112/3300,V112/3300,1.0,EMODnet + OSM +thewindpower.net,2017.0
2.8486149,51.6655718,2017-05-01,BE,1.0,72.0,112.0,3300.0,3300.0,Vestas,Vestas,V112/3300,V112/3300,1.0,EMODnet + OSM +thewindpower.net,2017.0
2.8534064,51.6625997,2017-05-01,BE,1.0,72.0,112.0,3300.0,3300.0,Vestas,Vestas,V112/3300,V112/3300,1.0,EMODnet + OSM +thewindpower.net,2017.0
2.8598632,51.6669912,2017-05-01,BE,1.0,72.0,112.0,3300.0,3300.0,Vestas,Vestas,V112/3300,V112/3300,1.0,EMODnet + OSM +thewindpower.net,2017.0
2.8553912,51.6696988,2017-05-01,BE,1.0,72.0,112.0,3300.0,3300.0,Vestas,Vestas,V112/3300,V112/3300,1.0,EMODnet + OSM +thewindpower.net,2017.0
2.8485767,51.6723402,2017-05-01,BE,1.0,72.0,112.0,3300.0,3300.0,Vestas,Vestas,V112/3300,V112/3300,1.0,EMODnet + OSM +thewindpower.net,2017.0
2.8442111,51.6751134,2017-05-01,BE,1.0,72.0,112.0,3300.0,3300.0,Vestas,Vestas,V112/3300,V112/3300,1.0,EMODnet + OSM +thewindpower.net,2017.0
2.8396326,51.6784808,2017-05-01,BE,1.0,72.0,112.0,3300.0,3300.0,Vestas,Vestas,V112/3300,V112/3300,1.0,EMODnet + OSM +thewindpower.net,2017.0
2.8467666,51.6838284,2017-05-01,BE,1.0,72.0,112.0,3300.0,3300.0,Vestas,Vestas,V112/3300,V112/3300,1.0,EMODnet + OSM +thewindpower.net,2017.0
2.851771,51.6809896,2017-05-01,BE,1.0,72.0,112.0,3300.0,3300.0,Vestas,Vestas,V112/3300,V112/3300,1.0,EMODnet + OSM +thewindpower.net,2017.0
2.8554977,51.6782827,2017-05-01,BE,1.0,72.0,112.0,3300.0,3300.0,Vestas,Vestas,V112/3300,V112/3300,1.0,EMODnet + OSM +thewindpower.net,2017.0
2.8615669,51.6748493,2017-05-01,BE,1.0,72.0,112.0,3300.0,3300.0,Vestas,Vestas,V112/3300,V112/3300,1.0,EMODnet + OSM +thewindpower.net,2017.0
2.955167,51.618167,2018-01-01,BE,1.0,106.0,154.0,7357.142857142857,7357.142857142857,Siemens D7,Siemens D7,SWT-7.0-154,SWT-7.0-154,1.0,EMODnet + OSM +thewindpower.net,2018.0
2.9624589,51.6139414,2018-01-01,BE,1.0,106.0,154.0,7357.142857142857,7357.142857142857,Siemens D7,Siemens D7,SWT-7.0-154,SWT-7.0-154,1.0,EMODnet + OSM +thewindpower.net,2018.0
2.9693808,51.6109456,2018-01-01,BE,1.0,106.0,154.0,7357.142857142857,7357.142857142857,Siemens D7,Siemens D7,SWT-7.0-154,SWT-7.0-154,1.0,EMODnet + OSM +thewindpower.net,2018.0
2.9757783,51.6068424,2018-01-01,BE,1.0,106.0,154.0,7357.142857142857,7357.142857142857,Siemens D7,Siemens D7,SWT-7.0-154,SWT-7.0-154,1.0,EMODnet + OSM +thewindpower.net,2018.0
2.9815,51.603167,2018-01-01,BE,1.0,106.0,154.0,7357.142857142857,7357.142857142857,Siemens D7,Siemens D7,SWT-7.0-154,SWT-7.0-154,1.0,EMODnet + OSM +thewindpower.net,2018.0
2.987944,51.5986347,2018-01-01,BE,1.0,106.0,154.0,7357.142857142857,7357.142857142857,Siemens D7,Siemens D7,SWT-7.0-154,SWT-7.0-154,1.0,EMODnet + OSM +thewindpower.net,2018.0
2.9959147,51.5950515,2018-01-01,BE,1.0,106.0,154.0,7357.142857142857,7357.142857142857,Siemens D7,Siemens D7,SWT-7.0-154,SWT-7.0-154,1.0,EMODnet + OSM +thewindpower.net,2018.0
3.001,51.5915,2018-01-01,BE,1.0,106.0,154.0,7357.142857142857,7357.142857142857,Siemens D7,Siemens D7,SWT-7.0-154,SWT-7.0-154,1.0,EMODnet + OSM +thewindpower.net,2018.0
2.9880489,51.5883405,2018-01-01,BE,1.0,106.0,154.0,7357.142857142857,7357.142857142857,Siemens D7,Siemens D7,SWT-7.0-154,SWT-7.0-154,1.0,EMODnet + OSM +thewindpower.net,2018.0
2.9816514,51.5927712,2018-01-01,BE,1.0,106.0,154.0,7357.142857142857,7357.142857142857,Siemens D7,Siemens D7,SWT-7.0-154,SWT-7.0-154,1.0,EMODnet + OSM +thewindpower.net,2018.0
2.9747295,51.5974621,2018-01-01,BE,1.0,106.0,154.0,7357.142857142857,7357.142857142857,Siemens D7,Siemens D7,SWT-7.0-154,SWT-7.0-154,1.0,EMODnet + OSM +thewindpower.net,2018.0
2.9535444,51.6094477,2018-01-01,BE,1.0,106.0,154.0,7357.142857142857,7357.142857142857,Siemens D7,Siemens D7,SWT-7.0-154,SWT-7.0-154,1.0,EMODnet + OSM +thewindpower.net,2018.0
2.9465176,51.6130948,2018-01-01,BE,1.0,106.0,154.0,7357.142857142857,7357.142857142857,Siemens D7,Siemens D7,SWT-7.0-154,SWT-7.0-154,1.0,EMODnet + OSM +thewindpower.net,2018.0
2.9365543,51.6074286,2018-01-01,BE,1.0,106.0,154.0,7357.142857142857,7357.142857142857,Siemens D7,Siemens D7,SWT-7.0-154,SWT-7.0-154,1.0,EMODnet + OSM +thewindpower.net,2018.0
2.9528102,51.5984393,2018-01-01,BE,1.0,106.0,154.0,7357.142857142857,7357.142857142857,Siemens D7,Siemens D7,SWT-7.0-154,SWT-7.0-154,1.0,EMODnet + OSM +thewindpower.net,2018.0
2.9686466,51.589383,2018-01-01,BE,1.0,106.0,154.0,7357.142857142857,7357.142857142857,Siemens D7,Siemens D7,SWT-7.0-154,SWT-7.0-154,1.0,EMODnet + OSM +thewindpower.net,2018.0
2.9763027,51.585343,2018-01-01,BE,1.0,106.0,154.0,7357.142857142857,7357.142857142857,Siemens D7,Siemens D7,SWT-7.0-154,SWT-7.0-154,1.0,EMODnet + OSM +thewindpower.net,2018.0
2.964667,51.580333,2018-01-01,BE,1.0,106.0,154.0,7357.142857142857,7357.142857142857,Siemens D7,Siemens D7,SWT-7.0-154,SWT-7.0-154,1.0,EMODnet + OSM +thewindpower.net,2018.0
2.9577394,51.5846261,2018-01-01,BE,1.0,106.0,154.0,7357.142857142857,7357.142857142857,Siemens D7,Siemens D7,SWT-7.0-154,SWT-7.0-154,1.0,EMODnet + OSM +thewindpower.net,2018.0
2.9503981,51.5888617,2018-01-01,BE,1.0,106.0,154.0,7357.142857142857,7357.142857142857,Siemens D7,Siemens D7,SWT-7.0-154,SWT-7.0-154,1.0,EMODnet + OSM +thewindpower.net,2018.0
2.941903,51.5936182,2018-01-01,BE,1.0,106.0,154.0,7357.142857142857,7357.142857142857,Siemens D7,Siemens D7,SWT-7.0-154,SWT-7.0-154,1.0,EMODnet + OSM +thewindpower.net,2018.0
2.9345616,51.5983741,2018-01-01,BE,1.0,106.0,154.0,7357.142857142857,7357.142857142857,Siemens D7,Siemens D7,SWT-7.0-154,SWT-7.0-154,1.0,EMODnet + OSM +thewindpower.net,2018.0
2.924833,51.603167,2018-01-01,BE,1.0,106.0,154.0,7357.142857142857,7357.142857142857,Siemens D7,Siemens D7,SWT-7.0-154,SWT-7.0-154,1.0,EMODnet + OSM +thewindpower.net,2018.0
2.9142155,51.5984393,2018-01-01,BE,1.0,106.0,154.0,7357.142857142857,7357.142857142857,Siemens D7,Siemens D7,SWT-7.0-154,SWT-7.0-154,1.0,EMODnet + OSM +thewindpower.net,2018.0
2.922291,51.5947909,2018-01-01,BE,1.0,106.0,154.0,7357.142857142857,7357.142857142857,Siemens D7,Siemens D7,SWT-7.0-154,SWT-7.0-154,1.0,EMODnet + OSM +thewindpower.net,2018.0
2.9284788,51.5904256,2018-01-01,BE,1.0,106.0,154.0,7357.142857142857,7357.142857142857,Siemens D7,Siemens D7,SWT-7.0-154,SWT-7.0-154,1.0,EMODnet + OSM +thewindpower.net,2018.0
2.9488249,51.5787608,2018-01-01,BE,1.0,106.0,154.0,7357.142857142857,7357.142857142857,Siemens D7,Siemens D7,SWT-7.0-154,SWT-7.0-154,1.0,EMODnet + OSM +thewindpower.net,2018.0
2.9481956,51.5693747,2018-01-01,BE,1.0,106.0,154.0,7357.142857142857,7357.142857142857,Siemens D7,Siemens D7,SWT-7.0-154,SWT-7.0-154,1.0,EMODnet + OSM +thewindpower.net,2018.0
2.9401201,51.5730251,2018-01-01,BE,1.0,106.0,154.0,7357.142857142857,7357.142857142857,Siemens D7,Siemens D7,SWT-7.0-154,SWT-7.0-154,1.0,EMODnet + OSM +thewindpower.net,2018.0
2.9322543,51.5775225,2018-01-01,BE,1.0,106.0,154.0,7357.142857142857,7357.142857142857,Siemens D7,Siemens D7,SWT-7.0-154,SWT-7.0-154,1.0,EMODnet + OSM +thewindpower.net,2018.0
2.9242837,51.5818891,2018-01-01,BE,1.0,106.0,154.0,7357.142857142857,7357.142857142857,Siemens D7,Siemens D7,SWT-7.0-154,SWT-7.0-154,1.0,EMODnet + OSM +thewindpower.net,2018.0
2.9171521,51.5863204,2018-01-01,BE,1.0,106.0,154.0,7357.142857142857,7357.142857142857,Siemens D7,Siemens D7,SWT-7.0-154,SWT-7.0-154,1.0,EMODnet + OSM +thewindpower.net,2018.0
2.9085522,51.5908165,2018-01-01,BE,1.0,106.0,154.0,7357.142857142857,7357.142857142857,Siemens D7,Siemens D7,SWT-7.0-154,SWT-7.0-154,1.0,EMODnet + OSM +thewindpower.net,2018.0
2.901001,51.5951818,2018-01-01,BE,1.0,106.0,154.0,7357.142857142857,7357.142857142857,Siemens D7,Siemens D7,SWT-7.0-154,SWT-7.0-154,1.0,EMODnet + OSM +thewindpower.net,2018.0
2.890667,51.590833,2018-01-01,BE,1.0,106.0,154.0,7357.142857142857,7357.142857142857,Siemens D7,Siemens D7,SWT-7.0-154,SWT-7.0-154,1.0,EMODnet + OSM +thewindpower.net,2018.0
2.898484,51.5858643,2018-01-01,BE,1.0,106.0,154.0,7357.142857142857,7357.142857142857,Siemens D7,Siemens D7,SWT-7.0-154,SWT-7.0-154,1.0,EMODnet + OSM +thewindpower.net,2018.0
2.9062449,51.5813677,2018-01-01,BE,1.0,106.0,154.0,7357.142857142857,7357.142857142857,Siemens D7,Siemens D7,SWT-7.0-154,SWT-7.0-154,1.0,EMODnet + OSM +thewindpower.net,2018.0
2.9135,51.577,2018-01-01,BE,1.0,106.0,154.0,7357.142857142857,7357.142857142857,Siemens D7,Siemens D7,SWT-7.0-154,SWT-7.0-154,1.0,EMODnet + OSM +thewindpower.net,2018.0
2.9219764,51.5721125,2018-01-01,BE,1.0,106.0,154.0,7357.142857142857,7357.142857142857,Siemens D7,Siemens D7,SWT-7.0-154,SWT-7.0-154,1.0,EMODnet + OSM +thewindpower.net,2018.0
2.9307861,51.5681361,2018-01-01,BE,1.0,106.0,154.0,7357.142857142857,7357.142857142857,Siemens D7,Siemens D7,SWT-7.0-154,SWT-7.0-154,1.0,EMODnet + OSM +thewindpower.net,2018.0
2.9385,51.564,2018-01-01,BE,1.0,106.0,154.0,7357.142857142857,7357.142857142857,Siemens D7,Siemens D7,SWT-7.0-154,SWT-7.0-154,1.0,EMODnet + OSM +thewindpower.net,2018.0
2.459336,52.2775328,2020-07-01,GB,1.0,120.0,154.0,7000.0,7000.0,Siemens,Siemens,SWT-7.0-154,SWT-7.0-154,1.0,EMODnet + OSM +thewindpower.net,2020.0
2.511659,52.1814821,2020-07-01,GB,1.0,120.0,154.0,7000.0,7000.0,Siemens,Siemens,SWT-7.0-154,SWT-7.0-154,1.0,EMODnet + OSM +thewindpower.net,2020.0
2.4502363,52.2353852,2020-07-01,GB,1.0,120.0,154.0,7000.0,7000.0,Siemens,Siemens,SWT-7.0-154,SWT-7.0-154,1.0,EMODnet + OSM +thewindpower.net,2020.0
2.476322,52.2458795,2020-07-01,GB,1.0,120.0,154.0,7000.0,7000.0,Siemens,Siemens,SWT-7.0-154,SWT-7.0-154,1.0,EMODnet + OSM +thewindpower.net,2020.0
2.4804169,52.2393789,2020-07-01,GB,1.0,120.0,154.0,7000.0,7000.0,Siemens,Siemens,SWT-7.0-154,SWT-7.0-154,1.0,EMODnet + OSM +thewindpower.net,2020.0
2.486635,52.2259105,2020-07-01,GB,1.0,120.0,154.0,7000.0,7000.0,Siemens,Siemens,SWT-7.0-154,SWT-7.0-154,1.0,EMODnet + OSM +thewindpower.net,2020.0
2.4902748,52.2195928,2020-07-01,GB,1.0,120.0,154.0,7000.0,7000.0,Siemens,Siemens,SWT-7.0-154,SWT-7.0-154,1.0,EMODnet + OSM +thewindpower.net,2020.0
2.5443379,52.1785062,2020-07-01,GB,1.0,120.0,154.0,7000.0,7000.0,Siemens,Siemens,SWT-7.0-154,SWT-7.0-154,1.0,EMODnet + OSM +thewindpower.net,2020.0
2.5407638,52.1845998,2020-07-01,GB,1.0,120.0,154.0,7000.0,7000.0,Siemens,Siemens,SWT-7.0-154,SWT-7.0-154,1.0,EMODnet + OSM +thewindpower.net,2020.0
2.5375931,52.1910593,2020-07-01,GB,1.0,120.0,154.0,7000.0,7000.0,Siemens Gamesa,Siemens Gamesa,SWT-7.0-154,SWT-7.0-154,1.0,EMODnet + OSM +thewindpower.net,2020.0
2.5342565,52.1979388,2020-07-01,GB,1.0,120.0,154.0,7000.0,7000.0,Siemens,Siemens,SWT-7.0-154,SWT-7.0-154,1.0,EMODnet + OSM +thewindpower.net,2020.0
2.5310717,52.2037948,2020-07-01,GB,1.0,120.0,154.0,7000.0,7000.0,Siemens,Siemens,SWT-7.0-154,SWT-7.0-154,1.0,EMODnet + OSM +thewindpower.net,2020.0
2.5287967,52.2103935,2020-07-01,GB,1.0,120.0,154.0,7000.0,7000.0,Siemens,Siemens,SWT-7.0-154,SWT-7.0-154,1.0,EMODnet + OSM +thewindpower.net,2020.0
2.5242527,52.2169263,2020-07-01,GB,1.0,120.0,154.0,7000.0,7000.0,Siemens,Siemens,SWT-7.0-154,SWT-7.0-154,1.0,EMODnet + OSM +thewindpower.net,2020.0
2.5203037,52.2229376,2020-07-01,GB,1.0,120.0,154.0,7000.0,7000.0,Siemens,Siemens,SWT-7.0-154,SWT-7.0-154,1.0,EMODnet + OSM +thewindpower.net,2020.0
2.5171188,52.2288832,2020-07-01,GB,1.0,120.0,154.0,7000.0,7000.0,Siemens,Siemens,SWT-7.0-154,SWT-7.0-154,1.0,EMODnet + OSM +thewindpower.net,2020.0
2.5131756,52.2352924,2020-07-01,GB,1.0,120.0,154.0,7000.0,7000.0,Siemens,Siemens,SWT-7.0-154,SWT-7.0-154,1.0,EMODnet + OSM +thewindpower.net,2020.0
2.5104457,52.2417935,2020-07-01,GB,1.0,120.0,154.0,7000.0,7000.0,Siemens,Siemens,SWT-7.0-154,SWT-7.0-154,1.0,EMODnet + OSM +thewindpower.net,2020.0
2.4966446,52.2676029,2020-07-01,GB,1.0,120.0,154.0,7000.0,7000.0,Siemens,Siemens,SWT-7.0-154,SWT-7.0-154,1.0,EMODnet + OSM +thewindpower.net,2020.0
2.4867866,52.2879243,2020-07-01,GB,1.0,120.0,154.0,7000.0,7000.0,Siemens,Siemens,SWT-7.0-154,SWT-7.0-154,1.0,EMODnet + OSM +thewindpower.net,2020.0
2.5316783,52.3192695,2020-07-01,GB,1.0,120.0,154.0,7000.0,7000.0,Siemens,Siemens,SWT-7.0-154,SWT-7.0-154,1.0,EMODnet + OSM +thewindpower.net,2020.0
2.5357731,52.3131506,2020-07-01,GB,1.0,120.0,154.0,7000.0,7000.0,Siemens,Siemens,SWT-7.0-154,SWT-7.0-154,1.0,EMODnet + OSM +thewindpower.net,2020.0
2.5391097,52.3066599,2020-07-01,GB,1.0,120.0,154.0,7000.0,7000.0,Siemens,Siemens,SWT-7.0-154,SWT-7.0-154,1.0,EMODnet + OSM +thewindpower.net,2020.0
2.5419913,52.3001682,2020-07-01,GB,1.0,120.0,154.0,7000.0,7000.0,Siemens,Siemens,SWT-7.0-154,SWT-7.0-154,1.0,EMODnet + OSM +thewindpower.net,2020.0
2.549726,52.2875532,2020-07-01,GB,1.0,120.0,154.0,7000.0,7000.0,Siemens,Siemens,SWT-7.0-154,SWT-7.0-154,1.0,EMODnet + OSM +thewindpower.net,2020.0
2.5298584,52.2651897,2020-07-01,GB,1.0,120.0,154.0,7000.0,7000.0,Siemens,Siemens,SWT-7.0-154,SWT-7.0-154,1.0,EMODnet + OSM +thewindpower.net,2020.0
2.5263702,52.2716865,2020-07-01,GB,1.0,120.0,154.0,7000.0,7000.0,Siemens,Siemens,SWT-7.0-154,SWT-7.0-154,1.0,EMODnet + OSM +thewindpower.net,2020.0
2.5230336,52.2776256,2020-07-01,GB,1.0,120.0,154.0,7000.0,7000.0,Siemens,Siemens,SWT-7.0-154,SWT-7.0-154,1.0,EMODnet + OSM +thewindpower.net,2020.0
2.5159055,52.2900579,2020-07-01,GB,1.0,120.0,154.0,7000.0,7000.0,Siemens,Siemens,SWT-7.0-154,SWT-7.0-154,1.0,EMODnet + OSM +thewindpower.net,2020.0
2.5092325,52.3036924,2020-07-01,GB,1.0,120.0,154.0,7000.0,7000.0,Siemens,Siemens,SWT-7.0-154,SWT-7.0-154,1.0,EMODnet + OSM +thewindpower.net,2020.0
2.5054409,52.3096272,2020-07-01,GB,1.0,120.0,154.0,7000.0,7000.0,Siemens,Siemens,SWT-7.0-154,SWT-7.0-154,1.0,EMODnet + OSM +thewindpower.net,2020.0
2.5019527,52.3164883,2020-07-01,GB,1.0,120.0,154.0,7000.0,7000.0,Siemens,Siemens,SWT-7.0-154,SWT-7.0-154,1.0,EMODnet + OSM +thewindpower.net,2020.0
2.4987678,52.3227921,2020-07-01,GB,1.0,120.0,154.0,7000.0,7000.0,Siemens,Siemens,SWT-7.0-154,SWT-7.0-154,1.0,EMODnet + OSM +thewindpower.net,2020.0
2.5586127,52.3294648,2020-07-01,GB,1.0,120.0,154.0,7000.0,7000.0,Siemens,Siemens,SWT-7.0-154,SWT-7.0-154,1.0,EMODnet + OSM +thewindpower.net,2020.0
2.5620459,52.3234848,2020-07-01,GB,1.0,120.0,154.0,7000.0,7000.0,Siemens,Siemens,SWT-7.0-154,SWT-7.0-154,1.0,EMODnet + OSM +thewindpower.net,2020.0
2.5654791,52.3169793,2020-07-01,GB,1.0,120.0,154.0,7000.0,7000.0,Siemens,Siemens,SWT-7.0-154,SWT-7.0-154,1.0,EMODnet + OSM +thewindpower.net,2020.0
2.5689123,52.3091085,2020-07-01,GB,1.0,120.0,154.0,7000.0,7000.0,Siemens,Siemens,SWT-7.0-154,SWT-7.0-154,1.0,EMODnet + OSM +thewindpower.net,2020.0
2.5631616,52.2615388,2020-07-01,GB,1.0,120.0,154.0,7000.0,7000.0,Siemens,Siemens,SWT-7.0-154,SWT-7.0-154,1.0,EMODnet + OSM +thewindpower.net,2020.0
2.5599859,52.2668968,2020-07-01,GB,1.0,120.0,154.0,7000.0,7000.0,Siemens,Siemens,SWT-7.0-154,SWT-7.0-154,1.0,EMODnet + OSM +thewindpower.net,2020.0
2.5580977,52.2739349,2020-07-01,GB,1.0,120.0,154.0,7000.0,7000.0,Siemens,Siemens,SWT-7.0-154,SWT-7.0-154,1.0,EMODnet + OSM +thewindpower.net,2020.0
2.5531195,52.2806568,2020-07-01,GB,1.0,120.0,154.0,7000.0,7000.0,Siemens,Siemens,SWT-7.0-154,SWT-7.0-154,1.0,EMODnet + OSM +thewindpower.net,2020.0
2.5460814,52.2932576,2020-07-01,GB,1.0,120.0,154.0,7000.0,7000.0,Siemens,Siemens,SWT-7.0-154,SWT-7.0-154,1.0,EMODnet + OSM +thewindpower.net,2020.0
2.5325201,52.2583341,2020-07-01,GB,1.0,120.0,154.0,7000.0,7000.0,Siemens,Siemens,SWT-7.0-154,SWT-7.0-154,1.0,EMODnet + OSM +thewindpower.net,2020.0
2.5367259,52.2524496,2020-07-01,GB,1.0,120.0,154.0,7000.0,7000.0,Siemens,Siemens,SWT-7.0-154,SWT-7.0-154,1.0,EMODnet + OSM +thewindpower.net,2020.0
2.5400732,52.2456709,2020-07-01,GB,1.0,120.0,154.0,7000.0,7000.0,Siemens,Siemens,SWT-7.0-154,SWT-7.0-154,1.0,EMODnet + OSM +thewindpower.net,2020.0
2.5436781,52.2393641,2020-07-01,GB,1.0,120.0,154.0,7000.0,7000.0,Siemens,Siemens,SWT-7.0-154,SWT-7.0-154,1.0,EMODnet + OSM +thewindpower.net,2020.0
2.5469397,52.2331617,2020-07-01,GB,1.0,120.0,154.0,7000.0,7000.0,Siemens,Siemens,SWT-7.0-154,SWT-7.0-154,1.0,EMODnet + OSM +thewindpower.net,2020.0
2.5502012,52.2264326,2020-07-01,GB,1.0,120.0,154.0,7000.0,7000.0,Siemens,Siemens,SWT-7.0-154,SWT-7.0-154,1.0,EMODnet + OSM +thewindpower.net,2020.0
2.5536345,52.2202283,2020-07-01,GB,1.0,120.0,154.0,7000.0,7000.0,Siemens,Siemens,SWT-7.0-154,SWT-7.0-154,1.0,EMODnet + OSM +thewindpower.net,2020.0
2.557411,52.2136025,2020-07-01,GB,1.0,120.0,154.0,7000.0,7000.0,Siemens,Siemens,SWT-7.0-154,SWT-7.0-154,1.0,EMODnet + OSM +thewindpower.net,2020.0
2.5035094,52.2548139,2020-07-01,GB,1.0,120.0,154.0,7000.0,7000.0,Siemens,Siemens,SWT-7.0-154,SWT-7.0-154,1.0,EMODnet + OSM +thewindpower.net,2020.0
2.5002908,52.2613483,2020-07-01,GB,1.0,120.0,154.0,7000.0,7000.0,Siemens,Siemens,SWT-7.0-154,SWT-7.0-154,1.0,EMODnet + OSM +thewindpower.net,2020.0
2.493081,52.2741449,2020-07-01,GB,1.0,120.0,154.0,7000.0,7000.0,Siemens,Siemens,SWT-7.0-154,SWT-7.0-154,1.0,EMODnet + OSM +thewindpower.net,2020.0
2.4898195,52.2805517,2020-07-01,GB,1.0,120.0,154.0,7000.0,7000.0,Siemens,Siemens,SWT-7.0-154,SWT-7.0-154,1.0,EMODnet + OSM +thewindpower.net,2020.0
2.4827383,52.2933626,2020-07-01,GB,1.0,120.0,154.0,7000.0,7000.0,Siemens,Siemens,SWT-7.0-154,SWT-7.0-154,1.0,EMODnet + OSM +thewindpower.net,2020.0
2.4793051,52.2995566,2020-07-01,GB,1.0,120.0,154.0,7000.0,7000.0,Siemens,Siemens,SWT-7.0-154,SWT-7.0-154,1.0,EMODnet + OSM +thewindpower.net,2020.0
2.4756144,52.3059597,2020-07-01,GB,1.0,120.0,154.0,7000.0,7000.0,Siemens,Siemens,SWT-7.0-154,SWT-7.0-154,1.0,EMODnet + OSM +thewindpower.net,2020.0
2.4557875,52.2838073,2020-07-01,GB,1.0,120.0,154.0,7000.0,7000.0,Siemens,Siemens,SWT-7.0-154,SWT-7.0-154,1.0,EMODnet + OSM +thewindpower.net,2020.0
2.4629973,52.271519,2020-07-01,GB,1.0,120.0,154.0,7000.0,7000.0,Siemens,Siemens,SWT-7.0-154,SWT-7.0-154,1.0,EMODnet + OSM +thewindpower.net,2020.0
2.4660872,52.2650058,2020-07-01,GB,1.0,120.0,154.0,7000.0,7000.0,Siemens,Siemens,SWT-7.0-154,SWT-7.0-154,1.0,EMODnet + OSM +thewindpower.net,2020.0
2.4695204,52.2583867,2020-07-01,GB,1.0,120.0,154.0,7000.0,7000.0,Siemens,Siemens,SWT-7.0-154,SWT-7.0-154,1.0,EMODnet + OSM +thewindpower.net,2020.0
2.4734686,52.2515563,2020-07-01,GB,1.0,120.0,154.0,7000.0,7000.0,Siemens,Siemens,SWT-7.0-154,SWT-7.0-154,1.0,EMODnet + OSM +thewindpower.net,2020.0
2.429695,52.2134973,2020-07-01,GB,1.0,120.0,154.0,7000.0,7000.0,Siemens,Siemens,SWT-7.0-154,SWT-7.0-154,1.0,EMODnet + OSM +thewindpower.net,2020.0
2.4345015,52.2068704,2020-07-01,GB,1.0,120.0,154.0,7000.0,7000.0,Siemens,Siemens,SWT-7.0-154,SWT-7.0-154,1.0,EMODnet + OSM +thewindpower.net,2020.0
2.4365614,52.2001373,2020-07-01,GB,1.0,120.0,154.0,7000.0,7000.0,Siemens,Siemens,SWT-7.0-154,SWT-7.0-154,1.0,EMODnet + OSM +thewindpower.net,2020.0
2.4403379,52.1934558,2020-07-01,GB,1.0,120.0,154.0,7000.0,7000.0,Siemens,Siemens,SWT-7.0-154,SWT-7.0-154,1.0,EMODnet + OSM +thewindpower.net,2020.0
2.4434279,52.1874049,2020-07-01,GB,1.0,120.0,154.0,7000.0,7000.0,Siemens,Siemens,SWT-7.0-154,SWT-7.0-154,1.0,EMODnet + OSM +thewindpower.net,2020.0
2.4474619,52.1810109,2020-07-01,GB,1.0,120.0,154.0,7000.0,7000.0,Siemens,Siemens,SWT-7.0-154,SWT-7.0-154,1.0,EMODnet + OSM +thewindpower.net,2020.0
2.4533842,52.1679571,2020-07-01,GB,1.0,120.0,154.0,7000.0,7000.0,Siemens,Siemens,SWT-7.0-154,SWT-7.0-154,1.0,EMODnet + OSM +thewindpower.net,2020.0
2.4580191,52.1619289,2020-07-01,GB,1.0,120.0,154.0,7000.0,7000.0,Siemens,Siemens,SWT-7.0-154,SWT-7.0-154,1.0,EMODnet + OSM +thewindpower.net,2020.0
2.462139,52.1549784,2020-07-01,GB,1.0,120.0,154.0,7000.0,7000.0,Siemens,Siemens,SWT-7.0-154,SWT-7.0-154,1.0,EMODnet + OSM +thewindpower.net,2020.0
2.4465178,52.2418869,2020-07-01,GB,1.0,120.0,154.0,7000.0,7000.0,Siemens,Siemens,SWT-7.0-154,SWT-7.0-154,1.0,EMODnet + OSM +thewindpower.net,2020.0
2.4538992,52.2291664,2020-07-01,GB,1.0,120.0,154.0,7000.0,7000.0,Siemens,Siemens,SWT-7.0-154,SWT-7.0-154,1.0,EMODnet + OSM +thewindpower.net,2020.0
2.4575041,52.2231728,2020-07-01,GB,1.0,120.0,154.0,7000.0,7000.0,Siemens,Siemens,SWT-7.0-154,SWT-7.0-154,1.0,EMODnet + OSM +thewindpower.net,2020.0
2.460594,52.2165474,2020-07-01,GB,1.0,120.0,154.0,7000.0,7000.0,Siemens,Siemens,SWT-7.0-154,SWT-7.0-154,1.0,EMODnet + OSM +thewindpower.net,2020.0
2.4652289,52.2104469,2020-07-01,GB,1.0,120.0,154.0,7000.0,7000.0,Siemens,Siemens,SWT-7.0-154,SWT-7.0-154,1.0,EMODnet + OSM +thewindpower.net,2020.0
2.4676321,52.2030832,2020-07-01,GB,1.0,120.0,154.0,7000.0,7000.0,Siemens,Siemens,SWT-7.0-154,SWT-7.0-154,1.0,EMODnet + OSM +thewindpower.net,2020.0
2.471237,52.1964548,2020-07-01,GB,1.0,120.0,154.0,7000.0,7000.0,Siemens,Siemens,SWT-7.0-154,SWT-7.0-154,1.0,EMODnet + OSM +thewindpower.net,2020.0
2.4736403,52.1904568,2020-07-01,GB,1.0,120.0,154.0,7000.0,7000.0,Siemens,Siemens,SWT-7.0-154,SWT-7.0-154,1.0,EMODnet + OSM +thewindpower.net,2020.0
2.4770735,52.1838265,2020-07-01,GB,1.0,120.0,154.0,7000.0,7000.0,Siemens,Siemens,SWT-7.0-154,SWT-7.0-154,1.0,EMODnet + OSM +thewindpower.net,2020.0
2.4803994,52.1776821,2020-07-01,GB,1.0,120.0,154.0,7000.0,7000.0,Siemens,Siemens,SWT-7.0-154,SWT-7.0-154,1.0,EMODnet + OSM +thewindpower.net,2020.0
2.4870299,52.1650879,2020-07-01,GB,1.0,120.0,154.0,7000.0,7000.0,Siemens,Siemens,SWT-7.0-154,SWT-7.0-154,1.0,EMODnet + OSM +thewindpower.net,2020.0
2.4900983,52.1591252,2020-07-01,GB,1.0,120.0,154.0,7000.0,7000.0,Siemens,Siemens,SWT-7.0-154,SWT-7.0-154,1.0,EMODnet + OSM +thewindpower.net,2020.0
2.4837683,52.2321103,2020-07-01,GB,1.0,120.0,154.0,7000.0,7000.0,Siemens,Siemens,SWT-7.0-154,SWT-7.0-154,1.0,EMODnet + OSM +thewindpower.net,2020.0
2.5284002,52.1500281,2020-07-01,GB,1.0,120.0,154.0,7000.0,7000.0,Siemens,Siemens,SWT-7.0-154,SWT-7.0-154,1.0,EMODnet + OSM +thewindpower.net,2020.0
2.5499437,52.1651405,2020-07-01,GB,1.0,120.0,154.0,7000.0,7000.0,Siemens,Siemens,SWT-7.0-154,SWT-7.0-154,1.0,EMODnet + OSM +thewindpower.net,2020.0
2.5474547,52.1718263,2020-07-01,GB,1.0,120.0,154.0,7000.0,7000.0,Siemens,Siemens,SWT-7.0-154,SWT-7.0-154,1.0,EMODnet + OSM +thewindpower.net,2020.0
2.5243662,52.155821,2020-07-01,GB,1.0,120.0,154.0,7000.0,7000.0,Siemens,Siemens,SWT-7.0-154,SWT-7.0-154,1.0,EMODnet + OSM +thewindpower.net,2020.0
2.5218771,52.1623501,2020-07-01,GB,1.0,120.0,154.0,7000.0,7000.0,Siemens,Siemens,SWT-7.0-154,SWT-7.0-154,1.0,EMODnet + OSM +thewindpower.net,2020.0
2.5179289,52.1687731,2020-07-01,GB,1.0,120.0,154.0,7000.0,7000.0,Siemens,Siemens,SWT-7.0-154,SWT-7.0-154,1.0,EMODnet + OSM +thewindpower.net,2020.0
2.5141524,52.1748793,2020-07-01,GB,1.0,120.0,154.0,7000.0,7000.0,Siemens,Siemens,SWT-7.0-154,SWT-7.0-154,1.0,EMODnet + OSM +thewindpower.net,2020.0
2.5009344,52.2007686,2020-07-01,GB,1.0,120.0,154.0,7000.0,7000.0,Siemens,Siemens,SWT-7.0-154,SWT-7.0-154,1.0,EMODnet + OSM +thewindpower.net,2020.0
2.4971579,52.2070808,2020-07-01,GB,1.0,120.0,154.0,7000.0,7000.0,Siemens,Siemens,SWT-7.0-154,SWT-7.0-154,1.0,EMODnet + OSM +thewindpower.net,2020.0
2.4944113,52.2141284,2020-07-01,GB,1.0,120.0,154.0,7000.0,7000.0,Siemens,Siemens,SWT-7.0-154,SWT-7.0-154,1.0,EMODnet + OSM +thewindpower.net,2020.0
2.4937881,52.152274,2020-07-01,GB,1.0,120.0,154.0,7000.0,7000.0,Siemens,Siemens,SWT-7.0-154,SWT-7.0-154,1.0,EMODnet + OSM +thewindpower.net,2020.0
2.4511657,52.1746647,2020-07-01,GB,1.0,120.0,154.0,7000.0,7000.0,Siemens,Siemens,SWT-7.0-154,SWT-7.0-154,1.0,EMODnet + OSM +thewindpower.net,2020.0
2.5038052,52.194186,2020-07-01,GB,1.0,120.0,154.0,7000.0,7000.0,Siemens,Siemens,SWT-7.0-154,SWT-7.0-154,1.0,EMODnet + OSM +thewindpower.net,2020.0
2.5071956,52.1879904,2020-07-01,GB,1.0,120.0,154.0,7000.0,7000.0,Siemens,Siemens,SWT-7.0-154,SWT-7.0-154,1.0,EMODnet + OSM +thewindpower.net,2020.0
2.4845569,52.1721242,2020-07-01,GB,1.0,120.0,154.0,7000.0,7000.0,Siemens,Siemens,SWT-7.0-154,SWT-7.0-154,1.0,EMODnet + OSM +thewindpower.net,2020.0
2.5125217,52.2970895,2020-07-01,GB,1.0,120.0,154.0,7000.0,7000.0,Siemens,Siemens,SWT-7.0-154,SWT-7.0-154,1.0,EMODnet + OSM +thewindpower.net,2020.0
2.528572,52.3257405,2020-07-01,GB,1.0,120.0,154.0,7000.0,7000.0,Siemens,Siemens,SWT-7.0-154,SWT-7.0-154,1.0,EMODnet + OSM +thewindpower.net,2020.0
2.5194739,52.2840698,2020-07-01,GB,1.0,120.0,154.0,7000.0,7000.0,Siemens,Siemens,SWT-7.0-154,SWT-7.0-154,1.0,EMODnet + OSM +thewindpower.net,2020.0
3.033667,51.5715,2018-01-01,BE,1.0,105.7525,164.0,8400.0,8400.0,Vestas,Vestas,V164/8400,V164/8400,1.0,EMODnet + OSM +thewindpower.net,2018.0
3.050208,51.5623452,2018-01-01,BE,1.0,106.1475,164.0,8400.0,8400.0,Vestas,Vestas,V164/8400,V164/8400,1.0,EMODnet + OSM +thewindpower.net,2018.0
3.0415391,51.5661601,2018-01-01,BE,1.0,106.0425,164.0,8400.0,8400.0,Vestas,Vestas,V164/8400,V164/8400,1.0,EMODnet + OSM +thewindpower.net,2018.0
3.044157,51.5559952,2018-01-01,BE,1.0,106.0425,164.0,8400.0,8400.0,Vestas,Vestas,V164/8400,V164/8400,1.0,EMODnet + OSM +thewindpower.net,2018.0
3.0499935,51.5507384,2018-01-01,BE,1.0,106.1475,164.0,8400.0,8400.0,Vestas,Vestas,V164/8400,V164/8400,1.0,EMODnet + OSM +thewindpower.net,2018.0
3.0585,51.5565,2018-01-01,BE,1.0,106.1475,164.0,8400.0,8400.0,Vestas,Vestas,V164/8400,V164/8400,1.0,EMODnet + OSM +thewindpower.net,2018.0
3.0673313,51.550605,2018-01-01,BE,1.0,106.1475,164.0,8400.0,8400.0,Vestas,Vestas,V164/8400,V164/8400,1.0,EMODnet + OSM +thewindpower.net,2018.0
3.079333,51.5445,2018-01-01,BE,1.0,106.1475,164.0,8400.0,8400.0,Vestas,Vestas,V164/8400,V164/8400,1.0,EMODnet + OSM +thewindpower.net,2018.0
3.0682111,51.542772,2018-01-01,BE,1.0,106.1475,164.0,8400.0,8400.0,Vestas,Vestas,V164/8400,V164/8400,1.0,EMODnet + OSM +thewindpower.net,2018.0
3.0743158,51.5381677,2018-01-01,BE,1.0,106.1475,164.0,8400.0,8400.0,Vestas,Vestas,V164/8400,V164/8400,1.0,EMODnet + OSM +thewindpower.net,2018.0
3.063,51.530333,2018-01-01,BE,1.0,106.1475,164.0,8400.0,8400.0,Vestas,Vestas,V164/8400,V164/8400,1.0,EMODnet + OSM +thewindpower.net,2018.0
3.0603789,51.535445,2018-01-01,BE,1.0,106.1475,164.0,8400.0,8400.0,Vestas,Vestas,V164/8400,V164/8400,1.0,EMODnet + OSM +thewindpower.net,2018.0
3.05274,51.5425986,2018-01-01,BE,1.0,106.1475,164.0,8400.0,8400.0,Vestas,Vestas,V164/8400,V164/8400,1.0,EMODnet + OSM +thewindpower.net,2018.0
3.0244159,51.5413708,2018-01-01,BE,1.0,105.7525,164.0,8400.0,8400.0,Vestas,Vestas,V164/8400,V164/8400,1.0,EMODnet + OSM +thewindpower.net,2018.0
3.0205535,51.5478296,2018-01-01,BE,1.0,105.7525,164.0,8400.0,8400.0,Vestas,Vestas,V164/8400,V164/8400,1.0,EMODnet + OSM +thewindpower.net,2018.0
3.007,51.545333,2018-01-01,BE,1.0,109.44,164.0,8400.0,8400.0,Vestas,Vestas,V164/8400,V164/8400,1.0,EMODnet + OSM +thewindpower.net,2018.0
3.045,51.517,2018-01-01,BE,1.0,106.0425,164.0,8400.0,8400.0,Vestas,Vestas,V164/8400,V164/8400,1.0,EMODnet + OSM +thewindpower.net,2018.0
3.0414962,51.5218287,2018-01-01,BE,1.0,106.0425,164.0,8400.0,8400.0,Vestas,Vestas,V164/8400,V164/8400,1.0,EMODnet + OSM +thewindpower.net,2018.0
3.0325698,51.5278097,2018-01-01,BE,1.0,105.7525,164.0,8400.0,8400.0,Vestas,Vestas,V164/8400,V164/8400,1.0,EMODnet + OSM +thewindpower.net,2018.0
3.0263042,51.5333628,2018-01-01,BE,1.0,105.7525,164.0,8400.0,8400.0,Vestas,Vestas,V164/8400,V164/8400,1.0,EMODnet + OSM +thewindpower.net,2018.0
3.0117988,51.5332026,2018-01-01,BE,1.0,109.275,164.0,8400.0,8400.0,Vestas,Vestas,V164/8400,V164/8400,1.0,EMODnet + OSM +thewindpower.net,2018.0
2.9977225,51.538061,2018-01-01,BE,1.0,109.44,164.0,8400.0,8400.0,Vestas,Vestas,V164/8400,V164/8400,1.0,EMODnet + OSM +thewindpower.net,2018.0
3.0080222,51.5203333,2018-01-01,BE,1.0,109.275,164.0,8400.0,8400.0,Vestas,Vestas,V164/8400,V164/8400,1.0,EMODnet + OSM +thewindpower.net,2018.0
3.0202102,51.5140308,2018-01-01,BE,1.0,105.7525,164.0,8400.0,8400.0,Vestas,Vestas,V164/8400,V164/8400,1.0,EMODnet + OSM +thewindpower.net,2018.0
3.0323124,51.5097975,2018-01-01,BE,1.0,105.7525,164.0,8400.0,8400.0,Vestas,Vestas,V164/8400,V164/8400,1.0,EMODnet + OSM +thewindpower.net,2018.0
3.017833,51.505333,2018-01-01,BE,1.0,106.8925,164.0,8400.0,8400.0,Vestas,Vestas,V164/8400,V164/8400,1.0,EMODnet + OSM +thewindpower.net,2018.0
3.0079364,51.503881,2018-01-01,BE,1.0,109.44,164.0,8400.0,8400.0,Vestas,Vestas,V164/8400,V164/8400,1.0,EMODnet + OSM +thewindpower.net,2018.0
3.0022716,51.5109861,2018-01-01,BE,1.0,109.44,164.0,8400.0,8400.0,Vestas,Vestas,V164/8400,V164/8400,1.0,EMODnet + OSM +thewindpower.net,2018.0
2.9866504,51.5102917,2018-01-01,BE,1.0,109.44,164.0,8400.0,8400.0,Vestas,Vestas,V164/8400,V164/8400,1.0,EMODnet + OSM +thewindpower.net,2018.0
2.9930877,51.5185708,2018-01-01,BE,1.0,109.44,164.0,8400.0,8400.0,Vestas,Vestas,V164/8400,V164/8400,1.0,EMODnet + OSM +thewindpower.net,2018.0
2.9827022,51.5249795,2018-01-01,BE,1.0,109.44,164.0,8400.0,8400.0,Vestas,Vestas,V164/8400,V164/8400,1.0,EMODnet + OSM +thewindpower.net,2018.0
2.970833,51.526167,2018-01-01,BE,1.0,109.44,164.0,8400.0,8400.0,Vestas,Vestas,V164/8400,V164/8400,1.0,EMODnet + OSM +thewindpower.net,2018.0
2.9695701,51.5167015,2018-01-01,BE,1.0,109.44,164.0,8400.0,8400.0,Vestas,Vestas,V164/8400,V164/8400,1.0,EMODnet + OSM +thewindpower.net,2018.0
2.9983234,51.4987518,2018-01-01,BE,1.0,109.44,164.0,8400.0,8400.0,Vestas,Vestas,V164/8400,V164/8400,1.0,EMODnet + OSM +thewindpower.net,2018.0
2.9861354,51.5014233,2018-01-01,BE,1.0,109.44,164.0,8400.0,8400.0,Vestas,Vestas,V164/8400,V164/8400,1.0,EMODnet + OSM +thewindpower.net,2018.0
2.9754924,51.5019042,2018-01-01,BE,1.0,109.44,164.0,8400.0,8400.0,Vestas,Vestas,V164/8400,V164/8400,1.0,EMODnet + OSM +thewindpower.net,2018.0
2.9856204,51.4937823,2018-01-01,BE,1.0,109.73,164.0,8400.0,8400.0,Vestas,Vestas,V164/8400,V164/8400,1.0,EMODnet + OSM +thewindpower.net,2018.0
2.9735,51.490333,2018-01-01,BE,1.0,109.73,164.0,8400.0,8400.0,Vestas,Vestas,V164/8400,V164/8400,1.0,EMODnet + OSM +thewindpower.net,2018.0
2.9705142,51.4951717,2018-01-01,BE,1.0,109.73,164.0,8400.0,8400.0,Vestas,Vestas,V164/8400,V164/8400,1.0,EMODnet + OSM +thewindpower.net,2018.0
2.9595279,51.4998204,2018-01-01,BE,1.0,109.44,164.0,8400.0,8400.0,Vestas,Vestas,V164/8400,V164/8400,1.0,EMODnet + OSM +thewindpower.net,2018.0
2.9579829,51.5058043,2018-01-01,BE,1.0,109.44,164.0,8400.0,8400.0,Vestas,Vestas,V164/8400,V164/8400,1.0,EMODnet + OSM +thewindpower.net,2018.0
2.9528331,51.5137104,2018-01-01,BE,1.0,109.44,164.0,8400.0,8400.0,Vestas,Vestas,V164/8400,V164/8400,1.0,EMODnet + OSM +thewindpower.net,2018.0
2.9471683,51.5076741,2018-01-01,BE,1.0,109.44,164.0,8400.0,8400.0,Vestas,Vestas,V164/8400,V164/8400,1.0,EMODnet + OSM +thewindpower.net,2018.0
2.938833,51.512667,2018-01-01,BE,1.0,109.44,164.0,8400.0,8400.0,Vestas,Vestas,V164/8400,V164/8400,1.0,EMODnet + OSM +thewindpower.net,2018.0
3.0563103,51.7167633,2020-11-01,NL,1.0,116.0,154.0,8000.0,8000.0,"Siemens Gamesa 8,0 MW-167 DD","Siemens Gamesa 8,0 MW-167 DD",SWT-8.0-154,SWT-8.0-154,1.0,EMODnet + OSM +thewindpower.net,2020.0
2.9943711,51.7346216,2020-11-01,NL,1.0,116.0,154.0,8000.0,8000.0,"Siemens Gamesa 8,0 MW-167 DD","Siemens Gamesa 8,0 MW-167 DD",SWT-8.0-154,SWT-8.0-154,1.0,EMODnet + OSM +thewindpower.net,2020.0
3.0100002,51.7420131,2020-11-01,NL,1.0,116.0,154.0,8000.0,8000.0,"Siemens Gamesa 8,0 MW-167 DD","Siemens Gamesa 8,0 MW-167 DD",SWT-8.0-154,SWT-8.0-154,1.0,EMODnet + OSM +thewindpower.net,2020.0
3.0174053,51.7281567,2020-11-01,NL,1.0,116.0,154.0,8000.0,8000.0,"Siemens Gamesa 8,0 MW-167 DD","Siemens Gamesa 8,0 MW-167 DD",SWT-8.0-154,SWT-8.0-154,1.0,EMODnet + OSM +thewindpower.net,2020.0
3.0371392,51.721848,2020-11-01,NL,1.0,116.0,154.0,8000.0,8000.0,"Siemens Gamesa 8,0 MW-167 DD","Siemens Gamesa 8,0 MW-167 DD",SWT-8.0-154,SWT-8.0-154,1.0,EMODnet + OSM +thewindpower.net,2020.0
3.0595702,51.7295704,2020-11-01,NL,1.0,116.0,154.0,8000.0,8000.0,"Siemens Gamesa 8,0 MW-167 DD","Siemens Gamesa 8,0 MW-167 DD",SWT-8.0-154,SWT-8.0-154,1.0,EMODnet + OSM +thewindpower.net,2020.0
3.0400483,51.7758904,2020-11-01,NL,1.0,116.0,154.0,8000.0,8000.0,"Siemens Gamesa 8,0 MW-167 DD","Siemens Gamesa 8,0 MW-167 DD",SWT-8.0-154,SWT-8.0-154,1.0,EMODnet + OSM +thewindpower.net,2020.0
3.0336128,51.7867426,2020-11-01,NL,1.0,116.0,154.0,8000.0,8000.0,"Siemens Gamesa 8,0 MW-167 DD","Siemens Gamesa 8,0 MW-167 DD",SWT-8.0-154,SWT-8.0-154,1.0,EMODnet + OSM +thewindpower.net,2020.0
3.0228938,51.7784015,2020-11-01,NL,1.0,116.0,154.0,8000.0,8000.0,"Siemens Gamesa 8,0 MW-167 DD","Siemens Gamesa 8,0 MW-167 DD",SWT-8.0-154,SWT-8.0-154,1.0,EMODnet + OSM +thewindpower.net,2020.0
3.011587,51.7692997,2020-11-01,NL,1.0,116.0,154.0,8000.0,8000.0,"Siemens Gamesa 8,0 MW-167 DD","Siemens Gamesa 8,0 MW-167 DD",SWT-8.0-154,SWT-8.0-154,1.0,EMODnet + OSM +thewindpower.net,2020.0
3.03187,51.7636888,2020-11-01,NL,1.0,116.0,154.0,8000.0,8000.0,"Siemens Gamesa 8,0 MW-167 DD","Siemens Gamesa 8,0 MW-167 DD",SWT-8.0-154,SWT-8.0-154,1.0,EMODnet + OSM +thewindpower.net,2020.0
3.017997,51.7537383,2020-11-01,NL,1.0,116.0,154.0,8000.0,8000.0,"Siemens Gamesa 8,0 MW-167 DD","Siemens Gamesa 8,0 MW-167 DD",SWT-8.0-154,SWT-8.0-154,1.0,EMODnet + OSM +thewindpower.net,2020.0
3.0360715,51.7438365,2020-11-01,NL,1.0,116.0,154.0,8000.0,8000.0,"Siemens Gamesa 8,0 MW-167 DD","Siemens Gamesa 8,0 MW-167 DD",SWT-8.0-154,SWT-8.0-154,1.0,EMODnet + OSM +thewindpower.net,2020.0
3.0362971,51.7331967,2020-11-01,NL,1.0,116.0,154.0,8000.0,8000.0,"Siemens Gamesa 8,0 MW-167 DD","Siemens Gamesa 8,0 MW-167 DD",SWT-8.0-154,SWT-8.0-154,1.0,EMODnet + OSM +thewindpower.net,2020.0
2.9991266,51.7593454,2020-11-01,NL,1.0,116.0,154.0,8000.0,8000.0,"Siemens Gamesa 8,0 MW-167 DD","Siemens Gamesa 8,0 MW-167 DD",SWT-8.0-154,SWT-8.0-154,1.0,EMODnet + OSM +thewindpower.net,2020.0
2.9883198,51.7499024,2020-11-01,NL,1.0,116.0,154.0,8000.0,8000.0,"Siemens Gamesa 8,0 MW-167 DD","Siemens Gamesa 8,0 MW-167 DD",SWT-8.0-154,SWT-8.0-154,1.0,EMODnet + OSM +thewindpower.net,2020.0
2.9790968,51.7389707,2020-11-01,NL,1.0,116.0,154.0,8000.0,8000.0,"Siemens Gamesa 8,0 MW-167 DD","Siemens Gamesa 8,0 MW-167 DD",SWT-8.0-154,SWT-8.0-154,1.0,EMODnet + OSM +thewindpower.net,2020.0
3.0571934,51.7798272,2020-11-01,NL,1.0,116.0,154.0,8000.0,8000.0,"Siemens Gamesa 8,0 MW-167 DD","Siemens Gamesa 8,0 MW-167 DD",SWT-8.0-154,SWT-8.0-154,1.0,EMODnet + OSM +thewindpower.net,2020.0
3.0528652,51.7656865,2020-11-01,NL,1.0,116.0,154.0,8000.0,8000.0,"Siemens Gamesa 8,0 MW-167 DD","Siemens Gamesa 8,0 MW-167 DD",SWT-8.0-154,SWT-8.0-154,1.0,EMODnet + OSM +thewindpower.net,2020.0
3.048765,51.7522972,2020-11-01,NL,1.0,116.0,154.0,8000.0,8000.0,"Siemens Gamesa 8,0 MW-167 DD","Siemens Gamesa 8,0 MW-167 DD",SWT-8.0-154,SWT-8.0-154,1.0,EMODnet + OSM +thewindpower.net,2020.0
3.063633,51.7427544,2020-11-01,NL,1.0,116.0,154.0,8000.0,8000.0,"Siemens Gamesa 8,0 MW-167 DD","Siemens Gamesa 8,0 MW-167 DD",SWT-8.0-154,SWT-8.0-154,1.0,EMODnet + OSM +thewindpower.net,2020.0
3.0878105,51.7772543,2020-11-01,NL,1.0,116.0,154.0,8000.0,8000.0,"Siemens Gamesa 8,0 MW-167 DD","Siemens Gamesa 8,0 MW-167 DD",SWT-8.0-154,SWT-8.0-154,1.0,EMODnet + OSM +thewindpower.net,2020.0
3.0734903,51.770512,2020-11-01,NL,1.0,116.0,154.0,8000.0,8000.0,"Siemens Gamesa 8,0 MW-167 DD","Siemens Gamesa 8,0 MW-167 DD",SWT-8.0-154,SWT-8.0-154,1.0,EMODnet + OSM +thewindpower.net,2020.0
3.0700325,51.7549163,2020-11-01,NL,1.0,116.0,154.0,8000.0,8000.0,"Siemens Gamesa 8,0 MW-167 DD","Siemens Gamesa 8,0 MW-167 DD",SWT-8.0-154,SWT-8.0-154,1.0,EMODnet + OSM +thewindpower.net,2020.0
3.0879128,51.7588868,2020-11-01,NL,1.0,116.0,154.0,8000.0,8000.0,"Siemens Gamesa 8,0 MW-167 DD","Siemens Gamesa 8,0 MW-167 DD",SWT-8.0-154,SWT-8.0-154,1.0,EMODnet + OSM +thewindpower.net,2020.0
3.09309,51.7471914,2020-11-01,NL,1.0,116.0,154.0,8000.0,8000.0,"Siemens Gamesa 8,0 MW-167 DD","Siemens Gamesa 8,0 MW-167 DD",SWT-8.0-154,SWT-8.0-154,1.0,EMODnet + OSM +thewindpower.net,2020.0
3.0805347,51.7371301,2020-11-01,NL,1.0,116.0,154.0,8000.0,8000.0,"Siemens Gamesa 8,0 MW-167 DD","Siemens Gamesa 8,0 MW-167 DD",SWT-8.0-154,SWT-8.0-154,1.0,EMODnet + OSM +thewindpower.net,2020.0
3.0451431,51.7962207,2020-11-01,NL,1.0,116.0,154.0,8000.0,8000.0,"Siemens Gamesa 8,0 MW-167 DD","Siemens Gamesa 8,0 MW-167 DD",SWT-8.0-154,SWT-8.0-154,1.0,EMODnet + OSM +thewindpower.net,2020.0
3.0628576,51.7996915,2020-11-01,NL,1.0,116.0,154.0,8000.0,8000.0,"Siemens Gamesa 8,0 MW-167 DD","Siemens Gamesa 8,0 MW-167 DD",SWT-8.0-154,SWT-8.0-154,1.0,EMODnet + OSM +thewindpower.net,2020.0
3.0604786,51.7905342,2020-11-01,NL,1.0,116.0,154.0,8000.0,8000.0,"Siemens Gamesa 8,0 MW-167 DD","Siemens Gamesa 8,0 MW-167 DD",SWT-8.0-154,SWT-8.0-154,1.0,EMODnet + OSM +thewindpower.net,2020.0
3.1142309,51.7418331,2020-11-01,NL,1.0,116.0,154.0,8000.0,8000.0,"Siemens Gamesa 8,0 MW-167 DD","Siemens Gamesa 8,0 MW-167 DD",SWT-8.0-154,SWT-8.0-154,1.0,EMODnet + OSM +thewindpower.net,2020.0
3.1168038,51.7332023,2020-11-01,NL,1.0,116.0,154.0,8000.0,8000.0,"Siemens Gamesa 8,0 MW-167 DD","Siemens Gamesa 8,0 MW-167 DD",SWT-8.0-154,SWT-8.0-154,1.0,EMODnet + OSM +thewindpower.net,2020.0
3.0983874,51.7316208,2020-11-01,NL,1.0,116.0,154.0,8000.0,8000.0,"Siemens Gamesa 8,0 MW-167 DD","Siemens Gamesa 8,0 MW-167 DD",SWT-8.0-154,SWT-8.0-154,1.0,EMODnet + OSM +thewindpower.net,2020.0
3.0814072,51.7236401,2020-11-01,NL,1.0,116.0,154.0,8000.0,8000.0,"Siemens Gamesa 8,0 MW-167 DD","Siemens Gamesa 8,0 MW-167 DD",SWT-8.0-154,SWT-8.0-154,1.0,EMODnet + OSM +thewindpower.net,2020.0
3.070578,51.7120022,2020-11-01,NL,1.0,116.0,154.0,8000.0,8000.0,"Siemens Gamesa 8,0 MW-167 DD","Siemens Gamesa 8,0 MW-167 DD",SWT-8.0-154,SWT-8.0-154,1.0,EMODnet + OSM +thewindpower.net,2020.0
3.0770459,51.7864203,2020-11-01,NL,1.0,116.0,154.0,8000.0,8000.0,"Siemens Gamesa 8,0 MW-167 DD","Siemens Gamesa 8,0 MW-167 DD",SWT-8.0-154,SWT-8.0-154,1.0,EMODnet + OSM +thewindpower.net,2020.0
3.1222432,51.7144557,2020-11-01,NL,1.0,116.0,154.0,8000.0,8000.0,"Siemens Gamesa 8,0 MW-167 DD","Siemens Gamesa 8,0 MW-167 DD",SWT-8.0-154,SWT-8.0-154,1.0,EMODnet + OSM +thewindpower.net,2020.0
3.1195888,51.7236011,2020-11-01,NL,1.0,116.0,154.0,8000.0,8000.0,"Siemens Gamesa 8,0 MW-167 DD","Siemens Gamesa 8,0 MW-167 DD",SWT-8.0-154,SWT-8.0-154,1.0,EMODnet + OSM +thewindpower.net,2020.0
3.1012948,51.7176623,2020-11-01,NL,1.0,116.0,154.0,8000.0,8000.0,"Siemens Gamesa 8,0 MW-167 DD","Siemens Gamesa 8,0 MW-167 DD",SWT-8.0-154,SWT-8.0-154,1.0,EMODnet + OSM +thewindpower.net,2020.0
3.0857028,51.708016,2020-11-01,NL,1.0,116.0,154.0,8000.0,8000.0,"Siemens Gamesa 8,0 MW-167 DD","Siemens Gamesa 8,0 MW-167 DD",SWT-8.0-154,SWT-8.0-154,1.0,EMODnet + OSM +thewindpower.net,2020.0
3.0996065,51.7671025,2020-11-01,NL,1.0,116.0,154.0,8000.0,8000.0,"Siemens Gamesa 8,0 MW-167 DD","Siemens Gamesa 8,0 MW-167 DD",SWT-8.0-154,SWT-8.0-154,1.0,EMODnet + OSM +thewindpower.net,2020.0
3.1079498,51.7591535,2020-11-01,NL,1.0,116.0,154.0,8000.0,8000.0,"Siemens Gamesa 8,0 MW-167 DD","Siemens Gamesa 8,0 MW-167 DD",SWT-8.0-154,SWT-8.0-154,1.0,EMODnet + OSM +thewindpower.net,2020.0
3.1118136,51.7502853,2020-11-01,NL,1.0,116.0,154.0,8000.0,8000.0,"Siemens Gamesa 8,0 MW-167 DD","Siemens Gamesa 8,0 MW-167 DD",SWT-8.0-154,SWT-8.0-154,1.0,EMODnet + OSM +thewindpower.net,2020.0
3.1275457,51.6953847,2020-11-01,NL,1.0,116.0,154.0,8000.0,8000.0,"Siemens Gamesa 8,0 MW-167 DD","Siemens Gamesa 8,0 MW-167 DD",SWT-8.0-154,SWT-8.0-154,1.0,EMODnet + OSM +thewindpower.net,2020.0
3.1129208,51.699677,2020-11-01,NL,1.0,116.0,154.0,8000.0,8000.0,"Siemens Gamesa 8,0 MW-167 DD","Siemens Gamesa 8,0 MW-167 DD",SWT-8.0-154,SWT-8.0-154,1.0,EMODnet + OSM +thewindpower.net,2020.0
3.0995542,51.7035545,2020-11-01,NL,1.0,116.0,154.0,8000.0,8000.0,"Siemens Gamesa 8,0 MW-167 DD","Siemens Gamesa 8,0 MW-167 DD",SWT-8.0-154,SWT-8.0-154,1.0,EMODnet + OSM +thewindpower.net,2020.0
3.1248071,51.7055992,2020-11-01,NL,1.0,116.0,154.0,8000.0,8000.0,"Siemens Gamesa 8,0 MW-167 DD","Siemens Gamesa 8,0 MW-167 DD",SWT-8.0-154,SWT-8.0-154,1.0,EMODnet + OSM +thewindpower.net,2020.0
3.0958958,51.6815202,2020-11-01,NL,1.0,116.0,154.0,8000.0,8000.0,"Siemens Gamesa 8,0 MW-167 DD","Siemens Gamesa 8,0 MW-167 DD",SWT-8.0-154,SWT-8.0-154,1.0,EMODnet + OSM +thewindpower.net,2020.0
3.0806378,51.6857862,2020-11-01,NL,1.0,116.0,154.0,8000.0,8000.0,"Siemens Gamesa 8,0 MW-167 DD","Siemens Gamesa 8,0 MW-167 DD",SWT-8.0-154,SWT-8.0-154,1.0,EMODnet + OSM +thewindpower.net,2020.0
3.064779,51.6905887,2020-11-01,NL,1.0,116.0,154.0,8000.0,8000.0,"Siemens Gamesa 8,0 MW-167 DD","Siemens Gamesa 8,0 MW-167 DD",SWT-8.0-154,SWT-8.0-154,1.0,EMODnet + OSM +thewindpower.net,2020.0
3.0818712,51.6714188,2020-11-01,NL,1.0,116.0,154.0,8000.0,8000.0,"Siemens Gamesa 8,0 MW-167 DD","Siemens Gamesa 8,0 MW-167 DD",SWT-8.0-154,SWT-8.0-154,1.0,EMODnet + OSM +thewindpower.net,2020.0
3.1000876,51.6686699,2020-11-01,NL,1.0,116.0,154.0,8000.0,8000.0,"Siemens Gamesa 8,0 MW-167 DD","Siemens Gamesa 8,0 MW-167 DD",SWT-8.0-154,SWT-8.0-154,1.0,EMODnet + OSM +thewindpower.net,2020.0
3.1182119,51.6616708,2020-11-01,NL,1.0,116.0,154.0,8000.0,8000.0,"Siemens Gamesa 8,0 MW-167 DD","Siemens Gamesa 8,0 MW-167 DD",SWT-8.0-154,SWT-8.0-154,1.0,EMODnet + OSM +thewindpower.net,2020.0
3.1208266,51.6714259,2020-11-01,NL,1.0,116.0,154.0,8000.0,8000.0,"Siemens Gamesa 8,0 MW-167 DD","Siemens Gamesa 8,0 MW-167 DD",SWT-8.0-154,SWT-8.0-154,1.0,EMODnet + OSM +thewindpower.net,2020.0
3.110762,51.6767469,2020-11-01,NL,1.0,116.0,154.0,8000.0,8000.0,"Siemens Gamesa 8,0 MW-167 DD","Siemens Gamesa 8,0 MW-167 DD",SWT-8.0-154,SWT-8.0-154,1.0,EMODnet + OSM +thewindpower.net,2020.0
3.080007,51.6576281,2020-11-01,NL,1.0,116.0,154.0,8000.0,8000.0,"Siemens Gamesa 8,0 MW-167 DD","Siemens Gamesa 8,0 MW-167 DD",SWT-8.0-154,SWT-8.0-154,1.0,EMODnet + OSM +thewindpower.net,2020.0
3.1005104,51.6023463,2020-11-01,NL,1.0,116.0,154.0,8000.0,8000.0,"Siemens Gamesa 8,0 MW-167 DD","Siemens Gamesa 8,0 MW-167 DD",SWT-8.0-154,SWT-8.0-154,1.0,EMODnet + OSM +thewindpower.net,2020.0
3.1037446,51.6121901,2020-11-01,NL,1.0,116.0,154.0,8000.0,8000.0,"Siemens Gamesa 8,0 MW-167 DD","Siemens Gamesa 8,0 MW-167 DD",SWT-8.0-154,SWT-8.0-154,1.0,EMODnet + OSM +thewindpower.net,2020.0
3.1064702,51.6215513,2020-11-01,NL,1.0,116.0,154.0,8000.0,8000.0,"Siemens Gamesa 8,0 MW-167 DD","Siemens Gamesa 8,0 MW-167 DD",SWT-8.0-154,SWT-8.0-154,1.0,EMODnet + OSM +thewindpower.net,2020.0
3.1094426,51.6316721,2020-11-01,NL,1.0,116.0,154.0,8000.0,8000.0,"Siemens Gamesa 8,0 MW-167 DD","Siemens Gamesa 8,0 MW-167 DD",SWT-8.0-154,SWT-8.0-154,1.0,EMODnet + OSM +thewindpower.net,2020.0
3.1123828,51.6417381,2020-11-01,NL,1.0,116.0,154.0,8000.0,8000.0,"Siemens Gamesa 8,0 MW-167 DD","Siemens Gamesa 8,0 MW-167 DD",SWT-8.0-154,SWT-8.0-154,1.0,EMODnet + OSM +thewindpower.net,2020.0
3.1152854,51.6516327,2020-11-01,NL,1.0,116.0,154.0,8000.0,8000.0,"Siemens Gamesa 8,0 MW-167 DD","Siemens Gamesa 8,0 MW-167 DD",SWT-8.0-154,SWT-8.0-154,1.0,EMODnet + OSM +thewindpower.net,2020.0
3.0995302,51.6577893,2020-11-01,NL,1.0,116.0,154.0,8000.0,8000.0,"Siemens Gamesa 8,0 MW-167 DD","Siemens Gamesa 8,0 MW-167 DD",SWT-8.0-154,SWT-8.0-154,1.0,EMODnet + OSM +thewindpower.net,2020.0
3.067617,51.5944233,2020-11-01,NL,1.0,116.0,154.0,8000.0,8000.0,"Siemens Gamesa 8,0 MW-167 DD","Siemens Gamesa 8,0 MW-167 DD",SWT-8.0-154,SWT-8.0-154,1.0,EMODnet + OSM +thewindpower.net,2020.0
3.0655245,51.6062594,2020-11-01,NL,1.0,116.0,154.0,8000.0,8000.0,"Siemens Gamesa 8,0 MW-167 DD","Siemens Gamesa 8,0 MW-167 DD",SWT-8.0-154,SWT-8.0-154,1.0,EMODnet + OSM +thewindpower.net,2020.0
3.0677361,51.6196609,2020-11-01,NL,1.0,116.0,154.0,8000.0,8000.0,"Siemens Gamesa 8,0 MW-167 DD","Siemens Gamesa 8,0 MW-167 DD",SWT-8.0-154,SWT-8.0-154,1.0,EMODnet + OSM +thewindpower.net,2020.0
3.071535,51.6316454,2020-11-01,NL,1.0,116.0,154.0,8000.0,8000.0,"Siemens Gamesa 8,0 MW-167 DD","Siemens Gamesa 8,0 MW-167 DD",SWT-8.0-154,SWT-8.0-154,1.0,EMODnet + OSM +thewindpower.net,2020.0
3.0754567,51.644482,2020-11-01,NL,1.0,116.0,154.0,8000.0,8000.0,"Siemens Gamesa 8,0 MW-167 DD","Siemens Gamesa 8,0 MW-167 DD",SWT-8.0-154,SWT-8.0-154,1.0,EMODnet + OSM +thewindpower.net,2020.0
3.0648324,51.6775736,2020-11-01,NL,1.0,116.0,154.0,8000.0,8000.0,"Siemens Gamesa 8,0 MW-167 DD","Siemens Gamesa 8,0 MW-167 DD",SWT-8.0-154,SWT-8.0-154,1.0,EMODnet + OSM +thewindpower.net,2020.0
3.0751068,51.5838961,2020-11-01,NL,1.0,116.0,154.0,8000.0,8000.0,"Siemens Gamesa 8,0 MW-167 DD","Siemens Gamesa 8,0 MW-167 DD",SWT-8.0-154,SWT-8.0-154,1.0,EMODnet + OSM +thewindpower.net,2020.0
3.0871093,51.5926223,2020-11-01,NL,1.0,116.0,154.0,8000.0,8000.0,"Siemens Gamesa 8,0 MW-167 DD","Siemens Gamesa 8,0 MW-167 DD",SWT-8.0-154,SWT-8.0-154,1.0,EMODnet + OSM +thewindpower.net,2020.0
3.0835961,51.6020758,2020-11-01,NL,1.0,116.0,154.0,8000.0,8000.0,"Siemens Gamesa 8,0 MW-167 DD","Siemens Gamesa 8,0 MW-167 DD",SWT-8.0-154,SWT-8.0-154,1.0,EMODnet + OSM +thewindpower.net,2020.0
3.0851542,51.6131388,2020-11-01,NL,1.0,116.0,154.0,8000.0,8000.0,"Siemens Gamesa 8,0 MW-167 DD","Siemens Gamesa 8,0 MW-167 DD",SWT-8.0-154,SWT-8.0-154,1.0,EMODnet + OSM +thewindpower.net,2020.0
3.0906431,51.6254554,2020-11-01,NL,1.0,116.0,154.0,8000.0,8000.0,"Siemens Gamesa 8,0 MW-167 DD","Siemens Gamesa 8,0 MW-167 DD",SWT-8.0-154,SWT-8.0-154,1.0,EMODnet + OSM +thewindpower.net,2020.0
3.0920193,51.6356631,2020-11-01,NL,1.0,116.0,154.0,8000.0,8000.0,"Siemens Gamesa 8,0 MW-167 DD","Siemens Gamesa 8,0 MW-167 DD",SWT-8.0-154,SWT-8.0-154,1.0,EMODnet + OSM +thewindpower.net,2020.0
3.0954408,51.6470194,2020-11-01,NL,1.0,116.0,154.0,8000.0,8000.0,"Siemens Gamesa 8,0 MW-167 DD","Siemens Gamesa 8,0 MW-167 DD",SWT-8.0-154,SWT-8.0-154,1.0,EMODnet + OSM +thewindpower.net,2020.0
3.0476314,51.6125282,2020-11-01,NL,1.0,116.0,154.0,8000.0,8000.0,"Siemens Gamesa 8,0 MW-167 DD","Siemens Gamesa 8,0 MW-167 DD",SWT-8.0-154,SWT-8.0-154,1.0,EMODnet + OSM +thewindpower.net,2020.0
3.0502377,51.6258391,2020-11-01,NL,1.0,116.0,154.0,8000.0,8000.0,"Siemens Gamesa 8,0 MW-167 DD","Siemens Gamesa 8,0 MW-167 DD",SWT-8.0-154,SWT-8.0-154,1.0,EMODnet + OSM +thewindpower.net,2020.0
3.0546015,51.6389374,2020-11-01,NL,1.0,116.0,154.0,8000.0,8000.0,"Siemens Gamesa 8,0 MW-167 DD","Siemens Gamesa 8,0 MW-167 DD",SWT-8.0-154,SWT-8.0-154,1.0,EMODnet + OSM +thewindpower.net,2020.0
3.0588261,51.6513668,2020-11-01,NL,1.0,116.0,154.0,8000.0,8000.0,"Siemens Gamesa 8,0 MW-167 DD","Siemens Gamesa 8,0 MW-167 DD",SWT-8.0-154,SWT-8.0-154,1.0,EMODnet + OSM +thewindpower.net,2020.0
3.0626601,51.6649653,2020-11-01,NL,1.0,116.0,154.0,8000.0,8000.0,"Siemens Gamesa 8,0 MW-167 DD","Siemens Gamesa 8,0 MW-167 DD",SWT-8.0-154,SWT-8.0-154,1.0,EMODnet + OSM +thewindpower.net,2020.0
3.0628867,51.575001,2020-11-01,NL,1.0,116.0,154.0,8000.0,8000.0,"Siemens Gamesa 8,0 MW-167 DD","Siemens Gamesa 8,0 MW-167 DD",SWT-8.0-154,SWT-8.0-154,1.0,EMODnet + OSM +thewindpower.net,2020.0
3.0548158,51.584491,2020-11-01,NL,1.0,116.0,154.0,8000.0,8000.0,"Siemens Gamesa 8,0 MW-167 DD","Siemens Gamesa 8,0 MW-167 DD",SWT-8.0-154,SWT-8.0-154,1.0,EMODnet + OSM +thewindpower.net,2020.0
3.0292369,51.6070253,2020-11-01,NL,1.0,116.0,154.0,8000.0,8000.0,"Siemens Gamesa 8,0 MW-167 DD","Siemens Gamesa 8,0 MW-167 DD",SWT-8.0-154,SWT-8.0-154,1.0,EMODnet + OSM +thewindpower.net,2020.0
3.029848,51.6205753,2020-11-01,NL,1.0,116.0,154.0,8000.0,8000.0,"Siemens Gamesa 8,0 MW-167 DD","Siemens Gamesa 8,0 MW-167 DD",SWT-8.0-154,SWT-8.0-154,1.0,EMODnet + OSM +thewindpower.net,2020.0
3.0336538,51.6351238,2020-11-01,NL,1.0,116.0,154.0,8000.0,8000.0,"Siemens Gamesa 8,0 MW-167 DD","Siemens Gamesa 8,0 MW-167 DD",SWT-8.0-154,SWT-8.0-154,1.0,EMODnet + OSM +thewindpower.net,2020.0
3.0372733,51.6464118,2020-11-01,NL,1.0,116.0,154.0,8000.0,8000.0,"Siemens Gamesa 8,0 MW-167 DD","Siemens Gamesa 8,0 MW-167 DD",SWT-8.0-154,SWT-8.0-154,1.0,EMODnet + OSM +thewindpower.net,2020.0
3.0414282,51.6592108,2020-11-01,NL,1.0,116.0,154.0,8000.0,8000.0,"Siemens Gamesa 8,0 MW-167 DD","Siemens Gamesa 8,0 MW-167 DD",SWT-8.0-154,SWT-8.0-154,1.0,EMODnet + OSM +thewindpower.net,2020.0
3.0446308,51.6712234,2020-11-01,NL,1.0,116.0,154.0,8000.0,8000.0,"Siemens Gamesa 8,0 MW-167 DD","Siemens Gamesa 8,0 MW-167 DD",SWT-8.0-154,SWT-8.0-154,1.0,EMODnet + OSM +thewindpower.net,2020.0
3.0469478,51.6838532,2020-11-01,NL,1.0,116.0,154.0,8000.0,8000.0,"Siemens Gamesa 8,0 MW-167 DD","Siemens Gamesa 8,0 MW-167 DD",SWT-8.0-154,SWT-8.0-154,1.0,EMODnet + OSM +thewindpower.net,2020.0
3.0493353,51.6958156,2020-11-01,NL,1.0,116.0,154.0,8000.0,8000.0,"Siemens Gamesa 8,0 MW-167 DD","Siemens Gamesa 8,0 MW-167 DD",SWT-8.0-154,SWT-8.0-154,1.0,EMODnet + OSM +thewindpower.net,2020.0
3.0262304,51.5941359,2020-11-01,NL,1.0,116.0,154.0,8000.0,8000.0,"Siemens Gamesa 8,0 MW-167 DD","Siemens Gamesa 8,0 MW-167 DD",SWT-8.0-154,SWT-8.0-154,1.0,EMODnet + OSM +thewindpower.net,2020.0
3.036736,51.5849754,2020-11-01,NL,1.0,116.0,154.0,8000.0,8000.0,"Siemens Gamesa 8,0 MW-167 DD","Siemens Gamesa 8,0 MW-167 DD",SWT-8.0-154,SWT-8.0-154,1.0,EMODnet + OSM +thewindpower.net,2020.0
3.0470826,51.5980937,2020-11-01,NL,1.0,116.0,154.0,8000.0,8000.0,"Siemens Gamesa 8,0 MW-167 DD","Siemens Gamesa 8,0 MW-167 DD",SWT-8.0-154,SWT-8.0-154,1.0,EMODnet + OSM +thewindpower.net,2020.0
2.8999455,51.6802663,2020-11-01,NL,1.0,115.89,164.0,9500.0,9500.0,Vestas V164 9.5 MW,Vestas V164 9.5 MW,V164/9500,V164/9500,1.0,EMODnet + OSM +thewindpower.net,2020.0
2.9204062,51.6830256,2020-11-01,NL,1.0,115.89,164.0,9500.0,9500.0,Vestas V164 9.5 MW,Vestas V164 9.5 MW,V164/9500,V164/9500,1.0,EMODnet + OSM +thewindpower.net,2020.0
2.920237,51.6970975,2020-11-01,NL,1.0,115.89,164.0,9500.0,9500.0,Vestas V164 9.5 MW,Vestas V164 9.5 MW,V164/9500,V164/9500,1.0,EMODnet + OSM +thewindpower.net,2020.0
2.9387383,51.711404,2020-11-01,NL,1.0,115.95,164.0,9500.0,9500.0,Vestas V164 9.5 MW,Vestas V164 9.5 MW,V164/9500,V164/9500,1.0,EMODnet + OSM +thewindpower.net,2020.0
2.9537788,51.7231456,2020-11-01,NL,1.0,116.0,164.0,9500.0,9500.0,Vestas V164 9.5 MW,Vestas V164 9.5 MW,V164/9500,V164/9500,1.0,EMODnet + OSM +thewindpower.net,2020.0
2.9233963,51.6682368,2020-11-01,NL,1.0,115.91,164.0,9500.0,9500.0,Vestas V164 9.5 MW,Vestas V164 9.5 MW,V164/9500,V164/9500,1.0,EMODnet + OSM +thewindpower.net,2020.0
2.9022161,51.6667824,2020-11-01,NL,1.0,115.89,164.0,9500.0,9500.0,Vestas V164 9.5 MW,Vestas V164 9.5 MW,V164/9500,V164/9500,1.0,EMODnet + OSM +thewindpower.net,2020.0
3.0244036,51.6763512,2020-11-01,NL,1.0,116.0,164.0,9500.0,9500.0,Vestas V164 9.5 MW,Vestas V164 9.5 MW,V164/9500,V164/9500,1.0,EMODnet + OSM +thewindpower.net,2020.0
3.0288949,51.6891178,2020-11-01,NL,1.0,116.0,164.0,9500.0,9500.0,Vestas V164 9.5 MW,Vestas V164 9.5 MW,V164/9500,V164/9500,1.0,EMODnet + OSM +thewindpower.net,2020.0
3.0333166,51.7013903,2020-11-01,NL,1.0,116.0,164.0,9500.0,9500.0,Vestas V164 9.5 MW,Vestas V164 9.5 MW,V164/9500,V164/9500,1.0,EMODnet + OSM +thewindpower.net,2020.0
3.0079196,51.6943818,2020-11-01,NL,1.0,116.0,164.0,9500.0,9500.0,Vestas V164 9.5 MW,Vestas V164 9.5 MW,V164/9500,V164/9500,1.0,EMODnet + OSM +thewindpower.net,2020.0
2.98042,51.7162749,2020-11-01,NL,1.0,116.0,164.0,9500.0,9500.0,Vestas V164 9.5 MW,Vestas V164 9.5 MW,V164/9500,V164/9500,1.0,EMODnet + OSM +thewindpower.net,2020.0
3.007092,51.6024438,2020-11-01,NL,1.0,115.9,164.0,9500.0,9500.0,Vestas V164 9.5 MW,Vestas V164 9.5 MW,V164/9500,V164/9500,1.0,EMODnet + OSM +thewindpower.net,2020.0
3.0077605,51.613908,2020-11-01,NL,1.0,116.0,164.0,9500.0,9500.0,Vestas V164 9.5 MW,Vestas V164 9.5 MW,V164/9500,V164/9500,1.0,EMODnet + OSM +thewindpower.net,2020.0
3.0094961,51.6254615,2020-11-01,NL,1.0,116.0,164.0,9500.0,9500.0,Vestas V164 9.5 MW,Vestas V164 9.5 MW,V164/9500,V164/9500,1.0,EMODnet + OSM +thewindpower.net,2020.0
3.0142677,51.6382279,2020-11-01,NL,1.0,116.0,164.0,9500.0,9500.0,Vestas V164 9.5 MW,Vestas V164 9.5 MW,V164/9500,V164/9500,1.0,EMODnet + OSM +thewindpower.net,2020.0
3.0031383,51.6685906,2020-11-01,NL,1.0,116.0,164.0,9500.0,9500.0,Vestas V164 9.5 MW,Vestas V164 9.5 MW,V164/9500,V164/9500,1.0,EMODnet + OSM +thewindpower.net,2020.0
2.9949712,51.6826921,2020-11-01,NL,1.0,116.0,164.0,9500.0,9500.0,Vestas V164 9.5 MW,Vestas V164 9.5 MW,V164/9500,V164/9500,1.0,EMODnet + OSM +thewindpower.net,2020.0
2.9859261,51.7008559,2020-11-01,NL,1.0,116.0,164.0,9500.0,9500.0,Vestas V164 9.5 MW,Vestas V164 9.5 MW,V164/9500,V164/9500,1.0,EMODnet + OSM +thewindpower.net,2020.0
2.987324,51.6151211,2020-11-01,NL,1.0,116.0,164.0,9500.0,9500.0,Vestas V164 9.5 MW,Vestas V164 9.5 MW,V164/9500,V164/9500,1.0,EMODnet + OSM +thewindpower.net,2020.0
2.9662373,51.6273903,2020-11-01,NL,1.0,116.0,164.0,9500.0,9500.0,Vestas V164 9.5 MW,Vestas V164 9.5 MW,V164/9500,V164/9500,1.0,EMODnet + OSM +thewindpower.net,2020.0
2.9881138,51.6335071,2020-11-01,NL,1.0,116.0,164.0,9500.0,9500.0,Vestas V164 9.5 MW,Vestas V164 9.5 MW,V164/9500,V164/9500,1.0,EMODnet + OSM +thewindpower.net,2020.0
2.9920836,51.6546397,2020-11-01,NL,1.0,116.0,164.0,9500.0,9500.0,Vestas V164 9.5 MW,Vestas V164 9.5 MW,V164/9500,V164/9500,1.0,EMODnet + OSM +thewindpower.net,2020.0
2.977259,51.6698336,2020-11-01,NL,1.0,116.0,164.0,9500.0,9500.0,Vestas V164 9.5 MW,Vestas V164 9.5 MW,V164/9500,V164/9500,1.0,EMODnet + OSM +thewindpower.net,2020.0
2.9695833,51.6875885,2020-11-01,NL,1.0,116.0,164.0,9500.0,9500.0,Vestas V164 9.5 MW,Vestas V164 9.5 MW,V164/9500,V164/9500,1.0,EMODnet + OSM +thewindpower.net,2020.0
2.9671734,51.7196876,2020-11-01,NL,1.0,116.0,164.0,9500.0,9500.0,Vestas V164 9.5 MW,Vestas V164 9.5 MW,V164/9500,V164/9500,1.0,EMODnet + OSM +thewindpower.net,2020.0
2.9613999,51.6997701,2020-11-01,NL,1.0,116.0,164.0,9500.0,9500.0,Vestas V164 9.5 MW,Vestas V164 9.5 MW,V164/9500,V164/9500,1.0,EMODnet + OSM +thewindpower.net,2020.0
2.9585674,51.710962,2020-11-01,NL,1.0,116.0,164.0,9500.0,9500.0,Vestas V164 9.5 MW,Vestas V164 9.5 MW,V164/9500,V164/9500,1.0,EMODnet + OSM +thewindpower.net,2020.0
2.9259552,51.6513325,2020-11-01,NL,1.0,115.93,164.0,9500.0,9500.0,Vestas V164 9.5 MW,Vestas V164 9.5 MW,V164/9500,V164/9500,1.0,EMODnet + OSM +thewindpower.net,2020.0
2.9475055,51.6395218,2020-11-01,NL,1.0,116.0,164.0,9500.0,9500.0,Vestas V164 9.5 MW,Vestas V164 9.5 MW,V164/9500,V164/9500,1.0,EMODnet + OSM +thewindpower.net,2020.0
2.9683827,51.6452392,2020-11-01,NL,1.0,116.0,164.0,9500.0,9500.0,Vestas V164 9.5 MW,Vestas V164 9.5 MW,V164/9500,V164/9500,1.0,EMODnet + OSM +thewindpower.net,2020.0
2.9542118,51.6552599,2020-11-01,NL,1.0,116.0,164.0,9500.0,9500.0,Vestas V164 9.5 MW,Vestas V164 9.5 MW,V164/9500,V164/9500,1.0,EMODnet + OSM +thewindpower.net,2020.0
2.947832,51.6699584,2020-11-01,NL,1.0,116.0,164.0,9500.0,9500.0,Vestas V164 9.5 MW,Vestas V164 9.5 MW,V164/9500,V164/9500,1.0,EMODnet + OSM +thewindpower.net,2020.0
2.9441259,51.6855566,2020-11-01,NL,1.0,116.0,164.0,9500.0,9500.0,Vestas V164 9.5 MW,Vestas V164 9.5 MW,V164/9500,V164/9500,1.0,EMODnet + OSM +thewindpower.net,2020.0
2.9409992,51.6978281,2020-11-01,NL,1.0,115.95,164.0,9500.0,9500.0,Vestas V164 9.5 MW,Vestas V164 9.5 MW,V164/9500,V164/9500,1.0,EMODnet + OSM +thewindpower.net,2020.0
2.9603172,51.7789841,2020-11-01,NL,1.0,116.0,164.0,9500.0,9500.0,Vestas V164 9.5 MW,Vestas V164 9.5 MW,V164/9500,V164/9500,1.0,EMODnet + OSM +thewindpower.net,2020.0
2.980464,51.7828905,2020-11-01,NL,1.0,116.0,164.0,9500.0,9500.0,Vestas V164 9.5 MW,Vestas V164 9.5 MW,V164/9500,V164/9500,1.0,EMODnet + OSM +thewindpower.net,2020.0
2.9970622,51.7864533,2020-11-01,NL,1.0,116.0,164.0,9500.0,9500.0,Vestas V164 9.5 MW,Vestas V164 9.5 MW,V164/9500,V164/9500,1.0,EMODnet + OSM +thewindpower.net,2020.0
2.9773526,51.7721552,2020-11-01,NL,1.0,116.0,164.0,9500.0,9500.0,Vestas V164 9.5 MW,Vestas V164 9.5 MW,V164/9500,V164/9500,1.0,EMODnet + OSM +thewindpower.net,2020.0
2.9640215,51.7617196,2020-11-01,NL,1.0,116.0,164.0,9500.0,9500.0,Vestas V164 9.5 MW,Vestas V164 9.5 MW,V164/9500,V164/9500,1.0,EMODnet + OSM +thewindpower.net,2020.0
3.0172342,51.649828,2020-11-01,NL,1.0,116.0,164.0,9500.0,9500.0,Vestas V164 9.5 MW,Vestas V164 9.5 MW,V164/9500,V164/9500,1.0,EMODnet + OSM +thewindpower.net,2020.0
3.0212877,51.66246,2020-11-01,NL,1.0,116.0,164.0,9500.0,9500.0,Vestas V164 9.5 MW,Vestas V164 9.5 MW,V164/9500,V164/9500,1.0,EMODnet + OSM +thewindpower.net,2020.0
2.9234921,51.7399876,2020-11-01,NL,1.0,115.91,164.0,9500.0,9500.0,Vestas V164 9.5 MW,Vestas V164 9.5 MW,V164/9500,V164/9500,1.0,EMODnet + OSM +thewindpower.net,2020.0
2.8884207,51.7650761,2020-11-01,NL,1.0,115.89,164.0,9500.0,9500.0,Vestas V164 9.5 MW,Vestas V164 9.5 MW,V164/9500,V164/9500,1.0,EMODnet + OSM +thewindpower.net,2020.0
2.9047515,51.767713,2020-11-01,NL,1.0,115.89,164.0,9500.0,9500.0,Vestas V164 9.5 MW,Vestas V164 9.5 MW,V164/9500,V164/9500,1.0,EMODnet + OSM +thewindpower.net,2020.0
2.9093312,51.7601172,2020-11-01,NL,1.0,115.89,164.0,9500.0,9500.0,Vestas V164 9.5 MW,Vestas V164 9.5 MW,V164/9500,V164/9500,1.0,EMODnet + OSM +thewindpower.net,2020.0
2.9323689,51.7606737,2020-11-01,NL,1.0,115.93,164.0,9500.0,9500.0,Vestas V164 9.5 MW,Vestas V164 9.5 MW,V164/9500,V164/9500,1.0,EMODnet + OSM +thewindpower.net,2020.0
2.94933,51.7497577,2020-11-01,NL,1.0,116.0,164.0,9500.0,9500.0,Vestas V164 9.5 MW,Vestas V164 9.5 MW,V164/9500,V164/9500,1.0,EMODnet + OSM +thewindpower.net,2020.0
2.9243803,51.772088,2020-11-01,NL,1.0,115.91,164.0,9500.0,9500.0,Vestas V164 9.5 MW,Vestas V164 9.5 MW,V164/9500,V164/9500,1.0,EMODnet + OSM +thewindpower.net,2020.0
2.943288,51.776189,2020-11-01,NL,1.0,116.0,164.0,9500.0,9500.0,Vestas V164 9.5 MW,Vestas V164 9.5 MW,V164/9500,V164/9500,1.0,EMODnet + OSM +thewindpower.net,2020.0
2.8324892,51.7539654,2020-11-01,NL,1.0,115.89,164.0,9500.0,9500.0,Vestas V164 9.5 MW,Vestas V164 9.5 MW,V164/9500,V164/9500,1.0,EMODnet + OSM +thewindpower.net,2020.0
2.8531932,51.7577243,2020-11-01,NL,1.0,115.89,164.0,9500.0,9500.0,Vestas V164 9.5 MW,Vestas V164 9.5 MW,V164/9500,V164/9500,1.0,EMODnet + OSM +thewindpower.net,2020.0
2.8673345,51.7526601,2020-11-01,NL,1.0,115.89,164.0,9500.0,9500.0,Vestas V164 9.5 MW,Vestas V164 9.5 MW,V164/9500,V164/9500,1.0,EMODnet + OSM +thewindpower.net,2020.0
2.8836438,51.7488577,2020-11-01,NL,1.0,115.89,164.0,9500.0,9500.0,Vestas V164 9.5 MW,Vestas V164 9.5 MW,V164/9500,V164/9500,1.0,EMODnet + OSM +thewindpower.net,2020.0
2.9032805,51.7441076,2020-11-01,NL,1.0,115.89,164.0,9500.0,9500.0,Vestas V164 9.5 MW,Vestas V164 9.5 MW,V164/9500,V164/9500,1.0,EMODnet + OSM +thewindpower.net,2020.0
2.886865,51.7344285,2020-11-01,NL,1.0,115.89,164.0,9500.0,9500.0,Vestas V164 9.5 MW,Vestas V164 9.5 MW,V164/9500,V164/9500,1.0,EMODnet + OSM +thewindpower.net,2020.0
2.9413907,51.7311421,2020-11-01,NL,1.0,116.0,164.0,9500.0,9500.0,Vestas V164 9.5 MW,Vestas V164 9.5 MW,V164/9500,V164/9500,1.0,EMODnet + OSM +thewindpower.net,2020.0
2.8140352,51.7498004,2020-11-01,NL,1.0,115.89,164.0,9500.0,9500.0,Vestas V164 9.5 MW,Vestas V164 9.5 MW,V164/9500,V164/9500,1.0,EMODnet + OSM +thewindpower.net,2020.0
2.8087204,51.7220552,2020-11-01,NL,1.0,115.89,164.0,9500.0,9500.0,Vestas V164 9.5 MW,Vestas V164 9.5 MW,V164/9500,V164/9500,1.0,EMODnet + OSM +thewindpower.net,2020.0
2.8323021,51.7260909,2020-11-01,NL,1.0,115.89,164.0,9500.0,9500.0,Vestas V164 9.5 MW,Vestas V164 9.5 MW,V164/9500,V164/9500,1.0,EMODnet + OSM +thewindpower.net,2020.0
2.852312,51.7170366,2020-11-01,NL,1.0,115.89,164.0,9500.0,9500.0,Vestas V164 9.5 MW,Vestas V164 9.5 MW,V164/9500,V164/9500,1.0,EMODnet + OSM +thewindpower.net,2020.0
2.8825545,51.7218353,2020-11-01,NL,1.0,115.89,164.0,9500.0,9500.0,Vestas V164 9.5 MW,Vestas V164 9.5 MW,V164/9500,V164/9500,1.0,EMODnet + OSM +thewindpower.net,2020.0
2.8932194,51.7110128,2020-11-01,NL,1.0,115.89,164.0,9500.0,9500.0,Vestas V164 9.5 MW,Vestas V164 9.5 MW,V164/9500,V164/9500,1.0,EMODnet + OSM +thewindpower.net,2020.0
2.9120056,51.7263584,2020-11-01,NL,1.0,115.89,164.0,9500.0,9500.0,Vestas V164 9.5 MW,Vestas V164 9.5 MW,V164/9500,V164/9500,1.0,EMODnet + OSM +thewindpower.net,2020.0
2.7746681,51.7427641,2020-11-01,NL,1.0,116.23,164.0,9500.0,9500.0,Vestas V164 9.5 MW,Vestas V164 9.5 MW,V164/9500,V164/9500,1.0,EMODnet + OSM +thewindpower.net,2020.0
2.7937003,51.7457657,2020-11-01,NL,1.0,115.89,164.0,9500.0,9500.0,Vestas V164 9.5 MW,Vestas V164 9.5 MW,V164/9500,V164/9500,1.0,EMODnet + OSM +thewindpower.net,2020.0
2.814659,51.7389116,2020-11-01,NL,1.0,115.89,164.0,9500.0,9500.0,Vestas V164 9.5 MW,Vestas V164 9.5 MW,V164/9500,V164/9500,1.0,EMODnet + OSM +thewindpower.net,2020.0
2.8394101,51.7429157,2020-11-01,NL,1.0,115.89,164.0,9500.0,9500.0,Vestas V164 9.5 MW,Vestas V164 9.5 MW,V164/9500,V164/9500,1.0,EMODnet + OSM +thewindpower.net,2020.0
2.8559634,51.7295847,2020-11-01,NL,1.0,115.89,164.0,9500.0,9500.0,Vestas V164 9.5 MW,Vestas V164 9.5 MW,V164/9500,V164/9500,1.0,EMODnet + OSM +thewindpower.net,2020.0
2.823658,51.7131675,2020-11-01,NL,1.0,115.89,164.0,9500.0,9500.0,Vestas V164 9.5 MW,Vestas V164 9.5 MW,V164/9500,V164/9500,1.0,EMODnet + OSM +thewindpower.net,2020.0
2.8400585,51.7029052,2020-11-01,NL,1.0,115.89,164.0,9500.0,9500.0,Vestas V164 9.5 MW,Vestas V164 9.5 MW,V164/9500,V164/9500,1.0,EMODnet + OSM +thewindpower.net,2020.0
2.8703006,51.7036161,2020-11-01,NL,1.0,115.89,164.0,9500.0,9500.0,Vestas V164 9.5 MW,Vestas V164 9.5 MW,V164/9500,V164/9500,1.0,EMODnet + OSM +thewindpower.net,2020.0
2.8599161,51.6921864,2020-11-01,NL,1.0,115.89,164.0,9500.0,9500.0,Vestas V164 9.5 MW,Vestas V164 9.5 MW,V164/9500,V164/9500,1.0,EMODnet + OSM +thewindpower.net,2020.0
2.8776673,51.6815049,2020-11-01,NL,1.0,115.89,164.0,9500.0,9500.0,Vestas V164 9.5 MW,Vestas V164 9.5 MW,V164/9500,V164/9500,1.0,EMODnet + OSM +thewindpower.net,2020.0
2.897665,51.6970339,2020-11-01,NL,1.0,115.89,164.0,9500.0,9500.0,Vestas V164 9.5 MW,Vestas V164 9.5 MW,V164/9500,V164/9500,1.0,EMODnet + OSM +thewindpower.net,2020.0
2.9155804,51.7115247,2020-11-01,NL,1.0,115.89,164.0,9500.0,9500.0,Vestas V164 9.5 MW,Vestas V164 9.5 MW,V164/9500,V164/9500,1.0,EMODnet + OSM +thewindpower.net,2020.0
2.790769,51.7331266,2020-11-01,NL,1.0,115.89,164.0,9500.0,9500.0,Vestas V164 9.5 MW,Vestas V164 9.5 MW,V164/9500,V164/9500,1.0,EMODnet + OSM +thewindpower.net,2020.0
1.5015656,51.698,2013-07-01,GB,1.0,87.0,107.0,3600.0,3600.0,Siemens,Siemens,SWT-3.6-107,SWT-3.6-107,1.0,EMODnet + OSM +thewindpower.net,2013.0
1.4592268,51.5790256,2013-07-01,GB,1.0,87.0,107.0,3600.0,3600.0,Siemens,Siemens,SWT-3.6-107,SWT-3.6-107,1.0,EMODnet + OSM +thewindpower.net,2013.0
1.4250065,51.5981387,2013-07-01,GB,1.0,87.0,107.0,3600.0,3600.0,Siemens,Siemens,SWT-3.6-107,SWT-3.6-107,1.0,EMODnet + OSM +thewindpower.net,2013.0
1.4329795,51.6046687,2013-07-01,GB,1.0,87.0,107.0,3600.0,3600.0,Siemens,Siemens,SWT-3.6-107,SWT-3.6-107,1.0,EMODnet + OSM +thewindpower.net,2013.0
1.4196442,51.6124683,2013-07-01,GB,1.0,87.0,107.0,3600.0,3600.0,Siemens,Siemens,SWT-3.6-107,SWT-3.6-107,1.0,EMODnet + OSM +thewindpower.net,2013.0
1.529784,51.5764824,2013-07-01,GB,1.0,87.0,107.0,3600.0,3600.0,Siemens,Siemens,SWT-3.6-107,SWT-3.6-107,1.0,EMODnet + OSM +thewindpower.net,2013.0
1.4115301,51.6337133,2013-07-01,GB,1.0,87.0,107.0,3600.0,3600.0,Siemens,Siemens,SWT-3.6-107,SWT-3.6-107,1.0,EMODnet + OSM +thewindpower.net,2013.0
1.5533501,51.575737,2013-07-01,GB,1.0,87.0,107.0,3600.0,3600.0,Siemens,Siemens,SWT-3.6-107,SWT-3.6-107,1.0,EMODnet + OSM +thewindpower.net,2013.0
1.5701427,51.578631,2013-07-01,GB,1.0,87.0,107.0,3600.0,3600.0,Siemens,Siemens,SWT-3.6-107,SWT-3.6-107,1.0,EMODnet + OSM +thewindpower.net,2013.0
1.435449,51.6506584,2013-07-01,GB,1.0,87.0,107.0,3600.0,3600.0,Siemens,Siemens,SWT-3.6-107,SWT-3.6-107,1.0,EMODnet + OSM +thewindpower.net,2013.0
1.5721183,51.6246471,2013-07-01,GB,1.0,87.0,107.0,3600.0,3600.0,Siemens,Siemens,SWT-3.6-107,SWT-3.6-107,1.0,EMODnet + OSM +thewindpower.net,2013.0
1.5559607,51.6570933,2013-07-01,GB,1.0,87.0,107.0,3600.0,3600.0,Siemens,Siemens,SWT-3.6-107,SWT-3.6-107,1.0,EMODnet + OSM +thewindpower.net,2013.0
1.543966,51.6753422,2013-07-01,GB,1.0,87.0,107.0,3600.0,3600.0,Siemens,Siemens,SWT-3.6-107,SWT-3.6-107,1.0,EMODnet + OSM +thewindpower.net,2013.0
1.506359,51.5772717,2013-07-01,GB,1.0,87.0,107.0,3600.0,3600.0,Siemens,Siemens,SWT-3.6-107,SWT-3.6-107,1.0,EMODnet + OSM +thewindpower.net,2013.0
1.4827223,51.5782363,2013-07-01,GB,1.0,87.0,107.0,3600.0,3600.0,Siemens,Siemens,SWT-3.6-107,SWT-3.6-107,1.0,EMODnet + OSM +thewindpower.net,2013.0
1.5463649,51.5796394,2013-07-01,GB,1.0,87.0,107.0,3600.0,3600.0,Siemens,Siemens,SWT-3.6-107,SWT-3.6-107,1.0,EMODnet + OSM +thewindpower.net,2013.0
1.5230105,51.5802971,2013-07-01,GB,1.0,87.0,107.0,3600.0,3600.0,Siemens,Siemens,SWT-3.6-107,SWT-3.6-107,1.0,EMODnet + OSM +thewindpower.net,2013.0
1.4992327,51.5812617,2013-07-01,GB,1.0,87.0,107.0,3600.0,3600.0,Siemens,Siemens,SWT-3.6-107,SWT-3.6-107,1.0,EMODnet + OSM +thewindpower.net,2013.0
1.4754549,51.5820509,2013-07-01,GB,1.0,87.0,107.0,3600.0,3600.0,Siemens,Siemens,SWT-3.6-107,SWT-3.6-107,1.0,EMODnet + OSM +thewindpower.net,2013.0
1.5630165,51.5824455,2013-07-01,GB,1.0,87.0,107.0,3600.0,3600.0,Siemens,Siemens,SWT-3.6-107,SWT-3.6-107,1.0,EMODnet + OSM +thewindpower.net,2013.0
1.4521005,51.5827963,2013-07-01,GB,1.0,87.0,107.0,3600.0,3600.0,Siemens,Siemens,SWT-3.6-107,SWT-3.6-107,1.0,EMODnet + OSM +thewindpower.net,2013.0
1.5393092,51.5832347,2013-07-01,GB,1.0,87.0,107.0,3600.0,3600.0,Siemens,Siemens,SWT-3.6-107,SWT-3.6-107,1.0,EMODnet + OSM +thewindpower.net,2013.0
1.5156726,51.5841992,2013-07-01,GB,1.0,87.0,107.0,3600.0,3600.0,Siemens,Siemens,SWT-3.6-107,SWT-3.6-107,1.0,EMODnet + OSM +thewindpower.net,2013.0
1.4922476,51.5849884,2013-07-01,GB,1.0,87.0,107.0,3600.0,3600.0,Siemens,Siemens,SWT-3.6-107,SWT-3.6-107,1.0,EMODnet + OSM +thewindpower.net,2013.0
1.4686109,51.5858213,2013-07-01,GB,1.0,87.0,107.0,3600.0,3600.0,Siemens,Siemens,SWT-3.6-107,SWT-3.6-107,1.0,EMODnet + OSM +thewindpower.net,2013.0
1.5558196,51.5863912,2013-07-01,GB,1.0,87.0,107.0,3600.0,3600.0,Siemens,Siemens,SWT-3.6-107,SWT-3.6-107,1.0,EMODnet + OSM +thewindpower.net,2013.0
1.4449742,51.5866543,2013-07-01,GB,1.0,87.0,107.0,3600.0,3600.0,Siemens,Siemens,SWT-3.6-107,SWT-3.6-107,1.0,EMODnet + OSM +thewindpower.net,2013.0
1.5323241,51.5870488,2013-07-01,GB,1.0,87.0,107.0,3600.0,3600.0,Siemens,Siemens,SWT-3.6-107,SWT-3.6-107,1.0,EMODnet + OSM +thewindpower.net,2013.0
1.5086168,51.5880571,2013-07-01,GB,1.0,87.0,107.0,3600.0,3600.0,Siemens,Siemens,SWT-3.6-107,SWT-3.6-107,1.0,EMODnet + OSM +thewindpower.net,2013.0
1.4849802,51.5887585,2013-07-01,GB,1.0,87.0,107.0,3600.0,3600.0,Siemens,Siemens,SWT-3.6-107,SWT-3.6-107,1.0,EMODnet + OSM +thewindpower.net,2013.0
1.461414,51.5896791,2013-07-01,GB,1.0,87.0,107.0,3600.0,3600.0,Siemens,Siemens,SWT-3.6-107,SWT-3.6-107,1.0,EMODnet + OSM +thewindpower.net,2013.0
1.5486933,51.5900298,2013-07-01,GB,1.0,87.0,107.0,3600.0,3600.0,Siemens,Siemens,SWT-3.6-107,SWT-3.6-107,1.0,EMODnet + OSM +thewindpower.net,2013.0
1.4377068,51.5904681,2013-07-01,GB,1.0,87.0,107.0,3600.0,3600.0,Siemens,Siemens,SWT-3.6-107,SWT-3.6-107,1.0,EMODnet + OSM +thewindpower.net,2013.0
1.5252683,51.5909503,2013-07-01,GB,1.0,87.0,107.0,3600.0,3600.0,Siemens,Siemens,SWT-3.6-107,SWT-3.6-107,1.0,EMODnet + OSM +thewindpower.net,2013.0
1.5016317,51.5917832,2013-07-01,GB,1.0,87.0,107.0,3600.0,3600.0,Siemens,Siemens,SWT-3.6-107,SWT-3.6-107,1.0,EMODnet + OSM +thewindpower.net,2013.0
1.4779244,51.5926599,2013-07-01,GB,1.0,87.0,107.0,3600.0,3600.0,Siemens,Siemens,SWT-3.6-107,SWT-3.6-107,1.0,EMODnet + OSM +thewindpower.net,2013.0
1.565486,51.5929667,2013-07-01,GB,1.0,87.0,107.0,3600.0,3600.0,Siemens,Siemens,SWT-3.6-107,SWT-3.6-107,1.0,EMODnet + OSM +thewindpower.net,2013.0
1.45457,51.5932735,2013-07-01,GB,1.0,87.0,107.0,3600.0,3600.0,Siemens,Siemens,SWT-3.6-107,SWT-3.6-107,1.0,EMODnet + OSM +thewindpower.net,2013.0
1.5418493,51.5940625,2013-07-01,GB,1.0,87.0,107.0,3600.0,3600.0,Siemens,Siemens,SWT-3.6-107,SWT-3.6-107,1.0,EMODnet + OSM +thewindpower.net,2013.0
1.4307216,51.5942817,2013-07-01,GB,1.0,87.0,107.0,3600.0,3600.0,Siemens,Siemens,SWT-3.6-107,SWT-3.6-107,1.0,EMODnet + OSM +thewindpower.net,2013.0
1.5181421,51.5946762,2013-07-01,GB,1.0,87.0,107.0,3600.0,3600.0,Siemens,Siemens,SWT-3.6-107,SWT-3.6-107,1.0,EMODnet + OSM +thewindpower.net,2013.0
1.4944348,51.5957281,2013-07-01,GB,1.0,87.0,107.0,3600.0,3600.0,Siemens,Siemens,SWT-3.6-107,SWT-3.6-107,1.0,EMODnet + OSM +thewindpower.net,2013.0
1.4708687,51.5963856,2013-07-01,GB,1.0,87.0,107.0,3600.0,3600.0,Siemens,Siemens,SWT-3.6-107,SWT-3.6-107,1.0,EMODnet + OSM +thewindpower.net,2013.0
1.5582891,51.5968677,2013-07-01,GB,1.0,87.0,107.0,3600.0,3600.0,Siemens,Siemens,SWT-3.6-107,SWT-3.6-107,1.0,EMODnet + OSM +thewindpower.net,2013.0
1.4473732,51.5971307,2013-07-01,GB,1.0,87.0,107.0,3600.0,3600.0,Siemens,Siemens,SWT-3.6-107,SWT-3.6-107,1.0,EMODnet + OSM +thewindpower.net,2013.0
1.5346524,51.5976128,2013-07-01,GB,1.0,87.0,107.0,3600.0,3600.0,Siemens,Siemens,SWT-3.6-107,SWT-3.6-107,1.0,EMODnet + OSM +thewindpower.net,2013.0
1.5108747,51.598577,2013-07-01,GB,1.0,87.0,107.0,3600.0,3600.0,Siemens,Siemens,SWT-3.6-107,SWT-3.6-107,1.0,EMODnet + OSM +thewindpower.net,2013.0
1.4873791,51.5992783,2013-07-01,GB,1.0,87.0,107.0,3600.0,3600.0,Siemens,Siemens,SWT-3.6-107,SWT-3.6-107,1.0,EMODnet + OSM +thewindpower.net,2013.0
1.4638835,51.6001548,2013-07-01,GB,1.0,87.0,107.0,3600.0,3600.0,Siemens,Siemens,SWT-3.6-107,SWT-3.6-107,1.0,EMODnet + OSM +thewindpower.net,2013.0
1.5509512,51.6005931,2013-07-01,GB,1.0,87.0,107.0,3600.0,3600.0,Siemens,Siemens,SWT-3.6-107,SWT-3.6-107,1.0,EMODnet + OSM +thewindpower.net,2013.0
1.5273851,51.6014696,2013-07-01,GB,1.0,87.0,107.0,3600.0,3600.0,Siemens,Siemens,SWT-3.6-107,SWT-3.6-107,1.0,EMODnet + OSM +thewindpower.net,2013.0
1.5039601,51.6022584,2013-07-01,GB,1.0,87.0,107.0,3600.0,3600.0,Siemens,Siemens,SWT-3.6-107,SWT-3.6-107,1.0,EMODnet + OSM +thewindpower.net,2013.0
1.4803234,51.6031787,2013-07-01,GB,1.0,87.0,107.0,3600.0,3600.0,Siemens,Siemens,SWT-3.6-107,SWT-3.6-107,1.0,EMODnet + OSM +thewindpower.net,2013.0
1.5675321,51.6034416,2013-07-01,GB,1.0,87.0,107.0,3600.0,3600.0,Siemens,Siemens,SWT-3.6-107,SWT-3.6-107,1.0,EMODnet + OSM +thewindpower.net,2013.0
1.4568278,51.6038799,2013-07-01,GB,1.0,87.0,107.0,3600.0,3600.0,Siemens,Siemens,SWT-3.6-107,SWT-3.6-107,1.0,EMODnet + OSM +thewindpower.net,2013.0
1.5438954,51.6044057,2013-07-01,GB,1.0,87.0,107.0,3600.0,3600.0,Siemens,Siemens,SWT-3.6-107,SWT-3.6-107,1.0,EMODnet + OSM +thewindpower.net,2013.0
1.5204704,51.6050631,2013-07-01,GB,1.0,87.0,107.0,3600.0,3600.0,Siemens,Siemens,SWT-3.6-107,SWT-3.6-107,1.0,EMODnet + OSM +thewindpower.net,2013.0
1.4967632,51.6061148,2013-07-01,GB,1.0,87.0,107.0,3600.0,3600.0,Siemens,Siemens,SWT-3.6-107,SWT-3.6-107,1.0,EMODnet + OSM +thewindpower.net,2013.0
1.4731971,51.6069912,2013-07-01,GB,1.0,87.0,107.0,3600.0,3600.0,Siemens,Siemens,SWT-3.6-107,SWT-3.6-107,1.0,EMODnet + OSM +thewindpower.net,2013.0
1.5604058,51.6072979,2013-07-01,GB,1.0,87.0,107.0,3600.0,3600.0,Siemens,Siemens,SWT-3.6-107,SWT-3.6-107,1.0,EMODnet + OSM +thewindpower.net,2013.0
1.449631,51.6076047,2013-07-01,GB,1.0,87.0,107.0,3600.0,3600.0,Siemens,Siemens,SWT-3.6-107,SWT-3.6-107,1.0,EMODnet + OSM +thewindpower.net,2013.0
1.5369103,51.6081743,2013-07-01,GB,1.0,87.0,107.0,3600.0,3600.0,Siemens,Siemens,SWT-3.6-107,SWT-3.6-107,1.0,EMODnet + OSM +thewindpower.net,2013.0
1.4259238,51.6085248,2013-07-01,GB,1.0,87.0,107.0,3600.0,3600.0,Siemens,Siemens,SWT-3.6-107,SWT-3.6-107,1.0,EMODnet + OSM +thewindpower.net,2013.0
1.5132736,51.6090945,2013-07-01,GB,1.0,87.0,107.0,3600.0,3600.0,Siemens,Siemens,SWT-3.6-107,SWT-3.6-107,1.0,EMODnet + OSM +thewindpower.net,2013.0
1.4897075,51.6097956,2013-07-01,GB,1.0,87.0,107.0,3600.0,3600.0,Siemens,Siemens,SWT-3.6-107,SWT-3.6-107,1.0,EMODnet + OSM +thewindpower.net,2013.0
1.4660708,51.6107595,2013-07-01,GB,1.0,87.0,107.0,3600.0,3600.0,Siemens,Siemens,SWT-3.6-107,SWT-3.6-107,1.0,EMODnet + OSM +thewindpower.net,2013.0
1.553209,51.6111977,2013-07-01,GB,1.0,87.0,107.0,3600.0,3600.0,Siemens,Siemens,SWT-3.6-107,SWT-3.6-107,1.0,EMODnet + OSM +thewindpower.net,2013.0
1.4425753,51.6114168,2013-07-01,GB,1.0,87.0,107.0,3600.0,3600.0,Siemens,Siemens,SWT-3.6-107,SWT-3.6-107,1.0,EMODnet + OSM +thewindpower.net,2013.0
1.529784,51.6120302,2013-07-01,GB,1.0,87.0,107.0,3600.0,3600.0,Siemens,Siemens,SWT-3.6-107,SWT-3.6-107,1.0,EMODnet + OSM +thewindpower.net,2013.0
1.5060768,51.6128626,2013-07-01,GB,1.0,87.0,107.0,3600.0,3600.0,Siemens,Siemens,SWT-3.6-107,SWT-3.6-107,1.0,EMODnet + OSM +thewindpower.net,2013.0
1.4825107,51.6136075,2013-07-01,GB,1.0,87.0,107.0,3600.0,3600.0,Siemens,Siemens,SWT-3.6-107,SWT-3.6-107,1.0,EMODnet + OSM +thewindpower.net,2013.0
1.5700016,51.6140894,2013-07-01,GB,1.0,87.0,107.0,3600.0,3600.0,Siemens,Siemens,SWT-3.6-107,SWT-3.6-107,1.0,EMODnet + OSM +thewindpower.net,2013.0
1.4590151,51.6144837,2013-07-01,GB,1.0,87.0,107.0,3600.0,3600.0,Siemens,Siemens,SWT-3.6-107,SWT-3.6-107,1.0,EMODnet + OSM +thewindpower.net,2013.0
1.5464355,51.6151409,2013-07-01,GB,1.0,87.0,107.0,3600.0,3600.0,Siemens,Siemens,SWT-3.6-107,SWT-3.6-107,1.0,EMODnet + OSM +thewindpower.net,2013.0
1.5227283,51.6159295,2013-07-01,GB,1.0,87.0,107.0,3600.0,3600.0,Siemens,Siemens,SWT-3.6-107,SWT-3.6-107,1.0,EMODnet + OSM +thewindpower.net,2013.0
1.4991622,51.6166305,2013-07-01,GB,1.0,87.0,107.0,3600.0,3600.0,Siemens,Siemens,SWT-3.6-107,SWT-3.6-107,1.0,EMODnet + OSM +thewindpower.net,2013.0
1.4754549,51.6174629,2013-07-01,GB,1.0,87.0,107.0,3600.0,3600.0,Siemens,Siemens,SWT-3.6-107,SWT-3.6-107,1.0,EMODnet + OSM +thewindpower.net,2013.0
1.5628753,51.6179448,2013-07-01,GB,1.0,87.0,107.0,3600.0,3600.0,Siemens,Siemens,SWT-3.6-107,SWT-3.6-107,1.0,EMODnet + OSM +thewindpower.net,2013.0
1.4520299,51.6182515,2013-07-01,GB,1.0,87.0,107.0,3600.0,3600.0,Siemens,Siemens,SWT-3.6-107,SWT-3.6-107,1.0,EMODnet + OSM +thewindpower.net,2013.0
1.5392387,51.6185581,2013-07-01,GB,1.0,87.0,107.0,3600.0,3600.0,Siemens,Siemens,SWT-3.6-107,SWT-3.6-107,1.0,EMODnet + OSM +thewindpower.net,2013.0
1.4283227,51.61904,2013-07-01,GB,1.0,87.0,107.0,3600.0,3600.0,Siemens,Siemens,SWT-3.6-107,SWT-3.6-107,1.0,EMODnet + OSM +thewindpower.net,2013.0
1.515731,51.6195157,2013-07-01,GB,1.0,87.0,107.0,3600.0,3600.0,Siemens,Siemens,SWT-3.6-107,SWT-3.6-107,1.0,EMODnet + OSM +thewindpower.net,2013.0
1.4919653,51.6204418,2013-07-01,GB,1.0,87.0,107.0,3600.0,3600.0,Siemens,Siemens,SWT-3.6-107,SWT-3.6-107,1.0,EMODnet + OSM +thewindpower.net,2013.0
1.4685403,51.6212742,2013-07-01,GB,1.0,87.0,107.0,3600.0,3600.0,Siemens,Siemens,SWT-3.6-107,SWT-3.6-107,1.0,EMODnet + OSM +thewindpower.net,2013.0
1.5556079,51.6218874,2013-07-01,GB,1.0,87.0,107.0,3600.0,3600.0,Siemens,Siemens,SWT-3.6-107,SWT-3.6-107,1.0,EMODnet + OSM +thewindpower.net,2013.0
1.4449742,51.6220189,2013-07-01,GB,1.0,87.0,107.0,3600.0,3600.0,Siemens,Siemens,SWT-3.6-107,SWT-3.6-107,1.0,EMODnet + OSM +thewindpower.net,2013.0
1.5322535,51.6225445,2013-07-01,GB,1.0,87.0,107.0,3600.0,3600.0,Siemens,Siemens,SWT-3.6-107,SWT-3.6-107,1.0,EMODnet + OSM +thewindpower.net,2013.0
1.421267,51.6227635,2013-07-01,GB,1.0,87.0,107.0,3600.0,3600.0,Siemens,Siemens,SWT-3.6-107,SWT-3.6-107,1.0,EMODnet + OSM +thewindpower.net,2013.0
1.5084757,51.6233768,2013-07-01,GB,1.0,87.0,107.0,3600.0,3600.0,Siemens,Siemens,SWT-3.6-107,SWT-3.6-107,1.0,EMODnet + OSM +thewindpower.net,2013.0
1.4850507,51.6242529,2013-07-01,GB,1.0,87.0,107.0,3600.0,3600.0,Siemens,Siemens,SWT-3.6-107,SWT-3.6-107,1.0,EMODnet + OSM +thewindpower.net,2013.0
1.4614846,51.6249537,2013-07-01,GB,1.0,87.0,107.0,3600.0,3600.0,Siemens,Siemens,SWT-3.6-107,SWT-3.6-107,1.0,EMODnet + OSM +thewindpower.net,2013.0
1.5485522,51.6254793,2013-07-01,GB,1.0,87.0,107.0,3600.0,3600.0,Siemens,Siemens,SWT-3.6-107,SWT-3.6-107,1.0,EMODnet + OSM +thewindpower.net,2013.0
1.4379185,51.625786,2013-07-01,GB,1.0,87.0,107.0,3600.0,3600.0,Siemens,Siemens,SWT-3.6-107,SWT-3.6-107,1.0,EMODnet + OSM +thewindpower.net,2013.0
1.5251272,51.6263554,2013-07-01,GB,1.0,87.0,107.0,3600.0,3600.0,Siemens,Siemens,SWT-3.6-107,SWT-3.6-107,1.0,EMODnet + OSM +thewindpower.net,2013.0
1.4141407,51.6267496,2013-07-01,GB,1.0,87.0,107.0,3600.0,3600.0,Siemens,Siemens,SWT-3.6-107,SWT-3.6-107,1.0,EMODnet + OSM +thewindpower.net,2013.0
1.5013494,51.6271438,2013-07-01,GB,1.0,87.0,107.0,3600.0,3600.0,Siemens,Siemens,SWT-3.6-107,SWT-3.6-107,1.0,EMODnet + OSM +thewindpower.net,2013.0
1.477995,51.6280198,2013-07-01,GB,1.0,87.0,107.0,3600.0,3600.0,Siemens,Siemens,SWT-3.6-107,SWT-3.6-107,1.0,EMODnet + OSM +thewindpower.net,2013.0
1.5651332,51.6284578,2013-07-01,GB,1.0,87.0,107.0,3600.0,3600.0,Siemens,Siemens,SWT-3.6-107,SWT-3.6-107,1.0,EMODnet + OSM +thewindpower.net,2013.0
1.4541466,51.6288082,2013-07-01,GB,1.0,87.0,107.0,3600.0,3600.0,Siemens,Siemens,SWT-3.6-107,SWT-3.6-107,1.0,EMODnet + OSM +thewindpower.net,2013.0
1.5415671,51.6292023,2013-07-01,GB,1.0,87.0,107.0,3600.0,3600.0,Siemens,Siemens,SWT-3.6-107,SWT-3.6-107,1.0,EMODnet + OSM +thewindpower.net,2013.0
1.5176482,51.6302097,2013-07-01,GB,1.0,87.0,107.0,3600.0,3600.0,Siemens,Siemens,SWT-3.6-107,SWT-3.6-107,1.0,EMODnet + OSM +thewindpower.net,2013.0
1.4942937,51.6310856,2013-07-01,GB,1.0,87.0,107.0,3600.0,3600.0,Siemens,Siemens,SWT-3.6-107,SWT-3.6-107,1.0,EMODnet + OSM +thewindpower.net,2013.0
1.4707276,51.6319178,2013-07-01,GB,1.0,87.0,107.0,3600.0,3600.0,Siemens,Siemens,SWT-3.6-107,SWT-3.6-107,1.0,EMODnet + OSM +thewindpower.net,2013.0
1.5579363,51.6323119,2013-07-01,GB,1.0,87.0,107.0,3600.0,3600.0,Siemens,Siemens,SWT-3.6-107,SWT-3.6-107,1.0,EMODnet + OSM +thewindpower.net,2013.0
1.4470909,51.6324871,2013-07-01,GB,1.0,87.0,107.0,3600.0,3600.0,Siemens,Siemens,SWT-3.6-107,SWT-3.6-107,1.0,EMODnet + OSM +thewindpower.net,2013.0
1.5346524,51.6330564,2013-07-01,GB,1.0,87.0,107.0,3600.0,3600.0,Siemens,Siemens,SWT-3.6-107,SWT-3.6-107,1.0,EMODnet + OSM +thewindpower.net,2013.0
1.4236659,51.6333192,2013-07-01,GB,1.0,87.0,107.0,3600.0,3600.0,Siemens,Siemens,SWT-3.6-107,SWT-3.6-107,1.0,EMODnet + OSM +thewindpower.net,2013.0
1.5108041,51.6338447,2013-07-01,GB,1.0,87.0,107.0,3600.0,3600.0,Siemens,Siemens,SWT-3.6-107,SWT-3.6-107,1.0,EMODnet + OSM +thewindpower.net,2013.0
1.4874497,51.6348082,2013-07-01,GB,1.0,87.0,107.0,3600.0,3600.0,Siemens,Siemens,SWT-3.6-107,SWT-3.6-107,1.0,EMODnet + OSM +thewindpower.net,2013.0
1.4636013,51.6355964,2013-07-01,GB,1.0,87.0,107.0,3600.0,3600.0,Siemens,Siemens,SWT-3.6-107,SWT-3.6-107,1.0,EMODnet + OSM +thewindpower.net,2013.0
1.5510217,51.6361657,2013-07-01,GB,1.0,87.0,107.0,3600.0,3600.0,Siemens,Siemens,SWT-3.6-107,SWT-3.6-107,1.0,EMODnet + OSM +thewindpower.net,2013.0
1.4400352,51.6362971,2013-07-01,GB,1.0,87.0,107.0,3600.0,3600.0,Siemens,Siemens,SWT-3.6-107,SWT-3.6-107,1.0,EMODnet + OSM +thewindpower.net,2013.0
1.5272439,51.636954,2013-07-01,GB,1.0,87.0,107.0,3600.0,3600.0,Siemens,Siemens,SWT-3.6-107,SWT-3.6-107,1.0,EMODnet + OSM +thewindpower.net,2013.0
1.5038895,51.6376984,2013-07-01,GB,1.0,87.0,107.0,3600.0,3600.0,Siemens,Siemens,SWT-3.6-107,SWT-3.6-107,1.0,EMODnet + OSM +thewindpower.net,2013.0
1.4803234,51.6385742,2013-07-01,GB,1.0,87.0,107.0,3600.0,3600.0,Siemens,Siemens,SWT-3.6-107,SWT-3.6-107,1.0,EMODnet + OSM +thewindpower.net,2013.0
1.4567573,51.6394062,2013-07-01,GB,1.0,87.0,107.0,3600.0,3600.0,Siemens,Siemens,SWT-3.6-107,SWT-3.6-107,1.0,EMODnet + OSM +thewindpower.net,2013.0
1.5437543,51.6400192,2013-07-01,GB,1.0,87.0,107.0,3600.0,3600.0,Siemens,Siemens,SWT-3.6-107,SWT-3.6-107,1.0,EMODnet + OSM +thewindpower.net,2013.0
1.4329089,51.6401506,2013-07-01,GB,1.0,87.0,107.0,3600.0,3600.0,Siemens,Siemens,SWT-3.6-107,SWT-3.6-107,1.0,EMODnet + OSM +thewindpower.net,2013.0
1.5203293,51.6407636,2013-07-01,GB,1.0,87.0,107.0,3600.0,3600.0,Siemens,Siemens,SWT-3.6-107,SWT-3.6-107,1.0,EMODnet + OSM +thewindpower.net,2013.0
1.4968338,51.641508,2013-07-01,GB,1.0,87.0,107.0,3600.0,3600.0,Siemens,Siemens,SWT-3.6-107,SWT-3.6-107,1.0,EMODnet + OSM +thewindpower.net,2013.0
1.4731265,51.6423837,2013-07-01,GB,1.0,87.0,107.0,3600.0,3600.0,Siemens,Siemens,SWT-3.6-107,SWT-3.6-107,1.0,EMODnet + OSM +thewindpower.net,2013.0
1.449631,51.6431281,2013-07-01,GB,1.0,87.0,107.0,3600.0,3600.0,Siemens,Siemens,SWT-3.6-107,SWT-3.6-107,1.0,EMODnet + OSM +thewindpower.net,2013.0
1.5368397,51.6435659,2013-07-01,GB,1.0,87.0,107.0,3600.0,3600.0,Siemens,Siemens,SWT-3.6-107,SWT-3.6-107,1.0,EMODnet + OSM +thewindpower.net,2013.0
1.513203,51.6444416,2013-07-01,GB,1.0,87.0,107.0,3600.0,3600.0,Siemens,Siemens,SWT-3.6-107,SWT-3.6-107,1.0,EMODnet + OSM +thewindpower.net,2013.0
1.4894958,51.6452735,2013-07-01,GB,1.0,87.0,107.0,3600.0,3600.0,Siemens,Siemens,SWT-3.6-107,SWT-3.6-107,1.0,EMODnet + OSM +thewindpower.net,2013.0
1.4660003,51.6461053,2013-07-01,GB,1.0,87.0,107.0,3600.0,3600.0,Siemens,Siemens,SWT-3.6-107,SWT-3.6-107,1.0,EMODnet + OSM +thewindpower.net,2013.0
1.4425047,51.6471123,2013-07-01,GB,1.0,87.0,107.0,3600.0,3600.0,Siemens,Siemens,SWT-3.6-107,SWT-3.6-107,1.0,EMODnet + OSM +thewindpower.net,2013.0
1.5297134,51.6475939,2013-07-01,GB,1.0,87.0,107.0,3600.0,3600.0,Siemens,Siemens,SWT-3.6-107,SWT-3.6-107,1.0,EMODnet + OSM +thewindpower.net,2013.0
1.5060768,51.6482944,2013-07-01,GB,1.0,87.0,107.0,3600.0,3600.0,Siemens,Siemens,SWT-3.6-107,SWT-3.6-107,1.0,EMODnet + OSM +thewindpower.net,2013.0
1.4823695,51.6490824,2013-07-01,GB,1.0,87.0,107.0,3600.0,3600.0,Siemens,Siemens,SWT-3.6-107,SWT-3.6-107,1.0,EMODnet + OSM +thewindpower.net,2013.0
1.4590151,51.649958,2013-07-01,GB,1.0,87.0,107.0,3600.0,3600.0,Siemens,Siemens,SWT-3.6-107,SWT-3.6-107,1.0,EMODnet + OSM +thewindpower.net,2013.0
1.5463649,51.650352,2013-07-01,GB,1.0,87.0,107.0,3600.0,3600.0,Siemens,Siemens,SWT-3.6-107,SWT-3.6-107,1.0,EMODnet + OSM +thewindpower.net,2013.0
1.5225872,51.6512713,2013-07-01,GB,1.0,87.0,107.0,3600.0,3600.0,Siemens,Siemens,SWT-3.6-107,SWT-3.6-107,1.0,EMODnet + OSM +thewindpower.net,2013.0
1.4990916,51.6520155,2013-07-01,GB,1.0,87.0,107.0,3600.0,3600.0,Siemens,Siemens,SWT-3.6-107,SWT-3.6-107,1.0,EMODnet + OSM +thewindpower.net,2013.0
1.4753844,51.6529786,2013-07-01,GB,1.0,87.0,107.0,3600.0,3600.0,Siemens,Siemens,SWT-3.6-107,SWT-3.6-107,1.0,EMODnet + OSM +thewindpower.net,2013.0
1.4521005,51.6537228,2013-07-01,GB,1.0,87.0,107.0,3600.0,3600.0,Siemens,Siemens,SWT-3.6-107,SWT-3.6-107,1.0,EMODnet + OSM +thewindpower.net,2013.0
1.5393798,51.6542043,2013-07-01,GB,1.0,87.0,107.0,3600.0,3600.0,Siemens,Siemens,SWT-3.6-107,SWT-3.6-107,1.0,EMODnet + OSM +thewindpower.net,2013.0
1.5153903,51.6549484,2013-07-01,GB,1.0,87.0,107.0,3600.0,3600.0,Siemens,Siemens,SWT-3.6-107,SWT-3.6-107,1.0,EMODnet + OSM +thewindpower.net,2013.0
1.4918948,51.655999,2013-07-01,GB,1.0,87.0,107.0,3600.0,3600.0,Siemens,Siemens,SWT-3.6-107,SWT-3.6-107,1.0,EMODnet + OSM +thewindpower.net,2013.0
1.4686109,51.6567869,2013-07-01,GB,1.0,87.0,107.0,3600.0,3600.0,Siemens,Siemens,SWT-3.6-107,SWT-3.6-107,1.0,EMODnet + OSM +thewindpower.net,2013.0
1.4447625,51.6574872,2013-07-01,GB,1.0,87.0,107.0,3600.0,3600.0,Siemens,Siemens,SWT-3.6-107,SWT-3.6-107,1.0,EMODnet + OSM +thewindpower.net,2013.0
1.5321829,51.6581,2013-07-01,GB,1.0,87.0,107.0,3600.0,3600.0,Siemens,Siemens,SWT-3.6-107,SWT-3.6-107,1.0,EMODnet + OSM +thewindpower.net,2013.0
1.5084052,51.6588879,2013-07-01,GB,1.0,87.0,107.0,3600.0,3600.0,Siemens,Siemens,SWT-3.6-107,SWT-3.6-107,1.0,EMODnet + OSM +thewindpower.net,2013.0
1.4849096,51.6596757,2013-07-01,GB,1.0,87.0,107.0,3600.0,3600.0,Siemens,Siemens,SWT-3.6-107,SWT-3.6-107,1.0,EMODnet + OSM +thewindpower.net,2013.0
1.4611318,51.6605511,2013-07-01,GB,1.0,87.0,107.0,3600.0,3600.0,Siemens,Siemens,SWT-3.6-107,SWT-3.6-107,1.0,EMODnet + OSM +thewindpower.net,2013.0
1.5487639,51.6609012,2013-07-01,GB,1.0,87.0,107.0,3600.0,3600.0,Siemens,Siemens,SWT-3.6-107,SWT-3.6-107,1.0,EMODnet + OSM +thewindpower.net,2013.0
1.5250567,51.6617766,2013-07-01,GB,1.0,87.0,107.0,3600.0,3600.0,Siemens,Siemens,SWT-3.6-107,SWT-3.6-107,1.0,EMODnet + OSM +thewindpower.net,2013.0
1.5013494,51.6625644,2013-07-01,GB,1.0,87.0,107.0,3600.0,3600.0,Siemens,Siemens,SWT-3.6-107,SWT-3.6-107,1.0,EMODnet + OSM +thewindpower.net,2013.0
1.4777128,51.6634397,2013-07-01,GB,1.0,87.0,107.0,3600.0,3600.0,Siemens,Siemens,SWT-3.6-107,SWT-3.6-107,1.0,EMODnet + OSM +thewindpower.net,2013.0
1.4543583,51.6642274,2013-07-01,GB,1.0,87.0,107.0,3600.0,3600.0,Siemens,Siemens,SWT-3.6-107,SWT-3.6-107,1.0,EMODnet + OSM +thewindpower.net,2013.0
1.5415671,51.6648401,2013-07-01,GB,1.0,87.0,107.0,3600.0,3600.0,Siemens,Siemens,SWT-3.6-107,SWT-3.6-107,1.0,EMODnet + OSM +thewindpower.net,2013.0
1.5178598,51.6656716,2013-07-01,GB,1.0,87.0,107.0,3600.0,3600.0,Siemens,Siemens,SWT-3.6-107,SWT-3.6-107,1.0,EMODnet + OSM +thewindpower.net,2013.0
1.4944348,51.6664156,2013-07-01,GB,1.0,87.0,107.0,3600.0,3600.0,Siemens,Siemens,SWT-3.6-107,SWT-3.6-107,1.0,EMODnet + OSM +thewindpower.net,2013.0
1.4708687,51.6673346,2013-07-01,GB,1.0,87.0,107.0,3600.0,3600.0,Siemens,Siemens,SWT-3.6-107,SWT-3.6-107,1.0,EMODnet + OSM +thewindpower.net,2013.0
1.5342997,51.6686474,2013-07-01,GB,1.0,87.0,107.0,3600.0,3600.0,Siemens,Siemens,SWT-3.6-107,SWT-3.6-107,1.0,EMODnet + OSM +thewindpower.net,2013.0
1.510663,51.6693914,2013-07-01,GB,1.0,87.0,107.0,3600.0,3600.0,Siemens,Siemens,SWT-3.6-107,SWT-3.6-107,1.0,EMODnet + OSM +thewindpower.net,2013.0
1.4871674,51.6702665,2013-07-01,GB,1.0,87.0,107.0,3600.0,3600.0,Siemens,Siemens,SWT-3.6-107,SWT-3.6-107,1.0,EMODnet + OSM +thewindpower.net,2013.0
1.4636013,51.6710104,2013-07-01,GB,1.0,87.0,107.0,3600.0,3600.0,Siemens,Siemens,SWT-3.6-107,SWT-3.6-107,1.0,EMODnet + OSM +thewindpower.net,2013.0
1.5273145,51.6723669,2013-07-01,GB,1.0,87.0,107.0,3600.0,3600.0,Siemens,Siemens,SWT-3.6-107,SWT-3.6-107,1.0,EMODnet + OSM +thewindpower.net,2013.0
1.5037484,51.6731545,2013-07-01,GB,1.0,87.0,107.0,3600.0,3600.0,Siemens,Siemens,SWT-3.6-107,SWT-3.6-107,1.0,EMODnet + OSM +thewindpower.net,2013.0
1.4799706,51.6739859,2013-07-01,GB,1.0,87.0,107.0,3600.0,3600.0,Siemens,Siemens,SWT-3.6-107,SWT-3.6-107,1.0,EMODnet + OSM +thewindpower.net,2013.0
1.5206116,51.6762611,2013-07-01,GB,1.0,87.0,107.0,3600.0,3600.0,Siemens,Siemens,SWT-3.6-107,SWT-3.6-107,1.0,EMODnet + OSM +thewindpower.net,2013.0
1.496481,51.6770486,2013-07-01,GB,1.0,87.0,107.0,3600.0,3600.0,Siemens,Siemens,SWT-3.6-107,SWT-3.6-107,1.0,EMODnet + OSM +thewindpower.net,2013.0
1.4728443,51.6777924,2013-07-01,GB,1.0,87.0,107.0,3600.0,3600.0,Siemens,Siemens,SWT-3.6-107,SWT-3.6-107,1.0,EMODnet + OSM +thewindpower.net,2013.0
1.5367692,51.6790612,2013-07-01,GB,1.0,87.0,107.0,3600.0,3600.0,Siemens,Siemens,SWT-3.6-107,SWT-3.6-107,1.0,EMODnet + OSM +thewindpower.net,2013.0
1.513203,51.6800237,2013-07-01,GB,1.0,87.0,107.0,3600.0,3600.0,Siemens,Siemens,SWT-3.6-107,SWT-3.6-107,1.0,EMODnet + OSM +thewindpower.net,2013.0
1.4895664,51.6808549,2013-07-01,GB,1.0,87.0,107.0,3600.0,3600.0,Siemens,Siemens,SWT-3.6-107,SWT-3.6-107,1.0,EMODnet + OSM +thewindpower.net,2013.0
1.5295723,51.6829985,2013-07-01,GB,1.0,87.0,107.0,3600.0,3600.0,Siemens,Siemens,SWT-3.6-107,SWT-3.6-107,1.0,EMODnet + OSM +thewindpower.net,2013.0
1.5062884,51.6836984,2013-07-01,GB,1.0,87.0,107.0,3600.0,3600.0,Siemens,Siemens,SWT-3.6-107,SWT-3.6-107,1.0,EMODnet + OSM +thewindpower.net,2013.0
1.4825107,51.6845296,2013-07-01,GB,1.0,87.0,107.0,3600.0,3600.0,Siemens,Siemens,SWT-3.6-107,SWT-3.6-107,1.0,EMODnet + OSM +thewindpower.net,2013.0
1.5225166,51.6867168,2013-07-01,GB,1.0,87.0,107.0,3600.0,3600.0,Siemens,Siemens,SWT-3.6-107,SWT-3.6-107,1.0,EMODnet + OSM +thewindpower.net,2013.0
1.4989505,51.6875916,2013-07-01,GB,1.0,87.0,107.0,3600.0,3600.0,Siemens,Siemens,SWT-3.6-107,SWT-3.6-107,1.0,EMODnet + OSM +thewindpower.net,2013.0
1.5153198,51.6906535,2013-07-01,GB,1.0,87.0,107.0,3600.0,3600.0,Siemens,Siemens,SWT-3.6-107,SWT-3.6-107,1.0,EMODnet + OSM +thewindpower.net,2013.0
1.4918242,51.6913533,2013-07-01,GB,1.0,87.0,107.0,3600.0,3600.0,Siemens,Siemens,SWT-3.6-107,SWT-3.6-107,1.0,EMODnet + OSM +thewindpower.net,2013.0
1.5083346,51.6942836,2013-07-01,GB,1.0,87.0,107.0,3600.0,3600.0,Siemens,Siemens,SWT-3.6-107,SWT-3.6-107,1.0,EMODnet + OSM +thewindpower.net,2013.0
1.6708389,51.403948,2010-09-01,GB,1.0,70.0,90.0,3000.0,3000.0,Vestas,Vestas,V90/3000 Offshore,V90/3000 Offshore,1.0,EMODnet + OSM +thewindpower.net,2010.0
1.6559275,51.4049232,2010-09-01,GB,1.0,70.0,90.0,3000.0,3000.0,Vestas,Vestas,V90/3000 Offshore,V90/3000 Offshore,1.0,EMODnet + OSM +thewindpower.net,2010.0
1.6417376,51.4052233,2010-09-01,GB,1.0,70.0,90.0,3000.0,3000.0,Vestas,Vestas,V90/3000 Offshore,V90/3000 Offshore,1.0,EMODnet + OSM +thewindpower.net,2010.0
1.6282693,51.4061234,2010-09-01,GB,1.0,70.0,90.0,3000.0,3000.0,Vestas,Vestas,V90/3000 Offshore,V90/3000 Offshore,1.0,EMODnet + OSM +thewindpower.net,2010.0
1.6802186,51.4062735,2010-09-01,GB,1.0,70.0,90.0,3000.0,3000.0,Vestas,Vestas,V90/3000 Offshore,V90/3000 Offshore,1.0,EMODnet + OSM +thewindpower.net,2010.0
1.6660288,51.4071736,2010-09-01,GB,1.0,70.0,90.0,3000.0,3000.0,Vestas,Vestas,V90/3000 Offshore,V90/3000 Offshore,1.0,EMODnet + OSM +thewindpower.net,2010.0
1.6517186,51.4079987,2010-09-01,GB,1.0,70.0,90.0,3000.0,3000.0,Vestas,Vestas,V90/3000 Offshore,V90/3000 Offshore,1.0,EMODnet + OSM +thewindpower.net,2010.0
1.6377693,51.4085988,2010-09-01,GB,1.0,70.0,90.0,3000.0,3000.0,Vestas,Vestas,V90/3000 Offshore,V90/3000 Offshore,1.0,EMODnet + OSM +thewindpower.net,2010.0
1.6757693,51.4095739,2010-09-01,GB,1.0,70.0,90.0,3000.0,3000.0,Vestas,Vestas,V90/3000 Offshore,V90/3000 Offshore,1.0,EMODnet + OSM +thewindpower.net,2010.0
1.6235794,51.4096489,2010-09-01,GB,1.0,70.0,90.0,3000.0,3000.0,Vestas,Vestas,V90/3000 Offshore,V90/3000 Offshore,1.0,EMODnet + OSM +thewindpower.net,2010.0
1.6610984,51.410324,2010-09-01,GB,1.0,70.0,90.0,3000.0,3000.0,Vestas,Vestas,V90/3000 Offshore,V90/3000 Offshore,1.0,EMODnet + OSM +thewindpower.net,2010.0
1.6475098,51.410999,2010-09-01,GB,1.0,70.0,90.0,3000.0,3000.0,Vestas,Vestas,V90/3000 Offshore,V90/3000 Offshore,1.0,EMODnet + OSM +thewindpower.net,2010.0
1.6327186,51.4119741,2010-09-01,GB,1.0,70.0,90.0,3000.0,3000.0,Vestas,Vestas,V90/3000 Offshore,V90/3000 Offshore,1.0,EMODnet + OSM +thewindpower.net,2010.0
1.6188895,51.4128741,2010-09-01,GB,1.0,70.0,90.0,3000.0,3000.0,Vestas,Vestas,V90/3000 Offshore,V90/3000 Offshore,1.0,EMODnet + OSM +thewindpower.net,2010.0
1.6710794,51.4128741,2010-09-01,GB,1.0,70.0,90.0,3000.0,3000.0,Vestas,Vestas,V90/3000 Offshore,V90/3000 Offshore,1.0,EMODnet + OSM +thewindpower.net,2010.0
1.6564085,51.4134742,2010-09-01,GB,1.0,70.0,90.0,3000.0,3000.0,Vestas,Vestas,V90/3000 Offshore,V90/3000 Offshore,1.0,EMODnet + OSM +thewindpower.net,2010.0
1.6428199,51.4139992,2010-09-01,GB,1.0,70.0,90.0,3000.0,3000.0,Vestas,Vestas,V90/3000 Offshore,V90/3000 Offshore,1.0,EMODnet + OSM +thewindpower.net,2010.0
1.6283895,51.4151242,2010-09-01,GB,1.0,70.0,90.0,3000.0,3000.0,Vestas,Vestas,V90/3000 Offshore,V90/3000 Offshore,1.0,EMODnet + OSM +thewindpower.net,2010.0
1.6804591,51.4151992,2010-09-01,GB,1.0,70.0,90.0,3000.0,3000.0,Vestas,Vestas,V90/3000 Offshore,V90/3000 Offshore,1.0,EMODnet + OSM +thewindpower.net,2010.0
1.6662693,51.4157991,2010-09-01,GB,1.0,70.0,90.0,3000.0,3000.0,Vestas,Vestas,V90/3000 Offshore,V90/3000 Offshore,1.0,EMODnet + OSM +thewindpower.net,2010.0
1.6143199,51.4159491,2010-09-01,GB,1.0,70.0,90.0,3000.0,3000.0,Vestas,Vestas,V90/3000 Offshore,V90/3000 Offshore,1.0,EMODnet + OSM +thewindpower.net,2010.0
1.6521996,51.4166241,2010-09-01,GB,1.0,70.0,90.0,3000.0,3000.0,Vestas,Vestas,V90/3000 Offshore,V90/3000 Offshore,1.0,EMODnet + OSM +thewindpower.net,2010.0
1.6380098,51.417674,2010-09-01,GB,1.0,70.0,90.0,3000.0,3000.0,Vestas,Vestas,V90/3000 Offshore,V90/3000 Offshore,1.0,EMODnet + OSM +thewindpower.net,2010.0
1.6238199,51.418199,2010-09-01,GB,1.0,70.0,90.0,3000.0,3000.0,Vestas,Vestas,V90/3000 Offshore,V90/3000 Offshore,1.0,EMODnet + OSM +thewindpower.net,2010.0
1.6757693,51.418499,2010-09-01,GB,1.0,70.0,90.0,3000.0,3000.0,Vestas,Vestas,V90/3000 Offshore,V90/3000 Offshore,1.0,EMODnet + OSM +thewindpower.net,2010.0
1.609149,51.4189489,2010-09-01,GB,1.0,70.0,90.0,3000.0,3000.0,Vestas,Vestas,V90/3000 Offshore,V90/3000 Offshore,1.0,EMODnet + OSM +thewindpower.net,2010.0
1.6616996,51.4189489,2010-09-01,GB,1.0,70.0,90.0,3000.0,3000.0,Vestas,Vestas,V90/3000 Offshore,V90/3000 Offshore,1.0,EMODnet + OSM +thewindpower.net,2010.0
1.6472693,51.4199988,2010-09-01,GB,1.0,70.0,90.0,3000.0,3000.0,Vestas,Vestas,V90/3000 Offshore,V90/3000 Offshore,1.0,EMODnet + OSM +thewindpower.net,2010.0
1.6330794,51.4208237,2010-09-01,GB,1.0,70.0,90.0,3000.0,3000.0,Vestas,Vestas,V90/3000 Offshore,V90/3000 Offshore,1.0,EMODnet + OSM +thewindpower.net,2010.0
1.6190098,51.4214236,2010-09-01,GB,1.0,70.0,90.0,3000.0,3000.0,Vestas,Vestas,V90/3000 Offshore,V90/3000 Offshore,1.0,EMODnet + OSM +thewindpower.net,2010.0
1.6710794,51.4215736,2010-09-01,GB,1.0,70.0,90.0,3000.0,3000.0,Vestas,Vestas,V90/3000 Offshore,V90/3000 Offshore,1.0,EMODnet + OSM +thewindpower.net,2010.0
1.6568895,51.4223235,2010-09-01,GB,1.0,70.0,90.0,3000.0,3000.0,Vestas,Vestas,V90/3000 Offshore,V90/3000 Offshore,1.0,EMODnet + OSM +thewindpower.net,2010.0
1.6049401,51.4223985,2010-09-01,GB,1.0,70.0,90.0,3000.0,3000.0,Vestas,Vestas,V90/3000 Offshore,V90/3000 Offshore,1.0,EMODnet + OSM +thewindpower.net,2010.0
1.6425794,51.4231483,2010-09-01,GB,1.0,70.0,90.0,3000.0,3000.0,Vestas,Vestas,V90/3000 Offshore,V90/3000 Offshore,1.0,EMODnet + OSM +thewindpower.net,2010.0
1.629111,51.4237482,2010-09-01,GB,1.0,70.0,90.0,3000.0,3000.0,Vestas,Vestas,V90/3000 Offshore,V90/3000 Offshore,1.0,EMODnet + OSM +thewindpower.net,2010.0
1.6810604,51.4241981,2010-09-01,GB,1.0,70.0,90.0,3000.0,3000.0,Vestas,Vestas,V90/3000 Offshore,V90/3000 Offshore,1.0,EMODnet + OSM +thewindpower.net,2010.0
1.6667503,51.424798,2010-09-01,GB,1.0,70.0,90.0,3000.0,3000.0,Vestas,Vestas,V90/3000 Offshore,V90/3000 Offshore,1.0,EMODnet + OSM +thewindpower.net,2010.0
1.6143199,51.424873,2010-09-01,GB,1.0,70.0,90.0,3000.0,3000.0,Vestas,Vestas,V90/3000 Offshore,V90/3000 Offshore,1.0,EMODnet + OSM +thewindpower.net,2010.0
1.600611,51.4253978,2010-09-01,GB,1.0,70.0,90.0,3000.0,3000.0,Vestas,Vestas,V90/3000 Offshore,V90/3000 Offshore,1.0,EMODnet + OSM +thewindpower.net,2010.0
1.6525604,51.4254728,2010-09-01,GB,1.0,70.0,90.0,3000.0,3000.0,Vestas,Vestas,V90/3000 Offshore,V90/3000 Offshore,1.0,EMODnet + OSM +thewindpower.net,2010.0
1.6380098,51.4265225,2010-09-01,GB,1.0,70.0,90.0,3000.0,3000.0,Vestas,Vestas,V90/3000 Offshore,V90/3000 Offshore,1.0,EMODnet + OSM +thewindpower.net,2010.0
1.6760098,51.4274223,2010-09-01,GB,1.0,70.0,90.0,3000.0,3000.0,Vestas,Vestas,V90/3000 Offshore,V90/3000 Offshore,1.0,EMODnet + OSM +thewindpower.net,2010.0
1.6235794,51.4277222,2010-09-01,GB,1.0,70.0,90.0,3000.0,3000.0,Vestas,Vestas,V90/3000 Offshore,V90/3000 Offshore,1.0,EMODnet + OSM +thewindpower.net,2010.0
1.610111,51.4279471,2010-09-01,GB,1.0,70.0,90.0,3000.0,3000.0,Vestas,Vestas,V90/3000 Offshore,V90/3000 Offshore,1.0,EMODnet + OSM +thewindpower.net,2010.0
1.6619401,51.4280971,2010-09-01,GB,1.0,70.0,90.0,3000.0,3000.0,Vestas,Vestas,V90/3000 Offshore,V90/3000 Offshore,1.0,EMODnet + OSM +thewindpower.net,2010.0
1.5955604,51.428547,2010-09-01,GB,1.0,70.0,90.0,3000.0,3000.0,Vestas,Vestas,V90/3000 Offshore,V90/3000 Offshore,1.0,EMODnet + OSM +thewindpower.net,2010.0
1.6479908,51.4286969,2010-09-01,GB,1.0,70.0,90.0,3000.0,3000.0,Vestas,Vestas,V90/3000 Offshore,V90/3000 Offshore,1.0,EMODnet + OSM +thewindpower.net,2010.0
1.6335604,51.4294467,2010-09-01,GB,1.0,70.0,90.0,3000.0,3000.0,Vestas,Vestas,V90/3000 Offshore,V90/3000 Offshore,1.0,EMODnet + OSM +thewindpower.net,2010.0
1.61913,51.4304963,2010-09-01,GB,1.0,70.0,90.0,3000.0,3000.0,Vestas,Vestas,V90/3000 Offshore,V90/3000 Offshore,1.0,EMODnet + OSM +thewindpower.net,2010.0
1.6716807,51.4304963,2010-09-01,GB,1.0,70.0,90.0,3000.0,3000.0,Vestas,Vestas,V90/3000 Offshore,V90/3000 Offshore,1.0,EMODnet + OSM +thewindpower.net,2010.0
1.6051806,51.4308712,2010-09-01,GB,1.0,70.0,90.0,3000.0,3000.0,Vestas,Vestas,V90/3000 Offshore,V90/3000 Offshore,1.0,EMODnet + OSM +thewindpower.net,2010.0
1.6572503,51.431246,2010-09-01,GB,1.0,70.0,90.0,3000.0,3000.0,Vestas,Vestas,V90/3000 Offshore,V90/3000 Offshore,1.0,EMODnet + OSM +thewindpower.net,2010.0
1.591111,51.4316959,2010-09-01,GB,1.0,70.0,90.0,3000.0,3000.0,Vestas,Vestas,V90/3000 Offshore,V90/3000 Offshore,1.0,EMODnet + OSM +thewindpower.net,2010.0
1.6430604,51.4320707,2010-09-01,GB,1.0,70.0,90.0,3000.0,3000.0,Vestas,Vestas,V90/3000 Offshore,V90/3000 Offshore,1.0,EMODnet + OSM +thewindpower.net,2010.0
1.629111,51.4327455,2010-09-01,GB,1.0,70.0,90.0,3000.0,3000.0,Vestas,Vestas,V90/3000 Offshore,V90/3000 Offshore,1.0,EMODnet + OSM +thewindpower.net,2010.0
1.6146806,51.4336451,2010-09-01,GB,1.0,70.0,90.0,3000.0,3000.0,Vestas,Vestas,V90/3000 Offshore,V90/3000 Offshore,1.0,EMODnet + OSM +thewindpower.net,2010.0
1.6667503,51.4337201,2010-09-01,GB,1.0,70.0,90.0,3000.0,3000.0,Vestas,Vestas,V90/3000 Offshore,V90/3000 Offshore,1.0,EMODnet + OSM +thewindpower.net,2010.0
1.600611,51.4342448,2010-09-01,GB,1.0,70.0,90.0,3000.0,3000.0,Vestas,Vestas,V90/3000 Offshore,V90/3000 Offshore,1.0,EMODnet + OSM +thewindpower.net,2010.0
1.6525604,51.4343948,2010-09-01,GB,1.0,70.0,90.0,3000.0,3000.0,Vestas,Vestas,V90/3000 Offshore,V90/3000 Offshore,1.0,EMODnet + OSM +thewindpower.net,2010.0
1.5863009,51.4350695,2010-09-01,GB,1.0,70.0,90.0,3000.0,3000.0,Vestas,Vestas,V90/3000 Offshore,V90/3000 Offshore,1.0,EMODnet + OSM +thewindpower.net,2010.0
1.6383705,51.4353693,2010-09-01,GB,1.0,70.0,90.0,3000.0,3000.0,Vestas,Vestas,V90/3000 Offshore,V90/3000 Offshore,1.0,EMODnet + OSM +thewindpower.net,2010.0
1.6244212,51.4358941,2010-09-01,GB,1.0,70.0,90.0,3000.0,3000.0,Vestas,Vestas,V90/3000 Offshore,V90/3000 Offshore,1.0,EMODnet + OSM +thewindpower.net,2010.0
1.60963,51.4369436,2010-09-01,GB,1.0,70.0,90.0,3000.0,3000.0,Vestas,Vestas,V90/3000 Offshore,V90/3000 Offshore,1.0,EMODnet + OSM +thewindpower.net,2010.0
1.6618199,51.4370185,2010-09-01,GB,1.0,70.0,90.0,3000.0,3000.0,Vestas,Vestas,V90/3000 Offshore,V90/3000 Offshore,1.0,EMODnet + OSM +thewindpower.net,2010.0
1.5960414,51.4373933,2010-09-01,GB,1.0,70.0,90.0,3000.0,3000.0,Vestas,Vestas,V90/3000 Offshore,V90/3000 Offshore,1.0,EMODnet + OSM +thewindpower.net,2010.0
1.648111,51.4378431,2010-09-01,GB,1.0,70.0,90.0,3000.0,3000.0,Vestas,Vestas,V90/3000 Offshore,V90/3000 Offshore,1.0,EMODnet + OSM +thewindpower.net,2010.0
1.581611,51.438143,2010-09-01,GB,1.0,70.0,90.0,3000.0,3000.0,Vestas,Vestas,V90/3000 Offshore,V90/3000 Offshore,1.0,EMODnet + OSM +thewindpower.net,2010.0
1.6336806,51.4385927,2010-09-01,GB,1.0,70.0,90.0,3000.0,3000.0,Vestas,Vestas,V90/3000 Offshore,V90/3000 Offshore,1.0,EMODnet + OSM +thewindpower.net,2010.0
1.6197313,51.4390425,2010-09-01,GB,1.0,70.0,90.0,3000.0,3000.0,Vestas,Vestas,V90/3000 Offshore,V90/3000 Offshore,1.0,EMODnet + OSM +thewindpower.net,2010.0
1.6056617,51.4400169,2010-09-01,GB,1.0,70.0,90.0,3000.0,3000.0,Vestas,Vestas,V90/3000 Offshore,V90/3000 Offshore,1.0,EMODnet + OSM +thewindpower.net,2010.0
1.6574908,51.4403168,2010-09-01,GB,1.0,70.0,90.0,3000.0,3000.0,Vestas,Vestas,V90/3000 Offshore,V90/3000 Offshore,1.0,EMODnet + OSM +thewindpower.net,2010.0
1.5914718,51.4406166,2010-09-01,GB,1.0,70.0,90.0,3000.0,3000.0,Vestas,Vestas,V90/3000 Offshore,V90/3000 Offshore,1.0,EMODnet + OSM +thewindpower.net,2010.0
1.6434212,51.4409914,2010-09-01,GB,1.0,70.0,90.0,3000.0,3000.0,Vestas,Vestas,V90/3000 Offshore,V90/3000 Offshore,1.0,EMODnet + OSM +thewindpower.net,2010.0
1.5772819,51.4412163,2010-09-01,GB,1.0,70.0,90.0,3000.0,3000.0,Vestas,Vestas,V90/3000 Offshore,V90/3000 Offshore,1.0,EMODnet + OSM +thewindpower.net,2010.0
1.6285098,51.4417409,2010-09-01,GB,1.0,70.0,90.0,3000.0,3000.0,Vestas,Vestas,V90/3000 Offshore,V90/3000 Offshore,1.0,EMODnet + OSM +thewindpower.net,2010.0
1.6149211,51.4423406,2010-09-01,GB,1.0,70.0,90.0,3000.0,3000.0,Vestas,Vestas,V90/3000 Offshore,V90/3000 Offshore,1.0,EMODnet + OSM +thewindpower.net,2010.0
1.6009718,51.443315,2010-09-01,GB,1.0,70.0,90.0,3000.0,3000.0,Vestas,Vestas,V90/3000 Offshore,V90/3000 Offshore,1.0,EMODnet + OSM +thewindpower.net,2010.0
1.6529212,51.4433899,2010-09-01,GB,1.0,70.0,90.0,3000.0,3000.0,Vestas,Vestas,V90/3000 Offshore,V90/3000 Offshore,1.0,EMODnet + OSM +thewindpower.net,2010.0
1.5866616,51.4437647,2010-09-01,GB,1.0,70.0,90.0,3000.0,3000.0,Vestas,Vestas,V90/3000 Offshore,V90/3000 Offshore,1.0,EMODnet + OSM +thewindpower.net,2010.0
1.639092,51.4440645,2010-09-01,GB,1.0,70.0,90.0,3000.0,3000.0,Vestas,Vestas,V90/3000 Offshore,V90/3000 Offshore,1.0,EMODnet + OSM +thewindpower.net,2010.0
1.6245414,51.444814,2010-09-01,GB,1.0,70.0,90.0,3000.0,3000.0,Vestas,Vestas,V90/3000 Offshore,V90/3000 Offshore,1.0,EMODnet + OSM +thewindpower.net,2010.0
1.610111,51.4457134,2010-09-01,GB,1.0,70.0,90.0,3000.0,3000.0,Vestas,Vestas,V90/3000 Offshore,V90/3000 Offshore,1.0,EMODnet + OSM +thewindpower.net,2010.0
1.6470288,51.4457134,2010-09-01,GB,1.0,70.0,90.0,3000.0,3000.0,Vestas,Vestas,V90/3000 Offshore,V90/3000 Offshore,1.0,EMODnet + OSM +thewindpower.net,2010.0
1.5962819,51.446238,2010-09-01,GB,1.0,70.0,90.0,3000.0,3000.0,Vestas,Vestas,V90/3000 Offshore,V90/3000 Offshore,1.0,EMODnet + OSM +thewindpower.net,2010.0
1.5822123,51.4469875,2010-09-01,GB,1.0,70.0,90.0,3000.0,3000.0,Vestas,Vestas,V90/3000 Offshore,V90/3000 Offshore,1.0,EMODnet + OSM +thewindpower.net,2010.0
1.6339212,51.4472873,2010-09-01,GB,1.0,70.0,90.0,3000.0,3000.0,Vestas,Vestas,V90/3000 Offshore,V90/3000 Offshore,1.0,EMODnet + OSM +thewindpower.net,2010.0
1.620092,51.4480367,2010-09-01,GB,1.0,70.0,90.0,3000.0,3000.0,Vestas,Vestas,V90/3000 Offshore,V90/3000 Offshore,1.0,EMODnet + OSM +thewindpower.net,2010.0
1.6060224,51.4487112,2010-09-01,GB,1.0,70.0,90.0,3000.0,3000.0,Vestas,Vestas,V90/3000 Offshore,V90/3000 Offshore,1.0,EMODnet + OSM +thewindpower.net,2010.0
1.5913515,51.4494607,2010-09-01,GB,1.0,70.0,90.0,3000.0,3000.0,Vestas,Vestas,V90/3000 Offshore,V90/3000 Offshore,1.0,EMODnet + OSM +thewindpower.net,2010.0
1.6436617,51.4496855,2010-09-01,GB,1.0,70.0,90.0,3000.0,3000.0,Vestas,Vestas,V90/3000 Offshore,V90/3000 Offshore,1.0,EMODnet + OSM +thewindpower.net,2010.0
1.6294718,51.4504349,2010-09-01,GB,1.0,70.0,90.0,3000.0,3000.0,Vestas,Vestas,V90/3000 Offshore,V90/3000 Offshore,1.0,EMODnet + OSM +thewindpower.net,2010.0
1.6154022,51.4512592,2010-09-01,GB,1.0,70.0,90.0,3000.0,3000.0,Vestas,Vestas,V90/3000 Offshore,V90/3000 Offshore,1.0,EMODnet + OSM +thewindpower.net,2010.0
1.6013325,51.4518588,2010-09-01,GB,1.0,70.0,90.0,3000.0,3000.0,Vestas,Vestas,V90/3000 Offshore,V90/3000 Offshore,1.0,EMODnet + OSM +thewindpower.net,2010.0
1.6388515,51.4532076,2010-09-01,GB,1.0,70.0,90.0,3000.0,3000.0,Vestas,Vestas,V90/3000 Offshore,V90/3000 Offshore,1.0,EMODnet + OSM +thewindpower.net,2010.0
1.6249022,51.4538071,2010-09-01,GB,1.0,70.0,90.0,3000.0,3000.0,Vestas,Vestas,V90/3000 Offshore,V90/3000 Offshore,1.0,EMODnet + OSM +thewindpower.net,2010.0
1.610592,51.4545565,2010-09-01,GB,1.0,70.0,90.0,3000.0,3000.0,Vestas,Vestas,V90/3000 Offshore,V90/3000 Offshore,1.0,EMODnet + OSM +thewindpower.net,2010.0
1.5966427,51.4552309,2010-09-01,GB,1.0,70.0,90.0,3000.0,3000.0,Vestas,Vestas,V90/3000 Offshore,V90/3000 Offshore,1.0,EMODnet + OSM +thewindpower.net,2010.0
1.6344022,51.456205,2010-09-01,GB,1.0,70.0,90.0,3000.0,3000.0,Vestas,Vestas,V90/3000 Offshore,V90/3000 Offshore,1.0,EMODnet + OSM +thewindpower.net,2010.0
1.620092,51.4570292,2010-09-01,GB,1.0,70.0,90.0,3000.0,3000.0,Vestas,Vestas,V90/3000 Offshore,V90/3000 Offshore,1.0,EMODnet + OSM +thewindpower.net,2010.0
1.6061427,51.4577036,2010-09-01,GB,1.0,70.0,90.0,3000.0,3000.0,Vestas,Vestas,V90/3000 Offshore,V90/3000 Offshore,1.0,EMODnet + OSM +thewindpower.net,2010.0
1.0821425,51.4489073,2005-10-01,GB,1.0,70.0,90.0,3000.0,3000.0,Vestas,Vestas,V90/3000 Offshore,V90/3000 Offshore,1.0,EMODnet + OSM +thewindpower.net,2005.0
1.091421,51.4497956,2005-10-01,GB,1.0,70.0,90.0,3000.0,3000.0,Vestas,Vestas,V90/3000 Offshore,V90/3000 Offshore,1.0,EMODnet + OSM +thewindpower.net,2005.0
1.1003955,51.4508513,2005-10-01,GB,1.0,70.0,90.0,3000.0,3000.0,Vestas,Vestas,V90/3000 Offshore,V90/3000 Offshore,1.0,EMODnet + OSM +thewindpower.net,2005.0
1.1121356,51.4506288,2005-10-01,GB,1.0,70.0,90.0,3000.0,3000.0,Vestas,Vestas,V90/3000 Offshore,V90/3000 Offshore,1.0,EMODnet + OSM +thewindpower.net,2005.0
1.1222977,51.4522042,2005-10-01,GB,1.0,70.0,90.0,3000.0,3000.0,Vestas,Vestas,V90/3000 Offshore,V90/3000 Offshore,1.0,EMODnet + OSM +thewindpower.net,2005.0
1.1320539,51.452858,2005-10-01,GB,1.0,70.0,90.0,3000.0,3000.0,Vestas,Vestas,V90/3000 Offshore,V90/3000 Offshore,1.0,EMODnet + OSM +thewindpower.net,2005.0
1.0762527,51.4536001,2005-10-01,GB,1.0,70.0,90.0,3000.0,3000.0,Vestas,Vestas,V90/3000 Offshore,V90/3000 Offshore,1.0,EMODnet + OSM +thewindpower.net,2005.0
1.0855312,51.4544548,2005-10-01,GB,1.0,70.0,90.0,3000.0,3000.0,Vestas,Vestas,V90/3000 Offshore,V90/3000 Offshore,1.0,EMODnet + OSM +thewindpower.net,2005.0
1.0949979,51.4553262,2005-10-01,GB,1.0,70.0,90.0,3000.0,3000.0,Vestas,Vestas,V90/3000 Offshore,V90/3000 Offshore,1.0,EMODnet + OSM +thewindpower.net,2005.0
1.1041228,51.4562551,2005-10-01,GB,1.0,70.0,90.0,3000.0,3000.0,Vestas,Vestas,V90/3000 Offshore,V90/3000 Offshore,1.0,EMODnet + OSM +thewindpower.net,2005.0
1.0720981,51.4569661,2005-10-01,GB,1.0,70.0,90.0,3000.0,3000.0,Vestas,Vestas,V90/3000 Offshore,V90/3000 Offshore,1.0,EMODnet + OSM +thewindpower.net,2005.0
1.1136313,51.4572505,2005-10-01,GB,1.0,70.0,90.0,3000.0,3000.0,Vestas,Vestas,V90/3000 Offshore,V90/3000 Offshore,1.0,EMODnet + OSM +thewindpower.net,2005.0
1.123216,51.4581511,2005-10-01,GB,1.0,70.0,90.0,3000.0,3000.0,Vestas,Vestas,V90/3000 Offshore,V90/3000 Offshore,1.0,EMODnet + OSM +thewindpower.net,2005.0
1.0883767,51.4589568,2005-10-01,GB,1.0,70.0,90.0,3000.0,3000.0,Vestas,Vestas,V90/3000 Offshore,V90/3000 Offshore,1.0,EMODnet + OSM +thewindpower.net,2005.0
1.0797049,51.4591938,2005-10-01,GB,1.0,70.0,90.0,3000.0,3000.0,Vestas,Vestas,V90/3000 Offshore,V90/3000 Offshore,1.0,EMODnet + OSM +thewindpower.net,2005.0
1.0982655,51.4609948,2005-10-01,GB,1.0,70.0,90.0,3000.0,3000.0,Vestas,Vestas,V90/3000 Offshore,V90/3000 Offshore,1.0,EMODnet + OSM +thewindpower.net,2005.0
1.1080023,51.4618953,2005-10-01,GB,1.0,70.0,90.0,3000.0,3000.0,Vestas,Vestas,V90/3000 Offshore,V90/3000 Offshore,1.0,EMODnet + OSM +thewindpower.net,2005.0
1.1175108,51.4627009,2005-10-01,GB,1.0,70.0,90.0,3000.0,3000.0,Vestas,Vestas,V90/3000 Offshore,V90/3000 Offshore,1.0,EMODnet + OSM +thewindpower.net,2005.0
1.0646434,51.4630801,2005-10-01,GB,1.0,70.0,90.0,3000.0,3000.0,Vestas,Vestas,V90/3000 Offshore,V90/3000 Offshore,1.0,EMODnet + OSM +thewindpower.net,2005.0
1.0739237,51.463791,2005-10-01,GB,1.0,70.0,90.0,3000.0,3000.0,Vestas,Vestas,V90/3000 Offshore,V90/3000 Offshore,1.0,EMODnet + OSM +thewindpower.net,2005.0
1.0835844,51.4652127,2005-10-01,GB,1.0,70.0,90.0,3000.0,3000.0,Vestas,Vestas,V90/3000 Offshore,V90/3000 Offshore,1.0,EMODnet + OSM +thewindpower.net,2005.0
1.0925604,51.465734,2005-10-01,GB,1.0,70.0,90.0,3000.0,3000.0,Vestas,Vestas,V90/3000 Offshore,V90/3000 Offshore,1.0,EMODnet + OSM +thewindpower.net,2005.0
1.1013844,51.4668713,2005-10-01,GB,1.0,70.0,90.0,3000.0,3000.0,Vestas,Vestas,V90/3000 Offshore,V90/3000 Offshore,1.0,EMODnet + OSM +thewindpower.net,2005.0
1.1118818,51.4669187,2005-10-01,GB,1.0,70.0,90.0,3000.0,3000.0,Vestas,Vestas,V90/3000 Offshore,V90/3000 Offshore,1.0,EMODnet + OSM +thewindpower.net,2005.0
1.0587861,51.4676295,2005-10-01,GB,1.0,70.0,90.0,3000.0,3000.0,Vestas,Vestas,V90/3000 Offshore,V90/3000 Offshore,1.0,EMODnet + OSM +thewindpower.net,2005.0
1.0681425,51.4684824,2005-10-01,GB,1.0,70.0,90.0,3000.0,3000.0,Vestas,Vestas,V90/3000 Offshore,V90/3000 Offshore,1.0,EMODnet + OSM +thewindpower.net,2005.0
1.077575,51.4693354,2005-10-01,GB,1.0,70.0,90.0,3000.0,3000.0,Vestas,Vestas,V90/3000 Offshore,V90/3000 Offshore,1.0,EMODnet + OSM +thewindpower.net,2005.0
1.0869314,51.4702831,2005-10-01,GB,1.0,70.0,90.0,3000.0,3000.0,Vestas,Vestas,V90/3000 Offshore,V90/3000 Offshore,1.0,EMODnet + OSM +thewindpower.net,2005.0
1.0961356,51.4712782,2005-10-01,GB,1.0,70.0,90.0,3000.0,3000.0,Vestas,Vestas,V90/3000 Offshore,V90/3000 Offshore,1.0,EMODnet + OSM +thewindpower.net,2005.0
1.1056442,51.4721784,2005-10-01,GB,1.0,70.0,90.0,3000.0,3000.0,Vestas,Vestas,V90/3000 Offshore,V90/3000 Offshore,1.0,EMODnet + OSM +thewindpower.net,2005.0
1.7828443,52.6289804,2004-03-01,GB,1.0,68.0,80.0,2000.0,2000.0,Vestas,Vestas,V80/2000,V80/2000,1.0,EMODnet + OSM +thewindpower.net,2004.0
1.7806783,52.6523015,2004-03-01,GB,1.0,68.0,80.0,2000.0,2000.0,Vestas,Vestas,V80/2000,V80/2000,1.0,EMODnet + OSM +thewindpower.net,2004.0
1.7772056,52.6323782,2004-03-01,GB,1.0,68.0,80.0,2000.0,2000.0,Vestas,Vestas,V80/2000,V80/2000,1.0,EMODnet + OSM +thewindpower.net,2004.0
1.78535,52.6327607,2004-03-01,GB,1.0,68.0,80.0,2000.0,2000.0,Vestas,Vestas,V80/2000,V80/2000,1.0,EMODnet + OSM +thewindpower.net,2004.0
1.7933182,52.6328181,2004-03-01,GB,1.0,68.0,80.0,2000.0,2000.0,Vestas,Vestas,V80/2000,V80/2000,1.0,EMODnet + OSM +thewindpower.net,2004.0
1.7783209,52.6356434,2004-03-01,GB,1.0,68.0,80.0,2000.0,2000.0,Vestas,Vestas,V80/2000,V80/2000,1.0,EMODnet + OSM +thewindpower.net,2004.0
1.7856041,52.6356709,2004-03-01,GB,1.0,68.0,80.0,2000.0,2000.0,Vestas,Vestas,V80/2000,V80/2000,1.0,EMODnet + OSM +thewindpower.net,2004.0
1.7934998,52.6359953,2004-03-01,GB,1.0,68.0,80.0,2000.0,2000.0,Vestas,Vestas,V80/2000,V80/2000,1.0,EMODnet + OSM +thewindpower.net,2004.0
1.7869963,52.6389328,2004-03-01,GB,1.0,68.0,80.0,2000.0,2000.0,Vestas,Vestas,V80/2000,V80/2000,1.0,EMODnet + OSM +thewindpower.net,2004.0
1.7940065,52.6389678,2004-03-01,GB,1.0,68.0,80.0,2000.0,2000.0,Vestas,Vestas,V80/2000,V80/2000,1.0,EMODnet + OSM +thewindpower.net,2004.0
1.7953854,52.642508,2004-03-01,GB,1.0,68.0,80.0,2000.0,2000.0,Vestas,Vestas,V80/2000,V80/2000,1.0,EMODnet + OSM +thewindpower.net,2004.0
1.7789268,52.6593095,2004-03-01,GB,1.0,68.0,80.0,2000.0,2000.0,Vestas,Vestas,V80/2000,V80/2000,1.0,EMODnet + OSM +thewindpower.net,2004.0
1.7862224,52.6591533,2004-03-01,GB,1.0,68.0,80.0,2000.0,2000.0,Vestas,Vestas,V80/2000,V80/2000,1.0,EMODnet + OSM +thewindpower.net,2004.0
1.7936038,52.6589971,2004-03-01,GB,1.0,68.0,80.0,2000.0,2000.0,Vestas,Vestas,V80/2000,V80/2000,1.0,EMODnet + OSM +thewindpower.net,2004.0
1.7997836,52.6595177,2004-03-01,GB,1.0,68.0,80.0,2000.0,2000.0,Vestas,Vestas,V80/2000,V80/2000,1.0,EMODnet + OSM +thewindpower.net,2004.0
1.7976754,52.6548073,2004-03-01,GB,1.0,68.0,80.0,2000.0,2000.0,Vestas,Vestas,V80/2000,V80/2000,1.0,EMODnet + OSM +thewindpower.net,2004.0
1.793003,52.6557172,2004-03-01,GB,1.0,68.0,80.0,2000.0,2000.0,Vestas,Vestas,V80/2000,V80/2000,1.0,EMODnet + OSM +thewindpower.net,2004.0
1.786394,52.6556651,2004-03-01,GB,1.0,68.0,80.0,2000.0,2000.0,Vestas,Vestas,V80/2000,V80/2000,1.0,EMODnet + OSM +thewindpower.net,2004.0
1.7798709,52.6559254,2004-03-01,GB,1.0,68.0,80.0,2000.0,2000.0,Vestas,Vestas,V80/2000,V80/2000,1.0,EMODnet + OSM +thewindpower.net,2004.0
1.7809979,52.6523827,2004-03-01,GB,1.0,68.0,80.0,2000.0,2000.0,Vestas,Vestas,V80/2000,V80/2000,1.0,EMODnet + OSM +thewindpower.net,2004.0
1.7903422,52.6526452,2004-03-01,GB,1.0,68.0,80.0,2000.0,2000.0,Vestas,Vestas,V80/2000,V80/2000,1.0,EMODnet + OSM +thewindpower.net,2004.0
1.7968654,52.6523849,2004-03-01,GB,1.0,68.0,80.0,2000.0,2000.0,Vestas,Vestas,V80/2000,V80/2000,1.0,EMODnet + OSM +thewindpower.net,2004.0
1.7973804,52.6496772,2004-03-01,GB,1.0,68.0,80.0,2000.0,2000.0,Vestas,Vestas,V80/2000,V80/2000,1.0,EMODnet + OSM +thewindpower.net,2004.0
1.78236,52.6494168,2004-03-01,GB,1.0,68.0,80.0,2000.0,2000.0,Vestas,Vestas,V80/2000,V80/2000,1.0,EMODnet + OSM +thewindpower.net,2004.0
1.7812442,52.6462923,2004-03-01,GB,1.0,68.0,80.0,2000.0,2000.0,Vestas,Vestas,V80/2000,V80/2000,1.0,EMODnet + OSM +thewindpower.net,2004.0
1.787424,52.6465006,2004-03-01,GB,1.0,68.0,80.0,2000.0,2000.0,Vestas,Vestas,V80/2000,V80/2000,1.0,EMODnet + OSM +thewindpower.net,2004.0
1.7949771,52.6458757,2004-03-01,GB,1.0,68.0,80.0,2000.0,2000.0,Vestas,Vestas,V80/2000,V80/2000,1.0,EMODnet + OSM +thewindpower.net,2004.0
1.7870807,52.6425427,2004-03-01,GB,1.0,68.0,80.0,2000.0,2000.0,Vestas,Vestas,V80/2000,V80/2000,1.0,EMODnet + OSM +thewindpower.net,2004.0
1.7803859,52.6425427,2004-03-01,GB,1.0,68.0,80.0,2000.0,2000.0,Vestas,Vestas,V80/2000,V80/2000,1.0,EMODnet + OSM +thewindpower.net,2004.0
1.7795276,52.6391573,2004-03-01,GB,1.0,68.0,80.0,2000.0,2000.0,Vestas,Vestas,V80/2000,V80/2000,1.0,EMODnet + OSM +thewindpower.net,2004.0
1.1964329,51.7035516,2013-04-01,GB,1.0,84.0,120.0,6000.0,6000.0,Siemens,Siemens,SWT-6.0-120,SWT-6.0-120,1.0,EMODnet + OSM +thewindpower.net,2013.0
1.1932143,51.7070182,2013-04-01,GB,1.0,84.0,120.0,6000.0,6000.0,Siemens,Siemens,SWT-6.0-120,SWT-6.0-120,1.0,EMODnet + OSM +thewindpower.net,2013.0
1.08044,53.173043,2012-09-01,GB,1.0,82.0,107.0,3600.0,3600.0,Siemens,Siemens,SWT-3.6-107,SWT-3.6-107,1.0,EMODnet + OSM +thewindpower.net,2012.0
1.085188,53.165783,2012-09-01,GB,1.0,82.0,107.0,3600.0,3600.0,Siemens,Siemens,SWT-3.6-107,SWT-3.6-107,1.0,EMODnet + OSM +thewindpower.net,2012.0
1.089935,53.158523,2012-09-01,GB,1.0,82.0,107.0,3600.0,3600.0,Siemens,Siemens,SWT-3.6-107,SWT-3.6-107,1.0,EMODnet + OSM +thewindpower.net,2012.0
1.09468,53.151263,2012-09-01,GB,1.0,82.0,107.0,3600.0,3600.0,Siemens,Siemens,SWT-3.6-107,SWT-3.6-107,1.0,EMODnet + OSM +thewindpower.net,2012.0
1.099423,53.144002,2012-09-01,GB,1.0,82.0,107.0,3600.0,3600.0,Siemens,Siemens,SWT-3.6-107,SWT-3.6-107,1.0,EMODnet + OSM +thewindpower.net,2012.0
1.104164,53.136741,2012-09-01,GB,1.0,82.0,107.0,3600.0,3600.0,Siemens,Siemens,SWT-3.6-107,SWT-3.6-107,1.0,EMODnet + OSM +thewindpower.net,2012.0
1.108904,53.12948,2012-09-01,GB,1.0,82.0,107.0,3600.0,3600.0,Siemens,Siemens,SWT-3.6-107,SWT-3.6-107,1.0,EMODnet + OSM +thewindpower.net,2012.0
1.113643,53.122219,2012-09-01,GB,1.0,82.0,107.0,3600.0,3600.0,Siemens,Siemens,SWT-3.6-107,SWT-3.6-107,1.0,EMODnet + OSM +thewindpower.net,2012.0
1.090529,53.170642,2012-09-01,GB,1.0,82.0,107.0,3600.0,3600.0,Siemens,Siemens,SWT-3.6-107,SWT-3.6-107,1.0,EMODnet + OSM +thewindpower.net,2012.0
1.095275,53.163382,2012-09-01,GB,1.0,82.0,107.0,3600.0,3600.0,Siemens,Siemens,SWT-3.6-107,SWT-3.6-107,1.0,EMODnet + OSM +thewindpower.net,2012.0
1.100019,53.156121,2012-09-01,GB,1.0,82.0,107.0,3600.0,3600.0,Siemens,Siemens,SWT-3.6-107,SWT-3.6-107,1.0,EMODnet + OSM +thewindpower.net,2012.0
1.104762,53.14886,2012-09-01,GB,1.0,82.0,107.0,3600.0,3600.0,Siemens,Siemens,SWT-3.6-107,SWT-3.6-107,1.0,EMODnet + OSM +thewindpower.net,2012.0
1.109503,53.141599,2012-09-01,GB,1.0,82.0,107.0,3600.0,3600.0,Siemens,Siemens,SWT-3.6-107,SWT-3.6-107,1.0,EMODnet + OSM +thewindpower.net,2012.0
1.114243,53.134338,2012-09-01,GB,1.0,82.0,107.0,3600.0,3600.0,Siemens,Siemens,SWT-3.6-107,SWT-3.6-107,1.0,EMODnet + OSM +thewindpower.net,2012.0
1.118981,53.127077,2012-09-01,GB,1.0,82.0,107.0,3600.0,3600.0,Siemens,Siemens,SWT-3.6-107,SWT-3.6-107,1.0,EMODnet + OSM +thewindpower.net,2012.0
1.123717,53.119815,2012-09-01,GB,1.0,82.0,107.0,3600.0,3600.0,Siemens,Siemens,SWT-3.6-107,SWT-3.6-107,1.0,EMODnet + OSM +thewindpower.net,2012.0
1.100616,53.16824,2012-09-01,GB,1.0,82.0,107.0,3600.0,3600.0,Siemens,Siemens,SWT-3.6-107,SWT-3.6-107,1.0,EMODnet + OSM +thewindpower.net,2012.0
1.10536,53.160979,2012-09-01,GB,1.0,82.0,107.0,3600.0,3600.0,Siemens,Siemens,SWT-3.6-107,SWT-3.6-107,1.0,EMODnet + OSM +thewindpower.net,2012.0
1.110103,53.153718,2012-09-01,GB,1.0,82.0,107.0,3600.0,3600.0,Siemens,Siemens,SWT-3.6-107,SWT-3.6-107,1.0,EMODnet + OSM +thewindpower.net,2012.0
1.114844,53.146457,2012-09-01,GB,1.0,82.0,107.0,3600.0,3600.0,Siemens,Siemens,SWT-3.6-107,SWT-3.6-107,1.0,EMODnet + OSM +thewindpower.net,2012.0
1.119583,53.139196,2012-09-01,GB,1.0,82.0,107.0,3600.0,3600.0,Siemens,Siemens,SWT-3.6-107,SWT-3.6-107,1.0,EMODnet + OSM +thewindpower.net,2012.0
1.124321,53.131934,2012-09-01,GB,1.0,82.0,107.0,3600.0,3600.0,Siemens,Siemens,SWT-3.6-107,SWT-3.6-107,1.0,EMODnet + OSM +thewindpower.net,2012.0
1.129057,53.124672,2012-09-01,GB,1.0,82.0,107.0,3600.0,3600.0,Siemens,Siemens,SWT-3.6-107,SWT-3.6-107,1.0,EMODnet + OSM +thewindpower.net,2012.0
1.133791,53.11741,2012-09-01,GB,1.0,82.0,107.0,3600.0,3600.0,Siemens,Siemens,SWT-3.6-107,SWT-3.6-107,1.0,EMODnet + OSM +thewindpower.net,2012.0
1.110702,53.165837,2012-09-01,GB,1.0,82.0,107.0,3600.0,3600.0,Siemens,Siemens,SWT-3.6-107,SWT-3.6-107,1.0,EMODnet + OSM +thewindpower.net,2012.0
1.115444,53.158576,2012-09-01,GB,1.0,82.0,107.0,3600.0,3600.0,Siemens,Siemens,SWT-3.6-107,SWT-3.6-107,1.0,EMODnet + OSM +thewindpower.net,2012.0
1.120185,53.151315,2012-09-01,GB,1.0,82.0,107.0,3600.0,3600.0,Siemens,Siemens,SWT-3.6-107,SWT-3.6-107,1.0,EMODnet + OSM +thewindpower.net,2012.0
1.124924,53.144053,2012-09-01,GB,1.0,82.0,107.0,3600.0,3600.0,Siemens,Siemens,SWT-3.6-107,SWT-3.6-107,1.0,EMODnet + OSM +thewindpower.net,2012.0
1.129661,53.136791,2012-09-01,GB,1.0,82.0,107.0,3600.0,3600.0,Siemens,Siemens,SWT-3.6-107,SWT-3.6-107,1.0,EMODnet + OSM +thewindpower.net,2012.0
1.134397,53.129529,2012-09-01,GB,1.0,82.0,107.0,3600.0,3600.0,Siemens,Siemens,SWT-3.6-107,SWT-3.6-107,1.0,EMODnet + OSM +thewindpower.net,2012.0
1.139131,53.122267,2012-09-01,GB,1.0,82.0,107.0,3600.0,3600.0,Siemens,Siemens,SWT-3.6-107,SWT-3.6-107,1.0,EMODnet + OSM +thewindpower.net,2012.0
1.143864,53.115005,2012-09-01,GB,1.0,82.0,107.0,3600.0,3600.0,Siemens,Siemens,SWT-3.6-107,SWT-3.6-107,1.0,EMODnet + OSM +thewindpower.net,2012.0
1.120787,53.163434,2012-09-01,GB,1.0,82.0,107.0,3600.0,3600.0,Siemens,Siemens,SWT-3.6-107,SWT-3.6-107,1.0,EMODnet + OSM +thewindpower.net,2012.0
1.125528,53.156172,2012-09-01,GB,1.0,82.0,107.0,3600.0,3600.0,Siemens,Siemens,SWT-3.6-107,SWT-3.6-107,1.0,EMODnet + OSM +thewindpower.net,2012.0
1.130266,53.14891,2012-09-01,GB,1.0,82.0,107.0,3600.0,3600.0,Siemens,Siemens,SWT-3.6-107,SWT-3.6-107,1.0,EMODnet + OSM +thewindpower.net,2012.0
1.135003,53.141648,2012-09-01,GB,1.0,82.0,107.0,3600.0,3600.0,Siemens,Siemens,SWT-3.6-107,SWT-3.6-107,1.0,EMODnet + OSM +thewindpower.net,2012.0
1.139739,53.134386,2012-09-01,GB,1.0,82.0,107.0,3600.0,3600.0,Siemens,Siemens,SWT-3.6-107,SWT-3.6-107,1.0,EMODnet + OSM +thewindpower.net,2012.0
1.144472,53.127124,2012-09-01,GB,1.0,82.0,107.0,3600.0,3600.0,Siemens,Siemens,SWT-3.6-107,SWT-3.6-107,1.0,EMODnet + OSM +thewindpower.net,2012.0
1.149204,53.119861,2012-09-01,GB,1.0,82.0,107.0,3600.0,3600.0,Siemens,Siemens,SWT-3.6-107,SWT-3.6-107,1.0,EMODnet + OSM +thewindpower.net,2012.0
1.153935,53.112598,2012-09-01,GB,1.0,82.0,107.0,3600.0,3600.0,Siemens,Siemens,SWT-3.6-107,SWT-3.6-107,1.0,EMODnet + OSM +thewindpower.net,2012.0
1.130871,53.161029,2012-09-01,GB,1.0,82.0,107.0,3600.0,3600.0,Siemens,Siemens,SWT-3.6-107,SWT-3.6-107,1.0,EMODnet + OSM +thewindpower.net,2012.0
1.13561,53.153767,2012-09-01,GB,1.0,82.0,107.0,3600.0,3600.0,Siemens,Siemens,SWT-3.6-107,SWT-3.6-107,1.0,EMODnet + OSM +thewindpower.net,2012.0
1.140346,53.146505,2012-09-01,GB,1.0,82.0,107.0,3600.0,3600.0,Siemens,Siemens,SWT-3.6-107,SWT-3.6-107,1.0,EMODnet + OSM +thewindpower.net,2012.0
1.145081,53.139242,2012-09-01,GB,1.0,82.0,107.0,3600.0,3600.0,Siemens,Siemens,SWT-3.6-107,SWT-3.6-107,1.0,EMODnet + OSM +thewindpower.net,2012.0
1.149815,53.13198,2012-09-01,GB,1.0,82.0,107.0,3600.0,3600.0,Siemens,Siemens,SWT-3.6-107,SWT-3.6-107,1.0,EMODnet + OSM +thewindpower.net,2012.0
1.154547,53.124717,2012-09-01,GB,1.0,82.0,107.0,3600.0,3600.0,Siemens,Siemens,SWT-3.6-107,SWT-3.6-107,1.0,EMODnet + OSM +thewindpower.net,2012.0
1.159277,53.117454,2012-09-01,GB,1.0,82.0,107.0,3600.0,3600.0,Siemens,Siemens,SWT-3.6-107,SWT-3.6-107,1.0,EMODnet + OSM +thewindpower.net,2012.0
1.164005,53.110191,2012-09-01,GB,1.0,82.0,107.0,3600.0,3600.0,Siemens,Siemens,SWT-3.6-107,SWT-3.6-107,1.0,EMODnet + OSM +thewindpower.net,2012.0
1.140954,53.158624,2012-09-01,GB,1.0,82.0,107.0,3600.0,3600.0,Siemens,Siemens,SWT-3.6-107,SWT-3.6-107,1.0,EMODnet + OSM +thewindpower.net,2012.0
1.145691,53.151361,2012-09-01,GB,1.0,82.0,107.0,3600.0,3600.0,Siemens,Siemens,SWT-3.6-107,SWT-3.6-107,1.0,EMODnet + OSM +thewindpower.net,2012.0
1.150425,53.144099,2012-09-01,GB,1.0,82.0,107.0,3600.0,3600.0,Siemens,Siemens,SWT-3.6-107,SWT-3.6-107,1.0,EMODnet + OSM +thewindpower.net,2012.0
1.155158,53.136836,2012-09-01,GB,1.0,82.0,107.0,3600.0,3600.0,Siemens,Siemens,SWT-3.6-107,SWT-3.6-107,1.0,EMODnet + OSM +thewindpower.net,2012.0
1.15989,53.129573,2012-09-01,GB,1.0,82.0,107.0,3600.0,3600.0,Siemens,Siemens,SWT-3.6-107,SWT-3.6-107,1.0,EMODnet + OSM +thewindpower.net,2012.0
1.16462,53.12231,2012-09-01,GB,1.0,82.0,107.0,3600.0,3600.0,Siemens,Siemens,SWT-3.6-107,SWT-3.6-107,1.0,EMODnet + OSM +thewindpower.net,2012.0
1.169348,53.115046,2012-09-01,GB,1.0,82.0,107.0,3600.0,3600.0,Siemens,Siemens,SWT-3.6-107,SWT-3.6-107,1.0,EMODnet + OSM +thewindpower.net,2012.0
1.174074,53.107782,2012-09-01,GB,1.0,82.0,107.0,3600.0,3600.0,Siemens,Siemens,SWT-3.6-107,SWT-3.6-107,1.0,EMODnet + OSM +thewindpower.net,2012.0
1.151036,53.156218,2012-09-01,GB,1.0,82.0,107.0,3600.0,3600.0,Siemens,Siemens,SWT-3.6-107,SWT-3.6-107,1.0,EMODnet + OSM +thewindpower.net,2012.0
1.155771,53.148955,2012-09-01,GB,1.0,82.0,107.0,3600.0,3600.0,Siemens,Siemens,SWT-3.6-107,SWT-3.6-107,1.0,EMODnet + OSM +thewindpower.net,2012.0
1.160503,53.141692,2012-09-01,GB,1.0,82.0,107.0,3600.0,3600.0,Siemens,Siemens,SWT-3.6-107,SWT-3.6-107,1.0,EMODnet + OSM +thewindpower.net,2012.0
1.165234,53.134428,2012-09-01,GB,1.0,82.0,107.0,3600.0,3600.0,Siemens,Siemens,SWT-3.6-107,SWT-3.6-107,1.0,EMODnet + OSM +thewindpower.net,2012.0
1.169964,53.127165,2012-09-01,GB,1.0,82.0,107.0,3600.0,3600.0,Siemens,Siemens,SWT-3.6-107,SWT-3.6-107,1.0,EMODnet + OSM +thewindpower.net,2012.0
1.174692,53.119901,2012-09-01,GB,1.0,82.0,107.0,3600.0,3600.0,Siemens,Siemens,SWT-3.6-107,SWT-3.6-107,1.0,EMODnet + OSM +thewindpower.net,2012.0
1.179418,53.112637,2012-09-01,GB,1.0,82.0,107.0,3600.0,3600.0,Siemens,Siemens,SWT-3.6-107,SWT-3.6-107,1.0,EMODnet + OSM +thewindpower.net,2012.0
1.184143,53.105373,2012-09-01,GB,1.0,82.0,107.0,3600.0,3600.0,Siemens,Siemens,SWT-3.6-107,SWT-3.6-107,1.0,EMODnet + OSM +thewindpower.net,2012.0
1.161117,53.15381,2012-09-01,GB,1.0,82.0,107.0,3600.0,3600.0,Siemens,Siemens,SWT-3.6-107,SWT-3.6-107,1.0,EMODnet + OSM +thewindpower.net,2012.0
1.165849,53.146547,2012-09-01,GB,1.0,82.0,107.0,3600.0,3600.0,Siemens,Siemens,SWT-3.6-107,SWT-3.6-107,1.0,EMODnet + OSM +thewindpower.net,2012.0
1.17058,53.139284,2012-09-01,GB,1.0,82.0,107.0,3600.0,3600.0,Siemens,Siemens,SWT-3.6-107,SWT-3.6-107,1.0,EMODnet + OSM +thewindpower.net,2012.0
1.175309,53.13202,2012-09-01,GB,1.0,82.0,107.0,3600.0,3600.0,Siemens,Siemens,SWT-3.6-107,SWT-3.6-107,1.0,EMODnet + OSM +thewindpower.net,2012.0
1.180037,53.124756,2012-09-01,GB,1.0,82.0,107.0,3600.0,3600.0,Siemens,Siemens,SWT-3.6-107,SWT-3.6-107,1.0,EMODnet + OSM +thewindpower.net,2012.0
1.184763,53.117492,2012-09-01,GB,1.0,82.0,107.0,3600.0,3600.0,Siemens,Siemens,SWT-3.6-107,SWT-3.6-107,1.0,EMODnet + OSM +thewindpower.net,2012.0
1.189487,53.110228,2012-09-01,GB,1.0,82.0,107.0,3600.0,3600.0,Siemens,Siemens,SWT-3.6-107,SWT-3.6-107,1.0,EMODnet + OSM +thewindpower.net,2012.0
1.19421,53.102963,2012-09-01,GB,1.0,82.0,107.0,3600.0,3600.0,Siemens,Siemens,SWT-3.6-107,SWT-3.6-107,1.0,EMODnet + OSM +thewindpower.net,2012.0
1.171196,53.151403,2012-09-01,GB,1.0,82.0,107.0,3600.0,3600.0,Siemens,Siemens,SWT-3.6-107,SWT-3.6-107,1.0,EMODnet + OSM +thewindpower.net,2012.0
1.175927,53.144139,2012-09-01,GB,1.0,82.0,107.0,3600.0,3600.0,Siemens,Siemens,SWT-3.6-107,SWT-3.6-107,1.0,EMODnet + OSM +thewindpower.net,2012.0
1.180656,53.136875,2012-09-01,GB,1.0,82.0,107.0,3600.0,3600.0,Siemens,Siemens,SWT-3.6-107,SWT-3.6-107,1.0,EMODnet + OSM +thewindpower.net,2012.0
1.185383,53.129611,2012-09-01,GB,1.0,82.0,107.0,3600.0,3600.0,Siemens,Siemens,SWT-3.6-107,SWT-3.6-107,1.0,EMODnet + OSM +thewindpower.net,2012.0
1.190108,53.122347,2012-09-01,GB,1.0,82.0,107.0,3600.0,3600.0,Siemens,Siemens,SWT-3.6-107,SWT-3.6-107,1.0,EMODnet + OSM +thewindpower.net,2012.0
1.194832,53.115082,2012-09-01,GB,1.0,82.0,107.0,3600.0,3600.0,Siemens,Siemens,SWT-3.6-107,SWT-3.6-107,1.0,EMODnet + OSM +thewindpower.net,2012.0
1.199555,53.107817,2012-09-01,GB,1.0,82.0,107.0,3600.0,3600.0,Siemens,Siemens,SWT-3.6-107,SWT-3.6-107,1.0,EMODnet + OSM +thewindpower.net,2012.0
1.204275,53.100552,2012-09-01,GB,1.0,82.0,107.0,3600.0,3600.0,Siemens,Siemens,SWT-3.6-107,SWT-3.6-107,1.0,EMODnet + OSM +thewindpower.net,2012.0
1.181275,53.148994,2012-09-01,GB,1.0,82.0,107.0,3600.0,3600.0,Siemens,Siemens,SWT-3.6-107,SWT-3.6-107,1.0,EMODnet + OSM +thewindpower.net,2012.0
1.186003,53.14173,2012-09-01,GB,1.0,82.0,107.0,3600.0,3600.0,Siemens,Siemens,SWT-3.6-107,SWT-3.6-107,1.0,EMODnet + OSM +thewindpower.net,2012.0
1.19073,53.134465,2012-09-01,GB,1.0,82.0,107.0,3600.0,3600.0,Siemens,Siemens,SWT-3.6-107,SWT-3.6-107,1.0,EMODnet + OSM +thewindpower.net,2012.0
1.195456,53.127201,2012-09-01,GB,1.0,82.0,107.0,3600.0,3600.0,Siemens,Siemens,SWT-3.6-107,SWT-3.6-107,1.0,EMODnet + OSM +thewindpower.net,2012.0
1.200179,53.119936,2012-09-01,GB,1.0,82.0,107.0,3600.0,3600.0,Siemens,Siemens,SWT-3.6-107,SWT-3.6-107,1.0,EMODnet + OSM +thewindpower.net,2012.0
1.204901,53.112671,2012-09-01,GB,1.0,82.0,107.0,3600.0,3600.0,Siemens,Siemens,SWT-3.6-107,SWT-3.6-107,1.0,EMODnet + OSM +thewindpower.net,2012.0
1.209621,53.105406,2012-09-01,GB,1.0,82.0,107.0,3600.0,3600.0,Siemens,Siemens,SWT-3.6-107,SWT-3.6-107,1.0,EMODnet + OSM +thewindpower.net,2012.0
1.21434,53.098141,2012-09-01,GB,1.0,82.0,107.0,3600.0,3600.0,Siemens,Siemens,SWT-3.6-107,SWT-3.6-107,1.0,EMODnet + OSM +thewindpower.net,2012.0
1.4247893,53.2257685,2017-10-01,GB,1.0,105.96,154.0,6000.0,6000.0,Siemens,Siemens,SWT-6.0-154,SWT-6.0-154,1.0,EMODnet + OSM +thewindpower.net,2017.0
1.4263342,53.2126123,2017-10-01,GB,1.0,105.96,154.0,6000.0,6000.0,Siemens,Siemens,SWT-6.0-154,SWT-6.0-154,1.0,EMODnet + OSM +thewindpower.net,2017.0
1.4170645,53.2170324,2017-10-01,GB,1.0,105.96,154.0,6000.0,6000.0,Siemens,Siemens,SWT-6.0-154,SWT-6.0-154,1.0,EMODnet + OSM +thewindpower.net,2017.0
1.4072798,53.2216576,2017-10-01,GB,1.0,105.96,154.0,6000.0,6000.0,Siemens,Siemens,SWT-6.0-154,SWT-6.0-154,1.0,EMODnet + OSM +thewindpower.net,2017.0
1.4132879,53.2312149,2017-10-01,GB,1.0,105.96,154.0,6000.0,6000.0,Siemens,Siemens,SWT-6.0-154,SWT-6.0-154,1.0,EMODnet + OSM +thewindpower.net,2017.0
1.3976668,53.2262824,2017-10-01,GB,1.0,105.96,154.0,6000.0,6000.0,Siemens,Siemens,SWT-6.0-154,SWT-6.0-154,1.0,EMODnet + OSM +thewindpower.net,2017.0
1.4024733,53.2363523,2017-10-01,GB,1.0,105.96,154.0,6000.0,6000.0,Siemens,Siemens,SWT-6.0-154,SWT-6.0-154,1.0,EMODnet + OSM +thewindpower.net,2017.0
1.3873671,53.2300846,2017-10-01,GB,1.0,105.96,154.0,6000.0,6000.0,Siemens,Siemens,SWT-6.0-154,SWT-6.0-154,1.0,EMODnet + OSM +thewindpower.net,2017.0
1.3775824,53.2348111,2017-10-01,GB,1.0,105.96,154.0,6000.0,6000.0,Siemens,Siemens,SWT-6.0-154,SWT-6.0-154,1.0,EMODnet + OSM +thewindpower.net,2017.0
1.390457,53.2414891,2017-10-01,GB,1.0,105.96,154.0,6000.0,6000.0,Siemens,Siemens,SWT-6.0-154,SWT-6.0-154,1.0,EMODnet + OSM +thewindpower.net,2017.0
1.3796423,53.2465225,2017-10-01,GB,1.0,105.96,154.0,6000.0,6000.0,Siemens,Siemens,SWT-6.0-154,SWT-6.0-154,1.0,EMODnet + OSM +thewindpower.net,2017.0
1.368656,53.2394344,2017-10-01,GB,1.0,105.96,154.0,6000.0,6000.0,Siemens,Siemens,SWT-6.0-154,SWT-6.0-154,1.0,EMODnet + OSM +thewindpower.net,2017.0
1.3588713,53.2437491,2017-10-01,GB,1.0,105.96,154.0,6000.0,6000.0,Siemens,Siemens,SWT-6.0-154,SWT-6.0-154,1.0,EMODnet + OSM +thewindpower.net,2017.0
1.368141,53.2518635,2017-10-01,GB,1.0,105.96,154.0,6000.0,6000.0,Siemens,Siemens,SWT-6.0-154,SWT-6.0-154,1.0,EMODnet + OSM +thewindpower.net,2017.0
1.3571547,53.2569984,2017-10-01,GB,1.0,105.96,154.0,6000.0,6000.0,Siemens,Siemens,SWT-6.0-154,SWT-6.0-154,1.0,EMODnet + OSM +thewindpower.net,2017.0
1.3483999,53.2486795,2017-10-01,GB,1.0,105.96,154.0,6000.0,6000.0,Siemens,Siemens,SWT-6.0-154,SWT-6.0-154,1.0,EMODnet + OSM +thewindpower.net,2017.0
1.3387869,53.2528905,2017-10-01,GB,1.0,105.96,154.0,6000.0,6000.0,Siemens,Siemens,SWT-6.0-154,SWT-6.0-154,1.0,EMODnet + OSM +thewindpower.net,2017.0
1.3459967,53.2620301,2017-10-01,GB,1.0,105.96,154.0,6000.0,6000.0,Siemens,Siemens,SWT-6.0-154,SWT-6.0-154,1.0,EMODnet + OSM +thewindpower.net,2017.0
1.3290022,53.2574092,2017-10-01,GB,1.0,105.96,154.0,6000.0,6000.0,Siemens,Siemens,SWT-6.0-154,SWT-6.0-154,1.0,EMODnet + OSM +thewindpower.net,2017.0
1.3350104,53.2676771,2017-10-01,GB,1.0,105.96,154.0,6000.0,6000.0,Siemens,Siemens,SWT-6.0-154,SWT-6.0-154,1.0,EMODnet + OSM +thewindpower.net,2017.0
1.3187025,53.2623381,2017-10-01,GB,1.0,105.96,154.0,6000.0,6000.0,Siemens,Siemens,SWT-6.0-154,SWT-6.0-154,1.0,EMODnet + OSM +thewindpower.net,2017.0
1.3197325,53.2687038,2017-10-01,GB,1.0,105.96,154.0,6000.0,6000.0,Siemens,Siemens,SWT-6.0-154,SWT-6.0-154,1.0,EMODnet + OSM +thewindpower.net,2017.0
1.3202475,53.276095,2017-10-01,GB,1.0,105.96,154.0,6000.0,6000.0,Siemens,Siemens,SWT-6.0-154,SWT-6.0-154,1.0,EMODnet + OSM +thewindpower.net,2017.0
1.3205908,53.2833822,2017-10-01,GB,1.0,105.96,154.0,6000.0,6000.0,Siemens,Siemens,SWT-6.0-154,SWT-6.0-154,1.0,EMODnet + OSM +thewindpower.net,2017.0
1.3224791,53.2905657,2017-10-01,GB,1.0,105.96,154.0,6000.0,6000.0,Siemens,Siemens,SWT-6.0-154,SWT-6.0-154,1.0,EMODnet + OSM +thewindpower.net,2017.0
1.336212,53.2793795,2017-10-01,GB,1.0,105.96,154.0,6000.0,6000.0,Siemens,Siemens,SWT-6.0-154,SWT-6.0-154,1.0,EMODnet + OSM +thewindpower.net,2017.0
1.347885,53.2738367,2017-10-01,GB,1.0,105.96,154.0,6000.0,6000.0,Siemens,Siemens,SWT-6.0-154,SWT-6.0-154,1.0,EMODnet + OSM +thewindpower.net,2017.0
1.3593863,53.2690118,2017-10-01,GB,1.0,105.96,154.0,6000.0,6000.0,Siemens,Siemens,SWT-6.0-154,SWT-6.0-154,1.0,EMODnet + OSM +thewindpower.net,2017.0
1.3700293,53.2639809,2017-10-01,GB,1.0,105.96,154.0,6000.0,6000.0,Siemens,Siemens,SWT-6.0-154,SWT-6.0-154,1.0,EMODnet + OSM +thewindpower.net,2017.0
1.3818739,53.2588469,2017-10-01,GB,1.0,105.96,154.0,6000.0,6000.0,Siemens,Siemens,SWT-6.0-154,SWT-6.0-154,1.0,EMODnet + OSM +thewindpower.net,2017.0
1.3921736,53.2533013,2017-10-01,GB,1.0,105.96,154.0,6000.0,6000.0,Siemens,Siemens,SWT-6.0-154,SWT-6.0-154,1.0,EMODnet + OSM +thewindpower.net,2017.0
1.4040182,53.2484741,2017-10-01,GB,1.0,105.96,154.0,6000.0,6000.0,Siemens,Siemens,SWT-6.0-154,SWT-6.0-154,1.0,EMODnet + OSM +thewindpower.net,2017.0
1.4151762,53.2435436,2017-10-01,GB,1.0,105.96,154.0,6000.0,6000.0,Siemens,Siemens,SWT-6.0-154,SWT-6.0-154,1.0,EMODnet + OSM +thewindpower.net,2017.0
1.4259909,53.2377906,2017-10-01,GB,1.0,105.96,154.0,6000.0,6000.0,Siemens,Siemens,SWT-6.0-154,SWT-6.0-154,1.0,EMODnet + OSM +thewindpower.net,2017.0
1.4294241,53.2495012,2017-10-01,GB,1.0,105.96,154.0,6000.0,6000.0,Siemens,Siemens,SWT-6.0-154,SWT-6.0-154,1.0,EMODnet + OSM +thewindpower.net,2017.0
1.3944052,53.2648023,2017-10-01,GB,1.0,105.96,154.0,6000.0,6000.0,Siemens,Siemens,SWT-6.0-154,SWT-6.0-154,1.0,EMODnet + OSM +thewindpower.net,2017.0
1.3832472,53.270141,2017-10-01,GB,1.0,105.96,154.0,6000.0,6000.0,Siemens,Siemens,SWT-6.0-154,SWT-6.0-154,1.0,EMODnet + OSM +thewindpower.net,2017.0
1.3722609,53.2750685,2017-10-01,GB,1.0,105.96,154.0,6000.0,6000.0,Siemens,Siemens,SWT-6.0-154,SWT-6.0-154,1.0,EMODnet + OSM +thewindpower.net,2017.0
1.3611029,53.2805085,2017-10-01,GB,1.0,105.96,154.0,6000.0,6000.0,Siemens,Siemens,SWT-6.0-154,SWT-6.0-154,1.0,EMODnet + OSM +thewindpower.net,2017.0
1.3494299,53.2854348,2017-10-01,GB,1.0,105.96,154.0,6000.0,6000.0,Siemens,Siemens,SWT-6.0-154,SWT-6.0-154,1.0,EMODnet + OSM +thewindpower.net,2017.0
1.3384436,53.2910787,2017-10-01,GB,1.0,105.96,154.0,6000.0,6000.0,Siemens,Siemens,SWT-6.0-154,SWT-6.0-154,1.0,EMODnet + OSM +thewindpower.net,2017.0
1.3223074,53.2977479,2017-10-01,GB,1.0,105.96,154.0,6000.0,6000.0,Siemens,Siemens,SWT-6.0-154,SWT-6.0-154,1.0,EMODnet + OSM +thewindpower.net,2017.0
1.3226507,53.3051341,2017-10-01,GB,1.0,105.96,154.0,6000.0,6000.0,Siemens,Siemens,SWT-6.0-154,SWT-6.0-154,1.0,EMODnet + OSM +thewindpower.net,2017.0
1.3334654,53.3088267,2017-10-01,GB,1.0,105.96,154.0,6000.0,6000.0,Siemens,Siemens,SWT-6.0-154,SWT-6.0-154,1.0,EMODnet + OSM +thewindpower.net,2017.0
1.3399885,53.3026722,2017-10-01,GB,1.0,105.96,154.0,6000.0,6000.0,Siemens,Siemens,SWT-6.0-154,SWT-6.0-154,1.0,EMODnet + OSM +thewindpower.net,2017.0
1.3509749,53.2974401,2017-10-01,GB,1.0,105.96,154.0,6000.0,6000.0,Siemens,Siemens,SWT-6.0-154,SWT-6.0-154,1.0,EMODnet + OSM +thewindpower.net,2017.0
1.3624762,53.2924126,2017-10-01,GB,1.0,105.96,154.0,6000.0,6000.0,Siemens,Siemens,SWT-6.0-154,SWT-6.0-154,1.0,EMODnet + OSM +thewindpower.net,2017.0
1.3739775,53.2867689,2017-10-01,GB,1.0,105.96,154.0,6000.0,6000.0,Siemens,Siemens,SWT-6.0-154,SWT-6.0-154,1.0,EMODnet + OSM +thewindpower.net,2017.0
1.3856505,53.2816375,2017-10-01,GB,1.0,105.96,154.0,6000.0,6000.0,Siemens,Siemens,SWT-6.0-154,SWT-6.0-154,1.0,EMODnet + OSM +thewindpower.net,2017.0
1.3962935,53.2767108,2017-10-01,GB,1.0,105.96,154.0,6000.0,6000.0,Siemens,Siemens,SWT-6.0-154,SWT-6.0-154,1.0,EMODnet + OSM +thewindpower.net,2017.0
1.4077948,53.2714756,2017-10-01,GB,1.0,105.96,154.0,6000.0,6000.0,Siemens,Siemens,SWT-6.0-154,SWT-6.0-154,1.0,EMODnet + OSM +thewindpower.net,2017.0
1.4189528,53.2665478,2017-10-01,GB,1.0,105.96,154.0,6000.0,6000.0,Siemens,Siemens,SWT-6.0-154,SWT-6.0-154,1.0,EMODnet + OSM +thewindpower.net,2017.0
1.4299391,53.2611059,2017-10-01,GB,1.0,105.96,154.0,6000.0,6000.0,Siemens,Siemens,SWT-6.0-154,SWT-6.0-154,1.0,EMODnet + OSM +thewindpower.net,2017.0
1.443157,53.2522743,2017-10-01,GB,1.0,105.96,154.0,6000.0,6000.0,Siemens,Siemens,SWT-6.0-154,SWT-6.0-154,1.0,EMODnet + OSM +thewindpower.net,2017.0
1.443672,53.259463,2017-10-01,GB,1.0,105.96,154.0,6000.0,6000.0,Siemens,Siemens,SWT-6.0-154,SWT-6.0-154,1.0,EMODnet + OSM +thewindpower.net,2017.0
1.4445303,53.2667531,2017-10-01,GB,1.0,105.96,154.0,6000.0,6000.0,Siemens,Siemens,SWT-6.0-154,SWT-6.0-154,1.0,EMODnet + OSM +thewindpower.net,2017.0
1.4350889,53.2711676,2017-10-01,GB,1.0,105.96,154.0,6000.0,6000.0,Siemens,Siemens,SWT-6.0-154,SWT-6.0-154,1.0,EMODnet + OSM +thewindpower.net,2017.0
1.4261625,53.2754791,2017-10-01,GB,1.0,105.96,154.0,6000.0,6000.0,Siemens,Siemens,SWT-6.0-154,SWT-6.0-154,1.0,EMODnet + OSM +thewindpower.net,2017.0
1.4170645,53.2796874,2017-10-01,GB,1.0,105.96,154.0,6000.0,6000.0,Siemens,Siemens,SWT-6.0-154,SWT-6.0-154,1.0,EMODnet + OSM +thewindpower.net,2017.0
1.4076231,53.2837928,2017-10-01,GB,1.0,105.96,154.0,6000.0,6000.0,Siemens,Siemens,SWT-6.0-154,SWT-6.0-154,1.0,EMODnet + OSM +thewindpower.net,2017.0
1.3985251,53.2880003,2017-10-01,GB,1.0,105.96,154.0,6000.0,6000.0,Siemens,Siemens,SWT-6.0-154,SWT-6.0-154,1.0,EMODnet + OSM +thewindpower.net,2017.0
1.389427,53.29231,2017-10-01,GB,1.0,105.96,154.0,6000.0,6000.0,Siemens,Siemens,SWT-6.0-154,SWT-6.0-154,1.0,EMODnet + OSM +thewindpower.net,2017.0
1.3796423,53.2964141,2017-10-01,GB,1.0,105.96,154.0,6000.0,6000.0,Siemens,Siemens,SWT-6.0-154,SWT-6.0-154,1.0,EMODnet + OSM +thewindpower.net,2017.0
1.3707159,53.3008256,2017-10-01,GB,1.0,105.96,154.0,6000.0,6000.0,Siemens,Siemens,SWT-6.0-154,SWT-6.0-154,1.0,EMODnet + OSM +thewindpower.net,2017.0
1.3612745,53.3054418,2017-10-01,GB,1.0,105.96,154.0,6000.0,6000.0,Siemens,Siemens,SWT-6.0-154,SWT-6.0-154,1.0,EMODnet + OSM +thewindpower.net,2017.0
1.3521765,53.3095446,2017-10-01,GB,1.0,105.96,154.0,6000.0,6000.0,Siemens,Siemens,SWT-6.0-154,SWT-6.0-154,1.0,EMODnet + OSM +thewindpower.net,2017.0
1.3430784,53.3139548,2017-10-01,GB,1.0,105.96,154.0,6000.0,6000.0,Siemens,Siemens,SWT-6.0-154,SWT-6.0-154,1.0,EMODnet + OSM +thewindpower.net,2017.0
0.4598025,53.2410969,2013-09-01,GB,1.0,100.0,107.0,3600.0,3600.0,Siemens,Siemens,SWT-3.6-107,SWT-3.6-107,1.0,EMODnet + OSM +thewindpower.net,2013.0
0.4731918,53.2432915,2013-09-01,GB,1.0,100.0,107.0,3600.0,3600.0,Siemens,Siemens,SWT-3.6-107,SWT-3.6-107,1.0,EMODnet + OSM +thewindpower.net,2013.0
0.4868625,53.2453086,2013-09-01,GB,1.0,100.0,107.0,3600.0,3600.0,Siemens,Siemens,SWT-3.6-107,SWT-3.6-107,1.0,EMODnet + OSM +thewindpower.net,2013.0
0.5002989,53.2472882,2013-09-01,GB,1.0,100.0,107.0,3600.0,3600.0,Siemens,Siemens,SWT-3.6-107,SWT-3.6-107,1.0,EMODnet + OSM +thewindpower.net,2013.0
0.502546,53.2416385,2013-09-01,GB,1.0,100.0,107.0,3600.0,3600.0,Siemens,Siemens,SWT-3.6-107,SWT-3.6-107,1.0,EMODnet + OSM +thewindpower.net,2013.0
0.4894218,53.239145,2013-09-01,GB,1.0,100.0,107.0,3600.0,3600.0,Siemens,Siemens,SWT-3.6-107,SWT-3.6-107,1.0,EMODnet + OSM +thewindpower.net,2013.0
0.4756889,53.2371088,2013-09-01,GB,1.0,100.0,107.0,3600.0,3600.0,Siemens,Siemens,SWT-3.6-107,SWT-3.6-107,1.0,EMODnet + OSM +thewindpower.net,2013.0
0.462159,53.2353248,2013-09-01,GB,1.0,100.0,107.0,3600.0,3600.0,Siemens,Siemens,SWT-3.6-107,SWT-3.6-107,1.0,EMODnet + OSM +thewindpower.net,2013.0
0.4644451,53.2294541,2013-09-01,GB,1.0,100.0,107.0,3600.0,3600.0,Siemens,Siemens,SWT-3.6-107,SWT-3.6-107,1.0,EMODnet + OSM +thewindpower.net,2013.0
0.478178,53.2311915,2013-09-01,GB,1.0,100.0,107.0,3600.0,3600.0,Siemens,Siemens,SWT-3.6-107,SWT-3.6-107,1.0,EMODnet + OSM +thewindpower.net,2013.0
0.4919732,53.2331344,2013-09-01,GB,1.0,100.0,107.0,3600.0,3600.0,Siemens,Siemens,SWT-3.6-107,SWT-3.6-107,1.0,EMODnet + OSM +thewindpower.net,2013.0
0.5051366,53.2362214,2013-09-01,GB,1.0,100.0,107.0,3600.0,3600.0,Siemens,Siemens,SWT-3.6-107,SWT-3.6-107,1.0,EMODnet + OSM +thewindpower.net,2013.0
0.5073057,53.2305517,2013-09-01,GB,1.0,100.0,107.0,3600.0,3600.0,Siemens,Siemens,SWT-3.6-107,SWT-3.6-107,1.0,EMODnet + OSM +thewindpower.net,2013.0
0.5096935,53.2251894,2013-09-01,GB,1.0,100.0,107.0,3600.0,3600.0,Siemens,Siemens,SWT-3.6-107,SWT-3.6-107,1.0,EMODnet + OSM +thewindpower.net,2013.0
0.4943844,53.2270111,2013-09-01,GB,1.0,100.0,107.0,3600.0,3600.0,Siemens,Siemens,SWT-3.6-107,SWT-3.6-107,1.0,EMODnet + OSM +thewindpower.net,2013.0
0.4806671,53.2250866,2013-09-01,GB,1.0,100.0,107.0,3600.0,3600.0,Siemens,Siemens,SWT-3.6-107,SWT-3.6-107,1.0,EMODnet + OSM +thewindpower.net,2013.0
0.4670589,53.223629,2013-09-01,GB,1.0,100.0,107.0,3600.0,3600.0,Siemens,Siemens,SWT-3.6-107,SWT-3.6-107,1.0,EMODnet + OSM +thewindpower.net,2013.0
0.5120031,53.2191816,2013-09-01,GB,1.0,100.0,107.0,3600.0,3600.0,Siemens,Siemens,SWT-3.6-107,SWT-3.6-107,1.0,EMODnet + OSM +thewindpower.net,2013.0
0.4971308,53.2209102,2013-09-01,GB,1.0,100.0,107.0,3600.0,3600.0,Siemens,Siemens,SWT-3.6-107,SWT-3.6-107,1.0,EMODnet + OSM +thewindpower.net,2013.0
0.483554,53.2191536,2013-09-01,GB,1.0,100.0,107.0,3600.0,3600.0,Siemens,Siemens,SWT-3.6-107,SWT-3.6-107,1.0,EMODnet + OSM +thewindpower.net,2013.0
0.4696964,53.2178734,2013-09-01,GB,1.0,100.0,107.0,3600.0,3600.0,Siemens,Siemens,SWT-3.6-107,SWT-3.6-107,1.0,EMODnet + OSM +thewindpower.net,2013.0
0.514734,53.2130796,2013-09-01,GB,1.0,100.0,107.0,3600.0,3600.0,Siemens,Siemens,SWT-3.6-107,SWT-3.6-107,1.0,EMODnet + OSM +thewindpower.net,2013.0
0.4996902,53.2147569,2013-09-01,GB,1.0,100.0,107.0,3600.0,3600.0,Siemens,Siemens,SWT-3.6-107,SWT-3.6-107,1.0,EMODnet + OSM +thewindpower.net,2013.0
0.4856452,53.2130049,2013-09-01,GB,1.0,100.0,107.0,3600.0,3600.0,Siemens,Siemens,SWT-3.6-107,SWT-3.6-107,1.0,EMODnet + OSM +thewindpower.net,2013.0
0.5171061,53.2075094,2013-09-01,GB,1.0,100.0,107.0,3600.0,3600.0,Siemens,Siemens,SWT-3.6-107,SWT-3.6-107,1.0,EMODnet + OSM +thewindpower.net,2013.0
0.5024212,53.208687,2013-09-01,GB,1.0,100.0,107.0,3600.0,3600.0,Siemens,Siemens,SWT-3.6-107,SWT-3.6-107,1.0,EMODnet + OSM +thewindpower.net,2013.0
0.4883138,53.2070047,2013-09-01,GB,1.0,100.0,107.0,3600.0,3600.0,Siemens,Siemens,SWT-3.6-107,SWT-3.6-107,1.0,EMODnet + OSM +thewindpower.net,2013.0
0.4748306,53.204855,2013-09-01,GB,1.0,100.0,107.0,3600.0,3600.0,Siemens,Siemens,SWT-3.6-107,SWT-3.6-107,1.0,EMODnet + OSM +thewindpower.net,2013.0
0.5176679,53.2017048,2013-09-01,GB,1.0,100.0,107.0,3600.0,3600.0,Siemens,Siemens,SWT-3.6-107,SWT-3.6-107,1.0,EMODnet + OSM +thewindpower.net,2013.0
0.5039506,53.2025555,2013-09-01,GB,1.0,100.0,107.0,3600.0,3600.0,Siemens,Siemens,SWT-3.6-107,SWT-3.6-107,1.0,EMODnet + OSM +thewindpower.net,2013.0
0.4907638,53.2009478,2013-09-01,GB,1.0,100.0,107.0,3600.0,3600.0,Siemens,Siemens,SWT-3.6-107,SWT-3.6-107,1.0,EMODnet + OSM +thewindpower.net,2013.0
0.4770935,53.1986294,2013-09-01,GB,1.0,100.0,107.0,3600.0,3600.0,Siemens,Siemens,SWT-3.6-107,SWT-3.6-107,1.0,EMODnet + OSM +thewindpower.net,2013.0
0.4770622,53.1921411,2013-09-01,GB,1.0,100.0,107.0,3600.0,3600.0,Siemens,Siemens,SWT-3.6-107,SWT-3.6-107,1.0,EMODnet + OSM +thewindpower.net,2013.0
0.4906859,53.1947029,2013-09-01,GB,1.0,100.0,107.0,3600.0,3600.0,Siemens,Siemens,SWT-3.6-107,SWT-3.6-107,1.0,EMODnet + OSM +thewindpower.net,2013.0
0.5039195,53.1961426,2013-09-01,GB,1.0,100.0,107.0,3600.0,3600.0,Siemens,Siemens,SWT-3.6-107,SWT-3.6-107,1.0,EMODnet + OSM +thewindpower.net,2013.0
0.5157172,53.1964511,2013-09-01,GB,1.0,100.0,107.0,3600.0,3600.0,Siemens,Siemens,SWT-3.6-107,SWT-3.6-107,1.0,EMODnet + OSM +thewindpower.net,2013.0
0.517699,53.1914585,2013-09-01,GB,1.0,100.0,107.0,3600.0,3600.0,Siemens,Siemens,SWT-3.6-107,SWT-3.6-107,1.0,EMODnet + OSM +thewindpower.net,2013.0
0.5173559,53.185764,2013-09-01,GB,1.0,100.0,107.0,3600.0,3600.0,Siemens,Siemens,SWT-3.6-107,SWT-3.6-107,1.0,EMODnet + OSM +thewindpower.net,2013.0
0.503779,53.1898689,2013-09-01,GB,1.0,100.0,107.0,3600.0,3600.0,Siemens,Siemens,SWT-3.6-107,SWT-3.6-107,1.0,EMODnet + OSM +thewindpower.net,2013.0
0.5175743,53.1800033,2013-09-01,GB,1.0,100.0,107.0,3600.0,3600.0,Siemens,Siemens,SWT-3.6-107,SWT-3.6-107,1.0,EMODnet + OSM +thewindpower.net,2013.0
0.5039038,53.183529,2013-09-01,GB,1.0,100.0,107.0,3600.0,3600.0,Siemens,Siemens,SWT-3.6-107,SWT-3.6-107,1.0,EMODnet + OSM +thewindpower.net,2013.0
0.4901396,53.1822572,2013-09-01,GB,1.0,100.0,107.0,3600.0,3600.0,Siemens,Siemens,SWT-3.6-107,SWT-3.6-107,1.0,EMODnet + OSM +thewindpower.net,2013.0
0.4763755,53.1830895,2013-09-01,GB,1.0,100.0,107.0,3600.0,3600.0,Siemens,Siemens,SWT-3.6-107,SWT-3.6-107,1.0,EMODnet + OSM +thewindpower.net,2013.0
0.5176523,53.1742605,2013-09-01,GB,1.0,100.0,107.0,3600.0,3600.0,Siemens,Siemens,SWT-3.6-107,SWT-3.6-107,1.0,EMODnet + OSM +thewindpower.net,2013.0
0.5036697,53.1771787,2013-09-01,GB,1.0,100.0,107.0,3600.0,3600.0,Siemens,Siemens,SWT-3.6-107,SWT-3.6-107,1.0,EMODnet + OSM +thewindpower.net,2013.0
0.4897184,53.1759628,2013-09-01,GB,1.0,100.0,107.0,3600.0,3600.0,Siemens,Siemens,SWT-3.6-107,SWT-3.6-107,1.0,EMODnet + OSM +thewindpower.net,2013.0
0.4759698,53.1767765,2013-09-01,GB,1.0,100.0,107.0,3600.0,3600.0,Siemens,Siemens,SWT-3.6-107,SWT-3.6-107,1.0,EMODnet + OSM +thewindpower.net,2013.0
0.5174339,53.1685636,2013-09-01,GB,1.0,100.0,107.0,3600.0,3600.0,Siemens,Siemens,SWT-3.6-107,SWT-3.6-107,1.0,EMODnet + OSM +thewindpower.net,2013.0
0.5036697,53.1708556,2013-09-01,GB,1.0,100.0,107.0,3600.0,3600.0,Siemens,Siemens,SWT-3.6-107,SWT-3.6-107,1.0,EMODnet + OSM +thewindpower.net,2013.0
0.4894064,53.1697237,2013-09-01,GB,1.0,100.0,107.0,3600.0,3600.0,Siemens,Siemens,SWT-3.6-107,SWT-3.6-107,1.0,EMODnet + OSM +thewindpower.net,2013.0
0.4751585,53.1702382,2013-09-01,GB,1.0,100.0,107.0,3600.0,3600.0,Siemens,Siemens,SWT-3.6-107,SWT-3.6-107,1.0,EMODnet + OSM +thewindpower.net,2013.0
0.5167007,53.1630345,2013-09-01,GB,1.0,100.0,107.0,3600.0,3600.0,Siemens,Siemens,SWT-3.6-107,SWT-3.6-107,1.0,EMODnet + OSM +thewindpower.net,2013.0
0.5036387,53.1646671,2013-09-01,GB,1.0,100.0,107.0,3600.0,3600.0,Siemens,Siemens,SWT-3.6-107,SWT-3.6-107,1.0,EMODnet + OSM +thewindpower.net,2013.0
0.4895156,53.1635911,2013-09-01,GB,1.0,100.0,107.0,3600.0,3600.0,Siemens,Siemens,SWT-3.6-107,SWT-3.6-107,1.0,EMODnet + OSM +thewindpower.net,2013.0
0.4753457,53.1638812,2013-09-01,GB,1.0,100.0,107.0,3600.0,3600.0,Siemens,Siemens,SWT-3.6-107,SWT-3.6-107,1.0,EMODnet + OSM +thewindpower.net,2013.0
0.5176524,53.157135,2013-09-01,GB,1.0,100.0,107.0,3600.0,3600.0,Siemens,Siemens,SWT-3.6-107,SWT-3.6-107,1.0,EMODnet + OSM +thewindpower.net,2013.0
0.5034983,53.1583,2013-09-01,GB,1.0,100.0,107.0,3600.0,3600.0,Siemens,Siemens,SWT-3.6-107,SWT-3.6-107,1.0,EMODnet + OSM +thewindpower.net,2013.0
0.4892737,53.1571819,2013-09-01,GB,1.0,100.0,107.0,3600.0,3600.0,Siemens,Siemens,SWT-3.6-107,SWT-3.6-107,1.0,EMODnet + OSM +thewindpower.net,2013.0
0.474901,53.1574812,2013-09-01,GB,1.0,100.0,107.0,3600.0,3600.0,Siemens,Siemens,SWT-3.6-107,SWT-3.6-107,1.0,EMODnet + OSM +thewindpower.net,2013.0
0.5176447,53.1514734,2013-09-01,GB,1.0,100.0,107.0,3600.0,3600.0,Siemens,Siemens,SWT-3.6-107,SWT-3.6-107,1.0,EMODnet + OSM +thewindpower.net,2013.0
0.5033109,53.1520162,2013-09-01,GB,1.0,100.0,107.0,3600.0,3600.0,Siemens,Siemens,SWT-3.6-107,SWT-3.6-107,1.0,EMODnet + OSM +thewindpower.net,2013.0
0.4890162,53.1510569,2013-09-01,GB,1.0,100.0,107.0,3600.0,3600.0,Siemens,Siemens,SWT-3.6-107,SWT-3.6-107,1.0,EMODnet + OSM +thewindpower.net,2013.0
0.4747918,53.1521986,2013-09-01,GB,1.0,100.0,107.0,3600.0,3600.0,Siemens,Siemens,SWT-3.6-107,SWT-3.6-107,1.0,EMODnet + OSM +thewindpower.net,2013.0
0.503194,53.1457548,2013-09-01,GB,1.0,100.0,107.0,3600.0,3600.0,Siemens,Siemens,SWT-3.6-107,SWT-3.6-107,1.0,EMODnet + OSM +thewindpower.net,2013.0
0.491045,53.1448375,2013-09-01,GB,1.0,100.0,107.0,3600.0,3600.0,Siemens,Siemens,SWT-3.6-107,SWT-3.6-107,1.0,EMODnet + OSM +thewindpower.net,2013.0
0.5031081,53.1392866,2013-09-01,GB,1.0,100.0,107.0,3600.0,3600.0,Siemens,Siemens,SWT-3.6-107,SWT-3.6-107,1.0,EMODnet + OSM +thewindpower.net,2013.0
0.4785918,53.1377092,2013-09-01,GB,1.0,100.0,107.0,3600.0,3600.0,Siemens,Siemens,SWT-3.6-107,SWT-3.6-107,1.0,EMODnet + OSM +thewindpower.net,2013.0
0.4908656,53.1398202,2013-09-01,GB,1.0,100.0,107.0,3600.0,3600.0,Siemens,Siemens,SWT-3.6-107,SWT-3.6-107,1.0,EMODnet + OSM +thewindpower.net,2013.0
0.4907174,53.1346198,2013-09-01,GB,1.0,100.0,107.0,3600.0,3600.0,Siemens,Siemens,SWT-3.6-107,SWT-3.6-107,1.0,EMODnet + OSM +thewindpower.net,2013.0
0.4899215,53.1283371,2013-09-01,GB,1.0,100.0,107.0,3600.0,3600.0,Siemens,Siemens,SWT-3.6-107,SWT-3.6-107,1.0,EMODnet + OSM +thewindpower.net,2013.0
0.4792628,53.1286321,2013-09-01,GB,1.0,100.0,107.0,3600.0,3600.0,Siemens,Siemens,SWT-3.6-107,SWT-3.6-107,1.0,EMODnet + OSM +thewindpower.net,2013.0
0.479099,53.133075,2013-09-01,GB,1.0,100.0,107.0,3600.0,3600.0,Siemens,Siemens,SWT-3.6-107,SWT-3.6-107,1.0,EMODnet + OSM +thewindpower.net,2013.0
0.4602786,53.2033453,2013-09-01,GB,1.0,100.0,107.0,3600.0,3600.0,Siemens,Siemens,SWT-3.6-107,SWT-3.6-107,1.0,EMODnet + OSM +thewindpower.net,2013.0
0.4602942,53.2080935,2013-09-01,GB,1.0,100.0,107.0,3600.0,3600.0,Siemens,Siemens,SWT-3.6-107,SWT-3.6-107,1.0,EMODnet + OSM +thewindpower.net,2013.0
0.4601772,53.2127805,2013-09-01,GB,1.0,100.0,107.0,3600.0,3600.0,Siemens,Siemens,SWT-3.6-107,SWT-3.6-107,1.0,EMODnet + OSM +thewindpower.net,2013.0
-3.5506615,54.0836356,2012-04-01,GB,1.0,90.0,107.0,3600.0,3600.0,Siemens,Siemens,SWT-3.6-107,SWT-3.6-107,1.0,EMODnet + OSM +thewindpower.net,2012.0
-3.6465301,54.0647638,2012-04-01,GB,1.0,90.0,107.0,3600.0,3600.0,Siemens,Siemens,SWT-3.6-107,SWT-3.6-107,1.0,EMODnet + OSM +thewindpower.net,2012.0
-3.5920332,54.0798305,2012-04-01,GB,1.0,90.0,107.0,3600.0,3600.0,Siemens,Siemens,SWT-3.6-107,SWT-3.6-107,1.0,EMODnet + OSM +thewindpower.net,2012.0
-3.579499,54.0460842,2012-04-01,GB,1.0,90.0,107.0,3600.0,3600.0,Siemens,Siemens,SWT-3.6-107,SWT-3.6-107,1.0,EMODnet + OSM +thewindpower.net,2012.0
-3.5562712,54.0761794,2012-04-01,GB,1.0,90.0,107.0,3600.0,3600.0,Siemens,Siemens,SWT-3.6-107,SWT-3.6-107,1.0,EMODnet + OSM +thewindpower.net,2012.0
-3.6135956,54.0766423,2012-04-01,GB,1.0,90.0,107.0,3600.0,3600.0,Siemens,Siemens,SWT-3.6-107,SWT-3.6-107,1.0,EMODnet + OSM +thewindpower.net,2012.0
-3.5470677,54.071808,2012-04-01,GB,1.0,90.0,107.0,3600.0,3600.0,Siemens,Siemens,SWT-3.6-107,SWT-3.6-107,1.0,EMODnet + OSM +thewindpower.net,2012.0
-3.6417319,54.1166835,2012-04-01,GB,1.0,90.0,107.0,3600.0,3600.0,Siemens,Siemens,SWT-3.6-107,SWT-3.6-107,1.0,EMODnet + OSM +thewindpower.net,2012.0
-3.5951011,54.0630122,2012-04-01,GB,1.0,90.0,107.0,3600.0,3600.0,Siemens,Siemens,SWT-3.6-107,SWT-3.6-107,1.0,EMODnet + OSM +thewindpower.net,2012.0
-3.6447121,54.1003427,2012-04-01,GB,1.0,90.0,107.0,3600.0,3600.0,Siemens,Siemens,SWT-3.6-107,SWT-3.6-107,1.0,EMODnet + OSM +thewindpower.net,2012.0
-3.5576736,54.0573531,2012-04-01,GB,1.0,90.0,107.0,3600.0,3600.0,Siemens,Siemens,SWT-3.6-107,SWT-3.6-107,1.0,EMODnet + OSM +thewindpower.net,2012.0
-3.6482182,54.1102096,2012-04-01,GB,1.0,90.0,107.0,3600.0,3600.0,Siemens,Siemens,SWT-3.6-107,SWT-3.6-107,1.0,EMODnet + OSM +thewindpower.net,2012.0
-3.6223608,54.0659958,2012-04-01,GB,1.0,90.0,107.0,3600.0,3600.0,Siemens,Siemens,SWT-3.6-107,SWT-3.6-107,1.0,EMODnet + OSM +thewindpower.net,2012.0
-3.6217473,54.1204338,2012-04-01,GB,1.0,90.0,107.0,3600.0,3600.0,Siemens,Siemens,SWT-3.6-107,SWT-3.6-107,1.0,EMODnet + OSM +thewindpower.net,2012.0
-3.5773954,54.0974644,2012-04-01,GB,1.0,90.0,107.0,3600.0,3600.0,Siemens,Siemens,SWT-3.6-107,SWT-3.6-107,1.0,EMODnet + OSM +thewindpower.net,2012.0
-3.5776583,54.0658415,2012-04-01,GB,1.0,90.0,107.0,3600.0,3600.0,Siemens,Siemens,SWT-3.6-107,SWT-3.6-107,1.0,EMODnet + OSM +thewindpower.net,2012.0
-3.5730127,54.0547806,2012-04-01,GB,1.0,90.0,107.0,3600.0,3600.0,Siemens,Siemens,SWT-3.6-107,SWT-3.6-107,1.0,EMODnet + OSM +thewindpower.net,2012.0
-3.6176276,54.1052251,2012-04-01,GB,1.0,90.0,107.0,3600.0,3600.0,Siemens,Siemens,SWT-3.6-107,SWT-3.6-107,1.0,EMODnet + OSM +thewindpower.net,2012.0
-3.5747658,54.084921,2012-04-01,GB,1.0,90.0,107.0,3600.0,3600.0,Siemens,Siemens,SWT-3.6-107,SWT-3.6-107,1.0,EMODnet + OSM +thewindpower.net,2012.0
-3.6140339,54.0559125,2012-04-01,GB,1.0,90.0,107.0,3600.0,3600.0,Siemens,Siemens,SWT-3.6-107,SWT-3.6-107,1.0,EMODnet + OSM +thewindpower.net,2012.0
-3.559602,54.0882628,2012-04-01,GB,1.0,90.0,107.0,3600.0,3600.0,Siemens,Siemens,SWT-3.6-107,SWT-3.6-107,1.0,EMODnet + OSM +thewindpower.net,2012.0
-3.6087748,54.0645555,2012-04-01,GB,1.0,90.0,107.0,3600.0,3600.0,Siemens,Siemens,SWT-3.6-107,SWT-3.6-107,1.0,EMODnet + OSM +thewindpower.net,2012.0
-3.6360335,54.0676215,2012-04-01,GB,1.0,90.0,107.0,3600.0,3600.0,Siemens,Siemens,SWT-3.6-107,SWT-3.6-107,1.0,EMODnet + OSM +thewindpower.net,2012.0
-3.6349827,54.0962822,2012-04-01,GB,1.0,90.0,107.0,3600.0,3600.0,Siemens,Siemens,SWT-3.6-107,SWT-3.6-107,1.0,EMODnet + OSM +thewindpower.net,2012.0
-3.6019379,54.0836356,2012-04-01,GB,1.0,90.0,107.0,3600.0,3600.0,Siemens,Siemens,SWT-3.6-107,SWT-3.6-107,1.0,EMODnet + OSM +thewindpower.net,2012.0
-3.5906308,54.0498408,2012-04-01,GB,1.0,90.0,107.0,3600.0,3600.0,Siemens,Siemens,SWT-3.6-107,SWT-3.6-107,1.0,EMODnet + OSM +thewindpower.net,2012.0
-3.5418086,54.0790592,2012-04-01,GB,1.0,90.0,107.0,3600.0,3600.0,Siemens,Siemens,SWT-3.6-107,SWT-3.6-107,1.0,EMODnet + OSM +thewindpower.net,2012.0
-3.6386306,54.059937,2012-04-01,GB,1.0,90.0,107.0,3600.0,3600.0,Siemens,Siemens,SWT-3.6-107,SWT-3.6-107,1.0,EMODnet + OSM +thewindpower.net,2012.0
-3.5821286,54.0760251,2012-04-01,GB,1.0,90.0,107.0,3600.0,3600.0,Siemens,Siemens,SWT-3.6-107,SWT-3.6-107,1.0,EMODnet + OSM +thewindpower.net,2012.0
-3.5702761,54.0712493,2012-04-01,GB,1.0,90.0,107.0,3600.0,3600.0,Siemens,Siemens,SWT-3.6-107,SWT-3.6-107,1.0,EMODnet + OSM +thewindpower.net,2012.0
-3.6040416,54.1112887,2012-04-01,GB,1.0,90.0,107.0,3600.0,3600.0,Siemens,Siemens,SWT-3.6-107,SWT-3.6-107,1.0,EMODnet + OSM +thewindpower.net,2012.0
-3.6009738,54.0729909,2012-04-01,GB,1.0,90.0,107.0,3600.0,3600.0,Siemens,Siemens,SWT-3.6-107,SWT-3.6-107,1.0,EMODnet + OSM +thewindpower.net,2012.0
-3.5624069,54.0684133,2012-04-01,GB,1.0,90.0,107.0,3600.0,3600.0,Siemens,Siemens,SWT-3.6-107,SWT-3.6-107,1.0,EMODnet + OSM +thewindpower.net,2012.0
-3.62762,54.1099013,2012-04-01,GB,1.0,90.0,107.0,3600.0,3600.0,Siemens,Siemens,SWT-3.6-107,SWT-3.6-107,1.0,EMODnet + OSM +thewindpower.net,2012.0
-3.6523736,54.0878103,2012-04-01,GB,1.0,90.0,107.0,3600.0,3600.0,Siemens,Siemens,SWT-3.6-107,SWT-3.6-107,1.0,EMODnet + OSM +thewindpower.net,2012.0
-3.5834433,54.0596169,2012-04-01,GB,1.0,90.0,107.0,3600.0,3600.0,Siemens,Siemens,SWT-3.6-107,SWT-3.6-107,1.0,EMODnet + OSM +thewindpower.net,2012.0
-3.631389,54.1254165,2012-04-01,GB,1.0,90.0,107.0,3600.0,3600.0,Siemens,Siemens,SWT-3.6-107,SWT-3.6-107,1.0,EMODnet + OSM +thewindpower.net,2012.0
-3.653565,54.0958196,2012-04-01,GB,1.0,90.0,107.0,3600.0,3600.0,Siemens,Siemens,SWT-3.6-107,SWT-3.6-107,1.0,EMODnet + OSM +thewindpower.net,2012.0
-3.567666,54.0615718,2012-04-01,GB,1.0,90.0,107.0,3600.0,3600.0,Siemens,Siemens,SWT-3.6-107,SWT-3.6-107,1.0,EMODnet + OSM +thewindpower.net,2012.0
-3.5629328,54.0501496,2012-04-01,GB,1.0,90.0,107.0,3600.0,3600.0,Siemens,Siemens,SWT-3.6-107,SWT-3.6-107,1.0,EMODnet + OSM +thewindpower.net,2012.0
-3.6546168,54.1038375,2012-04-01,GB,1.0,90.0,107.0,3600.0,3600.0,Siemens,Siemens,SWT-3.6-107,SWT-3.6-107,1.0,EMODnet + OSM +thewindpower.net,2012.0
-3.5655623,54.0805504,2012-04-01,GB,1.0,90.0,107.0,3600.0,3600.0,Siemens,Siemens,SWT-3.6-107,SWT-3.6-107,1.0,EMODnet + OSM +thewindpower.net,2012.0
-3.6261299,54.0581763,2012-04-01,GB,1.0,90.0,107.0,3600.0,3600.0,Siemens,Siemens,SWT-3.6-107,SWT-3.6-107,1.0,EMODnet + OSM +thewindpower.net,2012.0
-3.6129821,54.1158101,2012-04-01,GB,1.0,90.0,107.0,3600.0,3600.0,Siemens,Siemens,SWT-3.6-107,SWT-3.6-107,1.0,EMODnet + OSM +thewindpower.net,2012.0
-3.5684548,54.0928896,2012-04-01,GB,1.0,90.0,107.0,3600.0,3600.0,Siemens,Siemens,SWT-3.6-107,SWT-3.6-107,1.0,EMODnet + OSM +thewindpower.net,2012.0
-3.5884395,54.0693906,2012-04-01,GB,1.0,90.0,107.0,3600.0,3600.0,Siemens,Siemens,SWT-3.6-107,SWT-3.6-107,1.0,EMODnet + OSM +thewindpower.net,2012.0
-3.5689418,54.0418315,2012-04-01,GB,1.0,90.0,107.0,3600.0,3600.0,Siemens,Siemens,SWT-3.6-107,SWT-3.6-107,1.0,EMODnet + OSM +thewindpower.net,2012.0
-3.6263052,54.1007539,2012-04-01,GB,1.0,90.0,107.0,3600.0,3600.0,Siemens,Siemens,SWT-3.6-107,SWT-3.6-107,1.0,EMODnet + OSM +thewindpower.net,2012.0
-3.5851087,54.0898566,2012-04-01,GB,1.0,90.0,107.0,3600.0,3600.0,Siemens,Siemens,SWT-3.6-107,SWT-3.6-107,1.0,EMODnet + OSM +thewindpower.net,2012.0
-3.6021132,54.0531341,2012-04-01,GB,1.0,90.0,107.0,3600.0,3600.0,Siemens,Siemens,SWT-3.6-107,SWT-3.6-107,1.0,EMODnet + OSM +thewindpower.net,2012.0
-3.6414035,54.0911861,2012-04-01,GB,1.0,90.0,107.0,3600.0,3600.0,Siemens,Siemens,SWT-3.6-107,SWT-3.6-107,1.0,EMODnet + OSM +thewindpower.net,2012.0
-3.2911489,53.9747253,2006-07-01,GB,1.0,75.0,90.0,3000.0,3000.0,Vestas,Vestas,V90/3000 Offshore,V90/3000 Offshore,1.0,EMODnet + OSM +thewindpower.net,2006.0
-3.2968693,53.9777355,2006-07-01,GB,1.0,75.0,90.0,3000.0,3000.0,Vestas,Vestas,V90/3000 Offshore,V90/3000 Offshore,1.0,EMODnet + OSM +thewindpower.net,2006.0
-3.3025145,53.9805241,2006-07-01,GB,1.0,75.0,90.0,3000.0,3000.0,Vestas,Vestas,V90/3000 Offshore,V90/3000 Offshore,1.0,EMODnet + OSM +thewindpower.net,2006.0
-3.2859554,53.9812323,2006-07-01,GB,1.0,75.0,90.0,3000.0,3000.0,Vestas,Vestas,V90/3000 Offshore,V90/3000 Offshore,1.0,EMODnet + OSM +thewindpower.net,2006.0
-3.3078586,53.9833125,2006-07-01,GB,1.0,75.0,90.0,3000.0,3000.0,Vestas,Vestas,V90/3000 Offshore,V90/3000 Offshore,1.0,EMODnet + OSM +thewindpower.net,2006.0
-3.2916005,53.9841535,2006-07-01,GB,1.0,75.0,90.0,3000.0,3000.0,Vestas,Vestas,V90/3000 Offshore,V90/3000 Offshore,1.0,EMODnet + OSM +thewindpower.net,2006.0
-3.2755683,53.9849059,2006-07-01,GB,1.0,75.0,90.0,3000.0,3000.0,Vestas,Vestas,V90/3000 Offshore,V90/3000 Offshore,1.0,EMODnet + OSM +thewindpower.net,2006.0
-3.3133532,53.9862778,2006-07-01,GB,1.0,75.0,90.0,3000.0,3000.0,Vestas,Vestas,V90/3000 Offshore,V90/3000 Offshore,1.0,EMODnet + OSM +thewindpower.net,2006.0
-3.2973962,53.9871629,2006-07-01,GB,1.0,75.0,90.0,3000.0,3000.0,Vestas,Vestas,V90/3000 Offshore,V90/3000 Offshore,1.0,EMODnet + OSM +thewindpower.net,2006.0
-3.2812135,53.987871,2006-07-01,GB,1.0,75.0,90.0,3000.0,3000.0,Vestas,Vestas,V90/3000 Offshore,V90/3000 Offshore,1.0,EMODnet + OSM +thewindpower.net,2006.0
-3.3191489,53.9892429,2006-07-01,GB,1.0,75.0,90.0,3000.0,3000.0,Vestas,Vestas,V90/3000 Offshore,V90/3000 Offshore,1.0,EMODnet + OSM +thewindpower.net,2006.0
-3.3030414,53.9900837,2006-07-01,GB,1.0,75.0,90.0,3000.0,3000.0,Vestas,Vestas,V90/3000 Offshore,V90/3000 Offshore,1.0,EMODnet + OSM +thewindpower.net,2006.0
-3.2871597,53.9907917,2006-07-01,GB,1.0,75.0,90.0,3000.0,3000.0,Vestas,Vestas,V90/3000 Offshore,V90/3000 Offshore,1.0,EMODnet + OSM +thewindpower.net,2006.0
-3.2705253,53.9918538,2006-07-01,GB,1.0,75.0,90.0,3000.0,3000.0,Vestas,Vestas,V90/3000 Offshore,V90/3000 Offshore,1.0,EMODnet + OSM +thewindpower.net,2006.0
-3.324794,53.9923405,2006-07-01,GB,1.0,75.0,90.0,3000.0,3000.0,Vestas,Vestas,V90/3000 Offshore,V90/3000 Offshore,1.0,EMODnet + OSM +thewindpower.net,2006.0
-3.3089123,53.9929158,2006-07-01,GB,1.0,75.0,90.0,3000.0,3000.0,Vestas,Vestas,V90/3000 Offshore,V90/3000 Offshore,1.0,EMODnet + OSM +thewindpower.net,2006.0
-3.2927296,53.993845,2006-07-01,GB,1.0,75.0,90.0,3000.0,3000.0,Vestas,Vestas,V90/3000 Offshore,V90/3000 Offshore,1.0,EMODnet + OSM +thewindpower.net,2006.0
-3.276321,53.9945087,2006-07-01,GB,1.0,75.0,90.0,3000.0,3000.0,Vestas,Vestas,V90/3000 Offshore,V90/3000 Offshore,1.0,EMODnet + OSM +thewindpower.net,2006.0
-3.3304392,53.9953051,2006-07-01,GB,1.0,75.0,90.0,3000.0,3000.0,Vestas,Vestas,V90/3000 Offshore,V90/3000 Offshore,1.0,EMODnet + OSM +thewindpower.net,2006.0
-3.3141059,53.9963228,2006-07-01,GB,1.0,75.0,90.0,3000.0,3000.0,Vestas,Vestas,V90/3000 Offshore,V90/3000 Offshore,1.0,EMODnet + OSM +thewindpower.net,2006.0
-3.29845,53.9968095,2006-07-01,GB,1.0,75.0,90.0,3000.0,3000.0,Vestas,Vestas,V90/3000 Offshore,V90/3000 Offshore,1.0,EMODnet + OSM +thewindpower.net,2006.0
-3.2820414,53.9974732,2006-07-01,GB,1.0,75.0,90.0,3000.0,3000.0,Vestas,Vestas,V90/3000 Offshore,V90/3000 Offshore,1.0,EMODnet + OSM +thewindpower.net,2006.0
-3.3198392,53.9988296,2006-07-01,GB,1.0,75.0,90.0,3000.0,3000.0,Vestas,Vestas,V90/3000 Offshore,V90/3000 Offshore,1.0,EMODnet + OSM +thewindpower.net,2006.0
-3.3038693,53.9995526,2006-07-01,GB,1.0,75.0,90.0,3000.0,3000.0,Vestas,Vestas,V90/3000 Offshore,V90/3000 Offshore,1.0,EMODnet + OSM +thewindpower.net,2006.0
-3.287235,54.0003047,2006-07-01,GB,1.0,75.0,90.0,3000.0,3000.0,Vestas,Vestas,V90/3000 Offshore,V90/3000 Offshore,1.0,EMODnet + OSM +thewindpower.net,2006.0
-3.3091381,54.0025167,2006-07-01,GB,1.0,75.0,90.0,3000.0,3000.0,Vestas,Vestas,V90/3000 Offshore,V90/3000 Offshore,1.0,EMODnet + OSM +thewindpower.net,2006.0
-3.2933317,54.0034458,2006-07-01,GB,1.0,75.0,90.0,3000.0,3000.0,Vestas,Vestas,V90/3000 Offshore,V90/3000 Offshore,1.0,EMODnet + OSM +thewindpower.net,2006.0
-3.3150844,54.0055249,2006-07-01,GB,1.0,75.0,90.0,3000.0,3000.0,Vestas,Vestas,V90/3000 Offshore,V90/3000 Offshore,1.0,EMODnet + OSM +thewindpower.net,2006.0
-3.2988263,54.0062769,2006-07-01,GB,1.0,75.0,90.0,3000.0,3000.0,Vestas,Vestas,V90/3000 Offshore,V90/3000 Offshore,1.0,EMODnet + OSM +thewindpower.net,2006.0
-3.3044715,54.0091079,2006-07-01,GB,1.0,75.0,90.0,3000.0,3000.0,Vestas,Vestas,V90/3000 Offshore,V90/3000 Offshore,1.0,EMODnet + OSM +thewindpower.net,2006.0
-3.4318327,54.0710046,2012-02-01,GB,1.0,97.0,126.0,5000.0,5000.0,Repower,Repower,5M,5M,1.0,EMODnet + OSM +thewindpower.net,2012.0
-3.4206721,54.0737987,2012-02-01,GB,1.0,97.0,126.0,5000.0,5000.0,Repower,Repower,5M,5M,1.0,EMODnet + OSM +thewindpower.net,2012.0
-3.438157,54.0744099,2012-02-01,GB,1.0,97.0,126.0,5000.0,5000.0,Repower,Repower,5M,5M,1.0,EMODnet + OSM +thewindpower.net,2012.0
-3.4267732,54.0772037,2012-02-01,GB,1.0,97.0,126.0,5000.0,5000.0,Repower,Repower,5M,5M,1.0,EMODnet + OSM +thewindpower.net,2012.0
-3.4438118,54.077422,2012-02-01,GB,1.0,97.0,126.0,5000.0,5000.0,Repower,Repower,5M,5M,1.0,EMODnet + OSM +thewindpower.net,2012.0
-3.4154638,54.0799101,2012-02-01,GB,1.0,97.0,126.0,5000.0,5000.0,Repower,Repower,5M,5M,1.0,EMODnet + OSM +thewindpower.net,2012.0
-3.4326511,54.0805649,2012-02-01,GB,1.0,97.0,126.0,5000.0,5000.0,Repower,Repower,5M,5M,1.0,EMODnet + OSM +thewindpower.net,2012.0
-3.4497641,54.0805649,2012-02-01,GB,1.0,97.0,126.0,5000.0,5000.0,Repower,Repower,5M,5M,1.0,EMODnet + OSM +thewindpower.net,2012.0
-3.4042288,54.0827909,2012-02-01,GB,1.0,97.0,126.0,5000.0,5000.0,Repower,Repower,5M,5M,1.0,EMODnet + OSM +thewindpower.net,2012.0
-3.4211185,54.0833146,2012-02-01,GB,1.0,97.0,126.0,5000.0,5000.0,Repower,Repower,5M,5M,1.0,EMODnet + OSM +thewindpower.net,2012.0
-3.4384547,54.0836202,2012-02-01,GB,1.0,97.0,126.0,5000.0,5000.0,Repower,Repower,5M,5M,1.0,EMODnet + OSM +thewindpower.net,2012.0
-3.4559396,54.0839257,2012-02-01,GB,1.0,97.0,126.0,5000.0,5000.0,Repower,Repower,5M,5M,1.0,EMODnet + OSM +thewindpower.net,2012.0
-3.4098835,54.0863698,2012-02-01,GB,1.0,97.0,126.0,5000.0,5000.0,Repower,Repower,5M,5M,1.0,EMODnet + OSM +thewindpower.net,2012.0
-3.426922,54.0867625,2012-02-01,GB,1.0,97.0,126.0,5000.0,5000.0,Repower,Repower,5M,5M,1.0,EMODnet + OSM +thewindpower.net,2012.0
-3.4443326,54.087068,2012-02-01,GB,1.0,97.0,126.0,5000.0,5000.0,Repower,Repower,5M,5M,1.0,EMODnet + OSM +thewindpower.net,2012.0
-3.4618176,54.087068,2012-02-01,GB,1.0,97.0,126.0,5000.0,5000.0,Repower,Repower,5M,5M,1.0,EMODnet + OSM +thewindpower.net,2012.0
-3.4155382,54.0896865,2012-02-01,GB,1.0,97.0,126.0,5000.0,5000.0,Repower,Repower,5M,5M,1.0,EMODnet + OSM +thewindpower.net,2012.0
-3.4326511,54.0900356,2012-02-01,GB,1.0,97.0,126.0,5000.0,5000.0,Repower,Repower,5M,5M,1.0,EMODnet + OSM +thewindpower.net,2012.0
-3.4501361,54.0902538,2012-02-01,GB,1.0,97.0,126.0,5000.0,5000.0,Repower,Repower,5M,5M,1.0,EMODnet + OSM +thewindpower.net,2012.0
-3.4678443,54.0902538,2012-02-01,GB,1.0,97.0,126.0,5000.0,5000.0,Repower,Repower,5M,5M,1.0,EMODnet + OSM +thewindpower.net,2012.0
-3.4212673,54.0930902,2012-02-01,GB,1.0,97.0,126.0,5000.0,5000.0,Repower,Repower,5M,5M,1.0,EMODnet + OSM +thewindpower.net,2012.0
-3.4562372,54.0936138,2012-02-01,GB,1.0,97.0,126.0,5000.0,5000.0,Repower,Repower,5M,5M,1.0,EMODnet + OSM +thewindpower.net,2012.0
-3.4389011,54.0936575,2012-02-01,GB,1.0,97.0,126.0,5000.0,5000.0,Repower,Repower,5M,5M,1.0,EMODnet + OSM +thewindpower.net,2012.0
-3.4272196,54.0966246,2012-02-01,GB,1.0,97.0,126.0,5000.0,5000.0,Repower,Repower,5M,5M,1.0,EMODnet + OSM +thewindpower.net,2012.0
-3.4619664,54.09693,2012-02-01,GB,1.0,97.0,126.0,5000.0,5000.0,Repower,Repower,5M,5M,1.0,EMODnet + OSM +thewindpower.net,2012.0
-3.4443326,54.0969736,2012-02-01,GB,1.0,97.0,126.0,5000.0,5000.0,Repower,Repower,5M,5M,1.0,EMODnet + OSM +thewindpower.net,2012.0
-3.4330232,54.0998096,2012-02-01,GB,1.0,97.0,126.0,5000.0,5000.0,Repower,Repower,5M,5M,1.0,EMODnet + OSM +thewindpower.net,2012.0
-3.4505825,54.1000277,2012-02-01,GB,1.0,97.0,126.0,5000.0,5000.0,Repower,Repower,5M,5M,1.0,EMODnet + OSM +thewindpower.net,2012.0
-3.4386035,54.1032125,2012-02-01,GB,1.0,97.0,126.0,5000.0,5000.0,Repower,Repower,5M,5M,1.0,EMODnet + OSM +thewindpower.net,2012.0
-3.444407,54.1067023,2012-02-01,GB,1.0,97.0,126.0,5000.0,5000.0,Repower,Repower,5M,5M,1.0,EMODnet + OSM +thewindpower.net,2012.0
-3.6913609,54.7512587,2010-04-01,GB,1.0,80.0,90.0,3000.0,3000.0,Vestas,Vestas,V90/3000 Offshore,V90/3000 Offshore,1.0,EMODnet + OSM +thewindpower.net,2010.0
-3.6886491,54.755231,2010-04-01,GB,1.0,80.0,90.0,3000.0,3000.0,Vestas,Vestas,V90/3000 Offshore,V90/3000 Offshore,1.0,EMODnet + OSM +thewindpower.net,2010.0
-3.6953771,54.7569221,2010-04-01,GB,1.0,80.0,90.0,3000.0,3000.0,Vestas,Vestas,V90/3000 Offshore,V90/3000 Offshore,1.0,EMODnet + OSM +thewindpower.net,2010.0
-3.6862095,54.758956,2010-04-01,GB,1.0,80.0,90.0,3000.0,3000.0,Vestas,Vestas,V90/3000 Offshore,V90/3000 Offshore,1.0,EMODnet + OSM +thewindpower.net,2010.0
-3.6926422,54.7606949,2010-04-01,GB,1.0,80.0,90.0,3000.0,3000.0,Vestas,Vestas,V90/3000 Offshore,V90/3000 Offshore,1.0,EMODnet + OSM +thewindpower.net,2010.0
-3.6988203,54.7622268,2010-04-01,GB,1.0,80.0,90.0,3000.0,3000.0,Vestas,Vestas,V90/3000 Offshore,V90/3000 Offshore,1.0,EMODnet + OSM +thewindpower.net,2010.0
-3.6838517,54.7624149,2010-04-01,GB,1.0,80.0,90.0,3000.0,3000.0,Vestas,Vestas,V90/3000 Offshore,V90/3000 Offshore,1.0,EMODnet + OSM +thewindpower.net,2010.0
-3.7056813,54.7640105,2010-04-01,GB,1.0,80.0,90.0,3000.0,3000.0,Vestas,Vestas,V90/3000 Offshore,V90/3000 Offshore,1.0,EMODnet + OSM +thewindpower.net,2010.0
-3.6899243,54.7644554,2010-04-01,GB,1.0,80.0,90.0,3000.0,3000.0,Vestas,Vestas,V90/3000 Offshore,V90/3000 Offshore,1.0,EMODnet + OSM +thewindpower.net,2010.0
-3.7120819,54.7655797,2010-04-01,GB,1.0,80.0,90.0,3000.0,3000.0,Vestas,Vestas,V90/3000 Offshore,V90/3000 Offshore,1.0,EMODnet + OSM +thewindpower.net,2010.0
-3.6962767,54.7659193,2010-04-01,GB,1.0,80.0,90.0,3000.0,3000.0,Vestas,Vestas,V90/3000 Offshore,V90/3000 Offshore,1.0,EMODnet + OSM +thewindpower.net,2010.0
-3.7031312,54.7676206,2010-04-01,GB,1.0,80.0,90.0,3000.0,3000.0,Vestas,Vestas,V90/3000 Offshore,V90/3000 Offshore,1.0,EMODnet + OSM +thewindpower.net,2010.0
-3.7093406,54.7691661,2010-04-01,GB,1.0,80.0,90.0,3000.0,3000.0,Vestas,Vestas,V90/3000 Offshore,V90/3000 Offshore,1.0,EMODnet + OSM +thewindpower.net,2010.0
-3.6934931,54.7699176,2010-04-01,GB,1.0,80.0,90.0,3000.0,3000.0,Vestas,Vestas,V90/3000 Offshore,V90/3000 Offshore,1.0,EMODnet + OSM +thewindpower.net,2010.0
-3.7005546,54.7714935,2010-04-01,GB,1.0,80.0,90.0,3000.0,3000.0,Vestas,Vestas,V90/3000 Offshore,V90/3000 Offshore,1.0,EMODnet + OSM +thewindpower.net,2010.0
-3.7176678,54.7353217,2010-04-01,GB,1.0,80.0,90.0,3000.0,3000.0,Vestas,Vestas,V90/3000 Offshore,V90/3000 Offshore,1.0,EMODnet + OSM +thewindpower.net,2010.0
-3.7021302,54.7365491,2010-04-01,GB,1.0,80.0,90.0,3000.0,3000.0,Vestas,Vestas,V90/3000 Offshore,V90/3000 Offshore,1.0,EMODnet + OSM +thewindpower.net,2010.0
-3.7241516,54.7368155,2010-04-01,GB,1.0,80.0,90.0,3000.0,3000.0,Vestas,Vestas,V90/3000 Offshore,V90/3000 Offshore,1.0,EMODnet + OSM +thewindpower.net,2010.0
-3.7083247,54.7378531,2010-04-01,GB,1.0,80.0,90.0,3000.0,3000.0,Vestas,Vestas,V90/3000 Offshore,V90/3000 Offshore,1.0,EMODnet + OSM +thewindpower.net,2010.0
-3.730887,54.7383266,2010-04-01,GB,1.0,80.0,90.0,3000.0,3000.0,Vestas,Vestas,V90/3000 Offshore,V90/3000 Offshore,1.0,EMODnet + OSM +thewindpower.net,2010.0
-3.7149509,54.7393531,2010-04-01,GB,1.0,80.0,90.0,3000.0,3000.0,Vestas,Vestas,V90/3000 Offshore,V90/3000 Offshore,1.0,EMODnet + OSM +thewindpower.net,2010.0
-3.6987578,54.7403921,2010-04-01,GB,1.0,80.0,90.0,3000.0,3000.0,Vestas,Vestas,V90/3000 Offshore,V90/3000 Offshore,1.0,EMODnet + OSM +thewindpower.net,2010.0
-3.7215278,54.7407992,2010-04-01,GB,1.0,80.0,90.0,3000.0,3000.0,Vestas,Vestas,V90/3000 Offshore,V90/3000 Offshore,1.0,EMODnet + OSM +thewindpower.net,2010.0
-3.7054833,54.7418098,2010-04-01,GB,1.0,80.0,90.0,3000.0,3000.0,Vestas,Vestas,V90/3000 Offshore,V90/3000 Offshore,1.0,EMODnet + OSM +thewindpower.net,2010.0
-3.7281625,54.7421445,2010-04-01,GB,1.0,80.0,90.0,3000.0,3000.0,Vestas,Vestas,V90/3000 Offshore,V90/3000 Offshore,1.0,EMODnet + OSM +thewindpower.net,2010.0
-3.7347762,54.7436474,2010-04-01,GB,1.0,80.0,90.0,3000.0,3000.0,Vestas,Vestas,V90/3000 Offshore,V90/3000 Offshore,1.0,EMODnet + OSM +thewindpower.net,2010.0
-3.7122076,54.7434013,2010-04-01,GB,1.0,80.0,90.0,3000.0,3000.0,Vestas,Vestas,V90/3000 Offshore,V90/3000 Offshore,1.0,EMODnet + OSM +thewindpower.net,2010.0
-3.6962939,54.7439628,2010-04-01,GB,1.0,80.0,90.0,3000.0,3000.0,Vestas,Vestas,V90/3000 Offshore,V90/3000 Offshore,1.0,EMODnet + OSM +thewindpower.net,2010.0
-3.718827,54.7449661,2010-04-01,GB,1.0,80.0,90.0,3000.0,3000.0,Vestas,Vestas,V90/3000 Offshore,V90/3000 Offshore,1.0,EMODnet + OSM +thewindpower.net,2010.0
-3.7030173,54.7455576,2010-04-01,GB,1.0,80.0,90.0,3000.0,3000.0,Vestas,Vestas,V90/3000 Offshore,V90/3000 Offshore,1.0,EMODnet + OSM +thewindpower.net,2010.0
-3.725452,54.7464139,2010-04-01,GB,1.0,80.0,90.0,3000.0,3000.0,Vestas,Vestas,V90/3000 Offshore,V90/3000 Offshore,1.0,EMODnet + OSM +thewindpower.net,2010.0
-3.7094882,54.7471576,2010-04-01,GB,1.0,80.0,90.0,3000.0,3000.0,Vestas,Vestas,V90/3000 Offshore,V90/3000 Offshore,1.0,EMODnet + OSM +thewindpower.net,2010.0
-3.6978433,54.7528272,2010-04-01,GB,1.0,80.0,90.0,3000.0,3000.0,Vestas,Vestas,V90/3000 Offshore,V90/3000 Offshore,1.0,EMODnet + OSM +thewindpower.net,2010.0
-3.7318705,54.7478807,2010-04-01,GB,1.0,80.0,90.0,3000.0,3000.0,Vestas,Vestas,V90/3000 Offshore,V90/3000 Offshore,1.0,EMODnet + OSM +thewindpower.net,2010.0
-3.7162646,54.74874,2010-04-01,GB,1.0,80.0,90.0,3000.0,3000.0,Vestas,Vestas,V90/3000 Offshore,V90/3000 Offshore,1.0,EMODnet + OSM +thewindpower.net,2010.0
-3.7004325,54.7491089,2010-04-01,GB,1.0,80.0,90.0,3000.0,3000.0,Vestas,Vestas,V90/3000 Offshore,V90/3000 Offshore,1.0,EMODnet + OSM +thewindpower.net,2010.0
-3.7388989,54.7497212,2010-04-01,GB,1.0,80.0,90.0,3000.0,3000.0,Vestas,Vestas,V90/3000 Offshore,V90/3000 Offshore,1.0,EMODnet + OSM +thewindpower.net,2010.0
-3.7225487,54.75032,2010-04-01,GB,1.0,80.0,90.0,3000.0,3000.0,Vestas,Vestas,V90/3000 Offshore,V90/3000 Offshore,1.0,EMODnet + OSM +thewindpower.net,2010.0
-3.7067419,54.7508066,2010-04-01,GB,1.0,80.0,90.0,3000.0,3000.0,Vestas,Vestas,V90/3000 Offshore,V90/3000 Offshore,1.0,EMODnet + OSM +thewindpower.net,2010.0
-3.7291872,54.7518219,2010-04-01,GB,1.0,80.0,90.0,3000.0,3000.0,Vestas,Vestas,V90/3000 Offshore,V90/3000 Offshore,1.0,EMODnet + OSM +thewindpower.net,2010.0
-3.7135976,54.752497,2010-04-01,GB,1.0,80.0,90.0,3000.0,3000.0,Vestas,Vestas,V90/3000 Offshore,V90/3000 Offshore,1.0,EMODnet + OSM +thewindpower.net,2010.0
-3.7015762,54.7584668,2010-04-01,GB,1.0,80.0,90.0,3000.0,3000.0,Vestas,Vestas,V90/3000 Offshore,V90/3000 Offshore,1.0,EMODnet + OSM +thewindpower.net,2010.0
-3.7364331,54.7534172,2010-04-01,GB,1.0,80.0,90.0,3000.0,3000.0,Vestas,Vestas,V90/3000 Offshore,V90/3000 Offshore,1.0,EMODnet + OSM +thewindpower.net,2010.0
-3.7199585,54.7540583,2010-04-01,GB,1.0,80.0,90.0,3000.0,3000.0,Vestas,Vestas,V90/3000 Offshore,V90/3000 Offshore,1.0,EMODnet + OSM +thewindpower.net,2010.0
-3.704282,54.7546355,2010-04-01,GB,1.0,80.0,90.0,3000.0,3000.0,Vestas,Vestas,V90/3000 Offshore,V90/3000 Offshore,1.0,EMODnet + OSM +thewindpower.net,2010.0
-3.7431422,54.7551039,2010-04-01,GB,1.0,80.0,90.0,3000.0,3000.0,Vestas,Vestas,V90/3000 Offshore,V90/3000 Offshore,1.0,EMODnet + OSM +thewindpower.net,2010.0
-3.7265585,54.755667,2010-04-01,GB,1.0,80.0,90.0,3000.0,3000.0,Vestas,Vestas,V90/3000 Offshore,V90/3000 Offshore,1.0,EMODnet + OSM +thewindpower.net,2010.0
-3.7110057,54.7562577,2010-04-01,GB,1.0,80.0,90.0,3000.0,3000.0,Vestas,Vestas,V90/3000 Offshore,V90/3000 Offshore,1.0,EMODnet + OSM +thewindpower.net,2010.0
-3.7173673,54.7578085,2010-04-01,GB,1.0,80.0,90.0,3000.0,3000.0,Vestas,Vestas,V90/3000 Offshore,V90/3000 Offshore,1.0,EMODnet + OSM +thewindpower.net,2010.0
-3.7332555,54.7577534,2010-04-01,GB,1.0,80.0,90.0,3000.0,3000.0,Vestas,Vestas,V90/3000 Offshore,V90/3000 Offshore,1.0,EMODnet + OSM +thewindpower.net,2010.0
-3.7082875,54.7601193,2010-04-01,GB,1.0,80.0,90.0,3000.0,3000.0,Vestas,Vestas,V90/3000 Offshore,V90/3000 Offshore,1.0,EMODnet + OSM +thewindpower.net,2010.0
-3.7401303,54.758885,2010-04-01,GB,1.0,80.0,90.0,3000.0,3000.0,Vestas,Vestas,V90/3000 Offshore,V90/3000 Offshore,1.0,EMODnet + OSM +thewindpower.net,2010.0
-3.7241616,54.7595279,2010-04-01,GB,1.0,80.0,90.0,3000.0,3000.0,Vestas,Vestas,V90/3000 Offshore,V90/3000 Offshore,1.0,EMODnet + OSM +thewindpower.net,2010.0
-3.7145241,54.7617119,2010-04-01,GB,1.0,80.0,90.0,3000.0,3000.0,Vestas,Vestas,V90/3000 Offshore,V90/3000 Offshore,1.0,EMODnet + OSM +thewindpower.net,2010.0
-3.7310565,54.7611735,2010-04-01,GB,1.0,80.0,90.0,3000.0,3000.0,Vestas,Vestas,V90/3000 Offshore,V90/3000 Offshore,1.0,EMODnet + OSM +thewindpower.net,2010.0
-3.7216344,54.7634957,2010-04-01,GB,1.0,80.0,90.0,3000.0,3000.0,Vestas,Vestas,V90/3000 Offshore,V90/3000 Offshore,1.0,EMODnet + OSM +thewindpower.net,2010.0
-3.7368001,54.7626309,2010-04-01,GB,1.0,80.0,90.0,3000.0,3000.0,Vestas,Vestas,V90/3000 Offshore,V90/3000 Offshore,1.0,EMODnet + OSM +thewindpower.net,2010.0
-3.7283419,54.7651768,2010-04-01,GB,1.0,80.0,90.0,3000.0,3000.0,Vestas,Vestas,V90/3000 Offshore,V90/3000 Offshore,1.0,EMODnet + OSM +thewindpower.net,2010.0
-3.7188049,54.7672509,2010-04-01,GB,1.0,80.0,90.0,3000.0,3000.0,Vestas,Vestas,V90/3000 Offshore,V90/3000 Offshore,1.0,EMODnet + OSM +thewindpower.net,2010.0
-3.6938638,54.7475078,2010-04-01,GB,1.0,80.0,90.0,3000.0,3000.0,Vestas,Vestas,V90/3000 Offshore,V90/3000 Offshore,1.0,EMODnet + OSM +thewindpower.net,2010.0
-3.3370973,53.4929989,2016-12-01,GB,1.0,123.0,164.0,8000.0,8000.0,Vestas,Vestas,V164/8000,V164/8000,1.0,EMODnet + OSM +thewindpower.net,2016.0
-3.3049107,53.5016276,2016-12-01,GB,1.0,123.0,164.0,8000.0,8000.0,Vestas,Vestas,V164/8000,V164/8000,1.0,EMODnet + OSM +thewindpower.net,2016.0
-3.3195878,53.5015766,2016-12-01,GB,1.0,123.0,164.0,8000.0,8000.0,Vestas,Vestas,V164/8000,V164/8000,1.0,EMODnet + OSM +thewindpower.net,2016.0
-3.3377839,53.5015766,2016-12-01,GB,1.0,123.0,164.0,8000.0,8000.0,Vestas,Vestas,V164/8000,V164/8000,1.0,EMODnet + OSM +thewindpower.net,2016.0
-3.3528901,53.5016276,2016-12-01,GB,1.0,123.0,164.0,8000.0,8000.0,Vestas,Vestas,V164/8000,V164/8000,1.0,EMODnet + OSM +thewindpower.net,2016.0
-3.372717,53.5015766,2016-12-01,GB,1.0,123.0,164.0,8000.0,8000.0,Vestas,Vestas,V164/8000,V164/8000,1.0,EMODnet + OSM +thewindpower.net,2016.0
-3.3634473,53.4965221,2016-12-01,GB,1.0,123.0,164.0,8000.0,8000.0,Vestas,Vestas,V164/8000,V164/8000,1.0,EMODnet + OSM +thewindpower.net,2016.0
-3.3520318,53.4901393,2016-12-01,GB,1.0,123.0,164.0,8000.0,8000.0,Vestas,Vestas,V164/8000,V164/8000,1.0,EMODnet + OSM +thewindpower.net,2016.0
-3.3406163,53.484011,2016-12-01,GB,1.0,123.0,164.0,8000.0,8000.0,Vestas,Vestas,V164/8000,V164/8000,1.0,EMODnet + OSM +thewindpower.net,2016.0
-3.329115,53.4772177,2016-12-01,GB,1.0,123.0,164.0,8000.0,8000.0,Vestas,Vestas,V164/8000,V164/8000,1.0,EMODnet + OSM +thewindpower.net,2016.0
-3.3178712,53.4711897,2016-12-01,GB,1.0,123.0,164.0,8000.0,8000.0,Vestas,Vestas,V164/8000,V164/8000,1.0,EMODnet + OSM +thewindpower.net,2016.0
-3.3059407,53.4853389,2016-12-01,GB,1.0,123.0,164.0,8000.0,8000.0,Vestas,Vestas,V164/8000,V164/8000,1.0,EMODnet + OSM +thewindpower.net,2016.0
-3.290062,53.4935096,2016-12-01,GB,1.0,123.0,164.0,8000.0,8000.0,Vestas,Vestas,V164/8000,V164/8000,1.0,EMODnet + OSM +thewindpower.net,2016.0
-3.2866288,53.5018829,2016-12-01,GB,1.0,123.0,164.0,8000.0,8000.0,Vestas,Vestas,V164/8000,V164/8000,1.0,EMODnet + OSM +thewindpower.net,2016.0
-3.2694627,53.5015766,2016-12-01,GB,1.0,123.0,164.0,8000.0,8000.0,Vestas,Vestas,V164/8000,V164/8000,1.0,EMODnet + OSM +thewindpower.net,2016.0
-3.2522107,53.5018829,2016-12-01,GB,1.0,123.0,164.0,8000.0,8000.0,Vestas,Vestas,V164/8000,V164/8000,1.0,EMODnet + OSM +thewindpower.net,2016.0
-3.2656861,53.4915692,2016-12-01,GB,1.0,123.0,164.0,8000.0,8000.0,Vestas,Vestas,V164/8000,V164/8000,1.0,EMODnet + OSM +thewindpower.net,2016.0
-3.269806,53.4830406,2016-12-01,GB,1.0,123.0,164.0,8000.0,8000.0,Vestas,Vestas,V164/8000,V164/8000,1.0,EMODnet + OSM +thewindpower.net,2016.0
-3.2498074,53.4748168,2016-12-01,GB,1.0,123.0,164.0,8000.0,8000.0,Vestas,Vestas,V164/8000,V164/8000,1.0,EMODnet + OSM +thewindpower.net,2016.0
-3.2869721,53.4741527,2016-12-01,GB,1.0,123.0,164.0,8000.0,8000.0,Vestas,Vestas,V164/8000,V164/8000,1.0,EMODnet + OSM +thewindpower.net,2016.0
-3.3049966,53.4644454,2016-12-01,GB,1.0,123.0,164.0,8000.0,8000.0,Vestas,Vestas,V164/8000,V164/8000,1.0,EMODnet + OSM +thewindpower.net,2016.0
-3.2827664,53.4645987,2016-12-01,GB,1.0,123.0,164.0,8000.0,8000.0,Vestas,Vestas,V164/8000,V164/8000,1.0,EMODnet + OSM +thewindpower.net,2016.0
-3.2661153,53.4647009,2016-12-01,GB,1.0,123.0,164.0,8000.0,8000.0,Vestas,Vestas,V164/8000,V164/8000,1.0,EMODnet + OSM +thewindpower.net,2016.0
-3.2498933,53.4647009,2016-12-01,GB,1.0,123.0,164.0,8000.0,8000.0,Vestas,Vestas,V164/8000,V164/8000,1.0,EMODnet + OSM +thewindpower.net,2016.0
-3.2331563,53.4647009,2016-12-01,GB,1.0,123.0,164.0,8000.0,8000.0,Vestas,Vestas,V164/8000,V164/8000,1.0,EMODnet + OSM +thewindpower.net,2016.0
-3.2164193,53.464752,2016-12-01,GB,1.0,123.0,164.0,8000.0,8000.0,Vestas,Vestas,V164/8000,V164/8000,1.0,EMODnet + OSM +thewindpower.net,2016.0
-3.200884,53.4648542,2016-12-01,GB,1.0,123.0,164.0,8000.0,8000.0,Vestas,Vestas,V164/8000,V164/8000,1.0,EMODnet + OSM +thewindpower.net,2016.0
-3.1882668,53.4680731,2016-12-01,GB,1.0,123.0,164.0,8000.0,8000.0,Vestas,Vestas,V164/8000,V164/8000,1.0,EMODnet + OSM +thewindpower.net,2016.0
-3.2130719,53.4727734,2016-12-01,GB,1.0,123.0,164.0,8000.0,8000.0,Vestas,Vestas,V164/8000,V164/8000,1.0,EMODnet + OSM +thewindpower.net,2016.0
-3.2315255,53.4829895,2016-12-01,GB,1.0,123.0,164.0,8000.0,8000.0,Vestas,Vestas,V164/8000,V164/8000,1.0,EMODnet + OSM +thewindpower.net,2016.0
-3.2366753,53.4926926,2016-12-01,GB,1.0,123.0,164.0,8000.0,8000.0,Vestas,Vestas,V164/8000,V164/8000,1.0,EMODnet + OSM +thewindpower.net,2016.0
-3.2343579,53.5019339,2016-12-01,GB,1.0,123.0,164.0,8000.0,8000.0,Vestas,Vestas,V164/8000,V164/8000,1.0,EMODnet + OSM +thewindpower.net,2016.0
-3.1849194,53.4747146,2007-10-01,GB,1.0,84.0,107.0,3600.0,3600.0,Siemens,Siemens,SWT-3.6-107,SWT-3.6-107,1.0,EMODnet + OSM +thewindpower.net,2007.0
-3.1910993,53.478035,2007-10-01,GB,1.0,84.0,107.0,3600.0,3600.0,Siemens,Siemens,SWT-3.6-107,SWT-3.6-107,1.0,EMODnet + OSM +thewindpower.net,2007.0
-3.1972791,53.4816105,2007-10-01,GB,1.0,84.0,107.0,3600.0,3600.0,Siemens,Siemens,SWT-3.6-107,SWT-3.6-107,1.0,EMODnet + OSM +thewindpower.net,2007.0
-3.2034589,53.4847771,2007-10-01,GB,1.0,84.0,107.0,3600.0,3600.0,Siemens,Siemens,SWT-3.6-107,SWT-3.6-107,1.0,EMODnet + OSM +thewindpower.net,2007.0
-3.2098962,53.4881477,2007-10-01,GB,1.0,84.0,107.0,3600.0,3600.0,Siemens,Siemens,SWT-3.6-107,SWT-3.6-107,1.0,EMODnet + OSM +thewindpower.net,2007.0
-3.2162476,53.4915692,2007-10-01,GB,1.0,84.0,107.0,3600.0,3600.0,Siemens,Siemens,SWT-3.6-107,SWT-3.6-107,1.0,EMODnet + OSM +thewindpower.net,2007.0
-3.2220841,53.4949903,2007-10-01,GB,1.0,84.0,107.0,3600.0,3600.0,Siemens,Siemens,SWT-3.6-107,SWT-3.6-107,1.0,EMODnet + OSM +thewindpower.net,2007.0
-3.1754781,53.4782393,2007-10-01,GB,1.0,84.0,107.0,3600.0,3600.0,Siemens,Siemens,SWT-3.6-107,SWT-3.6-107,1.0,EMODnet + OSM +thewindpower.net,2007.0
-3.181572,53.4815594,2007-10-01,GB,1.0,84.0,107.0,3600.0,3600.0,Siemens,Siemens,SWT-3.6-107,SWT-3.6-107,1.0,EMODnet + OSM +thewindpower.net,2007.0
-3.1878377,53.4851857,2007-10-01,GB,1.0,84.0,107.0,3600.0,3600.0,Siemens,Siemens,SWT-3.6-107,SWT-3.6-107,1.0,EMODnet + OSM +thewindpower.net,2007.0
-3.1939317,53.488352,2007-10-01,GB,1.0,84.0,107.0,3600.0,3600.0,Siemens,Siemens,SWT-3.6-107,SWT-3.6-107,1.0,EMODnet + OSM +thewindpower.net,2007.0
-3.1997682,53.4917224,2007-10-01,GB,1.0,84.0,107.0,3600.0,3600.0,Siemens,Siemens,SWT-3.6-107,SWT-3.6-107,1.0,EMODnet + OSM +thewindpower.net,2007.0
-3.2062055,53.4951435,2007-10-01,GB,1.0,84.0,107.0,3600.0,3600.0,Siemens,Siemens,SWT-3.6-107,SWT-3.6-107,1.0,EMODnet + OSM +thewindpower.net,2007.0
-3.2125569,53.4984623,2007-10-01,GB,1.0,84.0,107.0,3600.0,3600.0,Siemens,Siemens,SWT-3.6-107,SWT-3.6-107,1.0,EMODnet + OSM +thewindpower.net,2007.0
-3.1499864,53.4820191,2007-10-01,GB,1.0,84.0,107.0,3600.0,3600.0,Siemens,Siemens,SWT-3.6-107,SWT-3.6-107,1.0,EMODnet + OSM +thewindpower.net,2007.0
-3.1558228,53.4853389,2007-10-01,GB,1.0,84.0,107.0,3600.0,3600.0,Siemens,Siemens,SWT-3.6-107,SWT-3.6-107,1.0,EMODnet + OSM +thewindpower.net,2007.0
-3.1593419,53.4784436,2007-10-01,GB,1.0,84.0,107.0,3600.0,3600.0,Siemens,Siemens,SWT-3.6-107,SWT-3.6-107,1.0,EMODnet + OSM +thewindpower.net,2007.0
-3.1656934,53.4818659,2007-10-01,GB,1.0,84.0,107.0,3600.0,3600.0,Siemens,Siemens,SWT-3.6-107,SWT-3.6-107,1.0,EMODnet + OSM +thewindpower.net,2007.0
-3.171959,53.4851346,2007-10-01,GB,1.0,84.0,107.0,3600.0,3600.0,Siemens,Siemens,SWT-3.6-107,SWT-3.6-107,1.0,EMODnet + OSM +thewindpower.net,2007.0
-3.1779672,53.4885563,2007-10-01,GB,1.0,84.0,107.0,3600.0,3600.0,Siemens,Siemens,SWT-3.6-107,SWT-3.6-107,1.0,EMODnet + OSM +thewindpower.net,2007.0
-3.1842328,53.4918755,2007-10-01,GB,1.0,84.0,107.0,3600.0,3600.0,Siemens,Siemens,SWT-3.6-107,SWT-3.6-107,1.0,EMODnet + OSM +thewindpower.net,2007.0
-3.1903268,53.4953477,2007-10-01,GB,1.0,84.0,107.0,3600.0,3600.0,Siemens,Siemens,SWT-3.6-107,SWT-3.6-107,1.0,EMODnet + OSM +thewindpower.net,2007.0
-3.1966782,53.4989218,2007-10-01,GB,1.0,84.0,107.0,3600.0,3600.0,Siemens,Siemens,SWT-3.6-107,SWT-3.6-107,1.0,EMODnet + OSM +thewindpower.net,2007.0
-3.2027722,53.5020871,2007-10-01,GB,1.0,84.0,107.0,3600.0,3600.0,Siemens,Siemens,SWT-3.6-107,SWT-3.6-107,1.0,EMODnet + OSM +thewindpower.net,2007.0
-3.2187367,53.502036,2007-10-01,GB,1.0,84.0,107.0,3600.0,3600.0,Siemens,Siemens,SWT-3.6-107,SWT-3.6-107,1.0,EMODnet + OSM +thewindpower.net,2007.0
-3.4721947,53.4138805,2003-12-01,GB,1.0,67.0,80.0,2000.0,2000.0,Vestas Wind Systems A/S,Vestas Wind Systems A/S,V80/2000,V80/2000,1.0,EMODnet + OSM +thewindpower.net,2003.0
-3.4515953,53.4258753,2003-12-01,GB,1.0,67.0,80.0,2000.0,2000.0,Vestas Wind Systems A/S,Vestas Wind Systems A/S,V80/2000,V80/2000,1.0,EMODnet + OSM +thewindpower.net,2003.0
-3.4463168,53.4104016,2003-12-01,GB,1.0,67.0,80.0,2000.0,2000.0,Vestas Wind Systems A/S,Vestas Wind Systems A/S,V80/2000,V80/2000,1.0,EMODnet + OSM +thewindpower.net,2003.0
-3.4278632,53.4286369,2003-12-01,GB,1.0,67.0,80.0,2000.0,2000.0,Vestas Wind Systems A/S,Vestas Wind Systems A/S,V80/2000,V80/2000,1.0,EMODnet + OSM +thewindpower.net,2003.0
-3.4248591,53.4193029,2003-12-01,GB,1.0,67.0,80.0,2000.0,2000.0,Vestas Wind Systems A/S,Vestas Wind Systems A/S,V80/2000,V80/2000,1.0,EMODnet + OSM +thewindpower.net,2003.0
-3.4228421,53.4131387,2003-12-01,GB,1.0,67.0,80.0,2000.0,2000.0,Vestas Wind Systems A/S,Vestas Wind Systems A/S,V80/2000,V80/2000,1.0,EMODnet + OSM +thewindpower.net,2003.0
-3.4701777,53.40769,2003-12-01,GB,1.0,67.0,80.0,2000.0,2000.0,Vestas Wind Systems A/S,Vestas Wind Systems A/S,V80/2000,V80/2000,1.0,EMODnet + OSM +thewindpower.net,2003.0
-3.4751559,53.4229345,2003-12-01,GB,1.0,67.0,80.0,2000.0,2000.0,Vestas Wind Systems A/S,Vestas Wind Systems A/S,V80/2000,V80/2000,1.0,EMODnet + OSM +thewindpower.net,2003.0
-3.4242154,53.4159268,2003-12-01,GB,1.0,67.0,80.0,2000.0,2000.0,Vestas Wind Systems A/S,Vestas Wind Systems A/S,V80/2000,V80/2000,1.0,EMODnet + OSM +thewindpower.net,2003.0
-3.4258462,53.4221673,2003-12-01,GB,1.0,67.0,80.0,2000.0,2000.0,Vestas Wind Systems A/S,Vestas Wind Systems A/S,V80/2000,V80/2000,1.0,EMODnet + OSM +thewindpower.net,2003.0
-3.4267903,53.4255429,2003-12-01,GB,1.0,67.0,80.0,2000.0,2000.0,Vestas Wind Systems A/S,Vestas Wind Systems A/S,V80/2000,V80/2000,1.0,EMODnet + OSM +thewindpower.net,2003.0
-3.4395791,53.4271283,2003-12-01,GB,1.0,67.0,80.0,2000.0,2000.0,Vestas Wind Systems A/S,Vestas Wind Systems A/S,V80/2000,V80/2000,1.0,EMODnet + OSM +thewindpower.net,2003.0
-3.4384633,53.4242131,2003-12-01,GB,1.0,67.0,80.0,2000.0,2000.0,Vestas Wind Systems A/S,Vestas Wind Systems A/S,V80/2000,V80/2000,1.0,EMODnet + OSM +thewindpower.net,2003.0
-3.437605,53.4214,2003-12-01,GB,1.0,67.0,80.0,2000.0,2000.0,Vestas Wind Systems A/S,Vestas Wind Systems A/S,V80/2000,V80/2000,1.0,EMODnet + OSM +thewindpower.net,2003.0
-3.4364892,53.4180753,2003-12-01,GB,1.0,67.0,80.0,2000.0,2000.0,Vestas Wind Systems A/S,Vestas Wind Systems A/S,V80/2000,V80/2000,1.0,EMODnet + OSM +thewindpower.net,2003.0
-3.4356309,53.4147502,2003-12-01,GB,1.0,67.0,80.0,2000.0,2000.0,Vestas Wind Systems A/S,Vestas Wind Systems A/S,V80/2000,V80/2000,1.0,EMODnet + OSM +thewindpower.net,2003.0
-3.4347726,53.4119365,2003-12-01,GB,1.0,67.0,80.0,2000.0,2000.0,Vestas Wind Systems A/S,Vestas Wind Systems A/S,V80/2000,V80/2000,1.0,EMODnet + OSM +thewindpower.net,2003.0
-3.4473897,53.4134713,2003-12-01,GB,1.0,67.0,80.0,2000.0,2000.0,Vestas Wind Systems A/S,Vestas Wind Systems A/S,V80/2000,V80/2000,1.0,EMODnet + OSM +thewindpower.net,2003.0
-3.4485055,53.4165406,2003-12-01,GB,1.0,67.0,80.0,2000.0,2000.0,Vestas Wind Systems A/S,Vestas Wind Systems A/S,V80/2000,V80/2000,1.0,EMODnet + OSM +thewindpower.net,2003.0
-3.4491063,53.419661,2003-12-01,GB,1.0,67.0,80.0,2000.0,2000.0,Vestas Wind Systems A/S,Vestas Wind Systems A/S,V80/2000,V80/2000,1.0,EMODnet + OSM +thewindpower.net,2003.0
-3.4502221,53.4226276,2003-12-01,GB,1.0,67.0,80.0,2000.0,2000.0,Vestas Wind Systems A/S,Vestas Wind Systems A/S,V80/2000,V80/2000,1.0,EMODnet + OSM +thewindpower.net,2003.0
-3.4625817,53.4241108,2003-12-01,GB,1.0,67.0,80.0,2000.0,2000.0,Vestas Wind Systems A/S,Vestas Wind Systems A/S,V80/2000,V80/2000,1.0,EMODnet + OSM +thewindpower.net,2003.0
-3.4622384,53.4213489,2003-12-01,GB,1.0,67.0,80.0,2000.0,2000.0,Vestas Wind Systems A/S,Vestas Wind Systems A/S,V80/2000,V80/2000,1.0,EMODnet + OSM +thewindpower.net,2003.0
-3.4612084,53.4182287,2003-12-01,GB,1.0,67.0,80.0,2000.0,2000.0,Vestas Wind Systems A/S,Vestas Wind Systems A/S,V80/2000,V80/2000,1.0,EMODnet + OSM +thewindpower.net,2003.0
-3.4603501,53.4152106,2003-12-01,GB,1.0,67.0,80.0,2000.0,2000.0,Vestas Wind Systems A/S,Vestas Wind Systems A/S,V80/2000,V80/2000,1.0,EMODnet + OSM +thewindpower.net,2003.0
-3.458376,53.4089179,2003-12-01,GB,1.0,67.0,80.0,2000.0,2000.0,Vestas Wind Systems A/S,Vestas Wind Systems A/S,V80/2000,V80/2000,1.0,EMODnet + OSM +thewindpower.net,2003.0
-3.4595776,53.4119365,2003-12-01,GB,1.0,67.0,80.0,2000.0,2000.0,Vestas Wind Systems A/S,Vestas Wind Systems A/S,V80/2000,V80/2000,1.0,EMODnet + OSM +thewindpower.net,2003.0
-3.4709931,53.4106575,2003-12-01,GB,1.0,67.0,80.0,2000.0,2000.0,Vestas Wind Systems A/S,Vestas Wind Systems A/S,V80/2000,V80/2000,1.0,EMODnet + OSM +thewindpower.net,2003.0
-3.4731389,53.4167453,2003-12-01,GB,1.0,67.0,80.0,2000.0,2000.0,Vestas Wind Systems A/S,Vestas Wind Systems A/S,V80/2000,V80/2000,1.0,EMODnet + OSM +thewindpower.net,2003.0
-3.4739972,53.4197633,2003-12-01,GB,1.0,67.0,80.0,2000.0,2000.0,Vestas Wind Systems A/S,Vestas Wind Systems A/S,V80/2000,V80/2000,1.0,EMODnet + OSM +thewindpower.net,2003.0
-3.6404229,53.3686843,2009-12-01,GB,1.0,75.0,107.0,3600.0,3600.0,Siemens,Siemens,SWT-3.6-107,SWT-3.6-107,1.0,EMODnet + OSM +thewindpower.net,2009.0
-3.6108113,53.3817414,2009-12-01,GB,1.0,75.0,107.0,3600.0,3600.0,Siemens,Siemens,SWT-3.6-107,SWT-3.6-107,1.0,EMODnet + OSM +thewindpower.net,2009.0
-3.6163045,53.3731907,2009-12-01,GB,1.0,75.0,107.0,3600.0,3600.0,Siemens,Siemens,SWT-3.6-107,SWT-3.6-107,1.0,EMODnet + OSM +thewindpower.net,2009.0
-3.6536409,53.3915188,2009-12-01,GB,1.0,75.0,107.0,3600.0,3600.0,Siemens,Siemens,SWT-3.6-107,SWT-3.6-107,1.0,EMODnet + OSM +thewindpower.net,2009.0
-3.6915781,53.3802567,2009-12-01,GB,1.0,75.0,107.0,3600.0,3600.0,Siemens,Siemens,SWT-3.6-107,SWT-3.6-107,1.0,EMODnet + OSM +thewindpower.net,2009.0
-3.6865999,53.3891642,2009-12-01,GB,1.0,75.0,107.0,3600.0,3600.0,Siemens,Siemens,SWT-3.6-107,SWT-3.6-107,1.0,EMODnet + OSM +thewindpower.net,2009.0
-3.6251451,53.3849667,2009-12-01,GB,1.0,75.0,107.0,3600.0,3600.0,Siemens,Siemens,SWT-3.6-107,SWT-3.6-107,1.0,EMODnet + OSM +thewindpower.net,2009.0
-3.6325266,53.3865024,2009-12-01,GB,1.0,75.0,107.0,3600.0,3600.0,Siemens,Siemens,SWT-3.6-107,SWT-3.6-107,1.0,EMODnet + OSM +thewindpower.net,2009.0
-3.639393,53.3880381,2009-12-01,GB,1.0,75.0,107.0,3600.0,3600.0,Siemens,Siemens,SWT-3.6-107,SWT-3.6-107,1.0,EMODnet + OSM +thewindpower.net,2009.0
-3.6469461,53.389369,2009-12-01,GB,1.0,75.0,107.0,3600.0,3600.0,Siemens,Siemens,SWT-3.6-107,SWT-3.6-107,1.0,EMODnet + OSM +thewindpower.net,2009.0
-3.6232569,53.3746245,2009-12-01,GB,1.0,75.0,107.0,3600.0,3600.0,Siemens,Siemens,SWT-3.6-107,SWT-3.6-107,1.0,EMODnet + OSM +thewindpower.net,2009.0
-3.6301233,53.3762631,2009-12-01,GB,1.0,75.0,107.0,3600.0,3600.0,Siemens,Siemens,SWT-3.6-107,SWT-3.6-107,1.0,EMODnet + OSM +thewindpower.net,2009.0
-3.6375047,53.3775943,2009-12-01,GB,1.0,75.0,107.0,3600.0,3600.0,Siemens,Siemens,SWT-3.6-107,SWT-3.6-107,1.0,EMODnet + OSM +thewindpower.net,2009.0
-3.6448862,53.3795399,2009-12-01,GB,1.0,75.0,107.0,3600.0,3600.0,Siemens,Siemens,SWT-3.6-107,SWT-3.6-107,1.0,EMODnet + OSM +thewindpower.net,2009.0
-3.6514093,53.3808711,2009-12-01,GB,1.0,75.0,107.0,3600.0,3600.0,Siemens,Siemens,SWT-3.6-107,SWT-3.6-107,1.0,EMODnet + OSM +thewindpower.net,2009.0
-3.6460878,53.3700158,2009-12-01,GB,1.0,75.0,107.0,3600.0,3600.0,Siemens,Siemens,SWT-3.6-107,SWT-3.6-107,1.0,EMODnet + OSM +thewindpower.net,2009.0
-3.6536409,53.3713473,2009-12-01,GB,1.0,75.0,107.0,3600.0,3600.0,Siemens,Siemens,SWT-3.6-107,SWT-3.6-107,1.0,EMODnet + OSM +thewindpower.net,2009.0
-3.6596491,53.3729859,2009-12-01,GB,1.0,75.0,107.0,3600.0,3600.0,Siemens,Siemens,SWT-3.6-107,SWT-3.6-107,1.0,EMODnet + OSM +thewindpower.net,2009.0
-3.6660005,53.3743173,2009-12-01,GB,1.0,75.0,107.0,3600.0,3600.0,Siemens,Siemens,SWT-3.6-107,SWT-3.6-107,1.0,EMODnet + OSM +thewindpower.net,2009.0
-3.6716654,53.3756486,2009-12-01,GB,1.0,75.0,107.0,3600.0,3600.0,Siemens,Siemens,SWT-3.6-107,SWT-3.6-107,1.0,EMODnet + OSM +thewindpower.net,2009.0
-3.6788751,53.3772871,2009-12-01,GB,1.0,75.0,107.0,3600.0,3600.0,Siemens,Siemens,SWT-3.6-107,SWT-3.6-107,1.0,EMODnet + OSM +thewindpower.net,2009.0
-3.685055,53.3788231,2009-12-01,GB,1.0,75.0,107.0,3600.0,3600.0,Siemens,Siemens,SWT-3.6-107,SWT-3.6-107,1.0,EMODnet + OSM +thewindpower.net,2009.0
-3.6656572,53.38425,2009-12-01,GB,1.0,75.0,107.0,3600.0,3600.0,Siemens,Siemens,SWT-3.6-107,SWT-3.6-107,1.0,EMODnet + OSM +thewindpower.net,2009.0
-3.6725237,53.3859905,2009-12-01,GB,1.0,75.0,107.0,3600.0,3600.0,Siemens,Siemens,SWT-3.6-107,SWT-3.6-107,1.0,EMODnet + OSM +thewindpower.net,2009.0
-3.6799051,53.3875262,2009-12-01,GB,1.0,75.0,107.0,3600.0,3600.0,Siemens,Siemens,SWT-3.6-107,SWT-3.6-107,1.0,EMODnet + OSM +thewindpower.net,2009.0
-3.5170842,53.4851857,2014-11-01,GB,1.0,98.0,107.0,3600.0,3600.0,Siemens,Siemens,SWT-3.6-107,SWT-3.6-107,1.0,EMODnet + OSM +thewindpower.net,2014.0
-3.4890176,53.4687373,2014-11-01,GB,1.0,98.0,107.0,3600.0,3600.0,Siemens,Siemens,SWT-3.6-107,SWT-3.6-107,1.0,EMODnet + OSM +thewindpower.net,2014.0
-3.4618092,53.4519759,2014-11-01,GB,1.0,98.0,107.0,3600.0,3600.0,Siemens,Siemens,SWT-3.6-107,SWT-3.6-107,1.0,EMODnet + OSM +thewindpower.net,2014.0
-3.4996606,53.4463533,2014-11-01,GB,1.0,98.0,107.0,3600.0,3600.0,Siemens,Siemens,SWT-3.6-107,SWT-3.6-107,1.0,EMODnet + OSM +thewindpower.net,2014.0
-3.5101319,53.4461488,2014-11-01,GB,1.0,98.0,107.0,3600.0,3600.0,Siemens,Siemens,SWT-3.6-107,SWT-3.6-107,1.0,EMODnet + OSM +thewindpower.net,2014.0
-3.5478974,53.4404742,2014-11-01,GB,1.0,98.0,107.0,3600.0,3600.0,Siemens,Siemens,SWT-3.6-107,SWT-3.6-107,1.0,EMODnet + OSM +thewindpower.net,2014.0
-3.5592271,53.4405765,2014-11-01,GB,1.0,98.0,107.0,3600.0,3600.0,Siemens,Siemens,SWT-3.6-107,SWT-3.6-107,1.0,EMODnet + OSM +thewindpower.net,2014.0
-3.5644627,53.4346966,2014-11-01,GB,1.0,98.0,107.0,3600.0,3600.0,Siemens,Siemens,SWT-3.6-107,SWT-3.6-107,1.0,EMODnet + OSM +thewindpower.net,2014.0
-3.6156178,53.4181264,2014-11-01,GB,1.0,98.0,107.0,3600.0,3600.0,Siemens,Siemens,SWT-3.6-107,SWT-3.6-107,1.0,EMODnet + OSM +thewindpower.net,2014.0
-3.6532117,53.434083,2014-11-01,GB,1.0,98.0,107.0,3600.0,3600.0,Siemens,Siemens,SWT-3.6-107,SWT-3.6-107,1.0,EMODnet + OSM +thewindpower.net,2014.0
-3.6757852,53.4675622,2014-11-01,GB,1.0,98.0,107.0,3600.0,3600.0,Siemens,Siemens,SWT-3.6-107,SWT-3.6-107,1.0,EMODnet + OSM +thewindpower.net,2014.0
-3.5324479,53.4908032,2014-11-01,GB,1.0,98.0,107.0,3600.0,3600.0,Siemens,Siemens,SWT-3.6-107,SWT-3.6-107,1.0,EMODnet + OSM +thewindpower.net,2014.0
-3.5647202,53.4907011,2014-11-01,GB,1.0,98.0,107.0,3600.0,3600.0,Siemens,Siemens,SWT-3.6-107,SWT-3.6-107,1.0,EMODnet + OSM +thewindpower.net,2014.0
-3.5893536,53.4903436,2014-11-01,GB,1.0,98.0,107.0,3600.0,3600.0,Siemens,Siemens,SWT-3.6-107,SWT-3.6-107,1.0,EMODnet + OSM +thewindpower.net,2014.0
-3.6112405,53.4899861,2014-11-01,GB,1.0,98.0,107.0,3600.0,3600.0,Siemens,Siemens,SWT-3.6-107,SWT-3.6-107,1.0,EMODnet + OSM +thewindpower.net,2014.0
-3.6326981,53.4792609,2014-11-01,GB,1.0,98.0,107.0,3600.0,3600.0,Siemens,Siemens,SWT-3.6-107,SWT-3.6-107,1.0,EMODnet + OSM +thewindpower.net,2014.0
-3.5211182,53.4458932,2014-11-01,GB,1.0,98.0,107.0,3600.0,3600.0,Siemens,Siemens,SWT-3.6-107,SWT-3.6-107,1.0,EMODnet + OSM +thewindpower.net,2014.0
-3.5319329,53.4458932,2014-11-01,GB,1.0,98.0,107.0,3600.0,3600.0,Siemens,Siemens,SWT-3.6-107,SWT-3.6-107,1.0,EMODnet + OSM +thewindpower.net,2014.0
-3.5429192,53.4458932,2014-11-01,GB,1.0,98.0,107.0,3600.0,3600.0,Siemens,Siemens,SWT-3.6-107,SWT-3.6-107,1.0,EMODnet + OSM +thewindpower.net,2014.0
-3.5534764,53.4459443,2014-11-01,GB,1.0,98.0,107.0,3600.0,3600.0,Siemens,Siemens,SWT-3.6-107,SWT-3.6-107,1.0,EMODnet + OSM +thewindpower.net,2014.0
-3.5645486,53.4454842,2014-11-01,GB,1.0,98.0,107.0,3600.0,3600.0,Siemens,Siemens,SWT-3.6-107,SWT-3.6-107,1.0,EMODnet + OSM +thewindpower.net,2014.0
-3.4722806,53.4519759,2014-11-01,GB,1.0,98.0,107.0,3600.0,3600.0,Siemens,Siemens,SWT-3.6-107,SWT-3.6-107,1.0,EMODnet + OSM +thewindpower.net,2014.0
-3.4839536,53.4521804,2014-11-01,GB,1.0,98.0,107.0,3600.0,3600.0,Siemens,Siemens,SWT-3.6-107,SWT-3.6-107,1.0,EMODnet + OSM +thewindpower.net,2014.0
-3.4951116,53.4520271,2014-11-01,GB,1.0,98.0,107.0,3600.0,3600.0,Siemens,Siemens,SWT-3.6-107,SWT-3.6-107,1.0,EMODnet + OSM +thewindpower.net,2014.0
-3.5046388,53.4519248,2014-11-01,GB,1.0,98.0,107.0,3600.0,3600.0,Siemens,Siemens,SWT-3.6-107,SWT-3.6-107,1.0,EMODnet + OSM +thewindpower.net,2014.0
-3.5157967,53.4517204,2014-11-01,GB,1.0,98.0,107.0,3600.0,3600.0,Siemens,Siemens,SWT-3.6-107,SWT-3.6-107,1.0,EMODnet + OSM +thewindpower.net,2014.0
-3.5270406,53.4516693,2014-11-01,GB,1.0,98.0,107.0,3600.0,3600.0,Siemens,Siemens,SWT-3.6-107,SWT-3.6-107,1.0,EMODnet + OSM +thewindpower.net,2014.0
-3.5375977,53.4517715,2014-11-01,GB,1.0,98.0,107.0,3600.0,3600.0,Siemens,Siemens,SWT-3.6-107,SWT-3.6-107,1.0,EMODnet + OSM +thewindpower.net,2014.0
-3.5482407,53.4517715,2014-11-01,GB,1.0,98.0,107.0,3600.0,3600.0,Siemens,Siemens,SWT-3.6-107,SWT-3.6-107,1.0,EMODnet + OSM +thewindpower.net,2014.0
-3.5583688,53.4513115,2014-11-01,GB,1.0,98.0,107.0,3600.0,3600.0,Siemens,Siemens,SWT-3.6-107,SWT-3.6-107,1.0,EMODnet + OSM +thewindpower.net,2014.0
-3.5703851,53.4517715,2014-11-01,GB,1.0,98.0,107.0,3600.0,3600.0,Siemens,Siemens,SWT-3.6-107,SWT-3.6-107,1.0,EMODnet + OSM +thewindpower.net,2014.0
-3.4782887,53.4575468,2014-11-01,GB,1.0,98.0,107.0,3600.0,3600.0,Siemens,Siemens,SWT-3.6-107,SWT-3.6-107,1.0,EMODnet + OSM +thewindpower.net,2014.0
-3.4890176,53.4575468,2014-11-01,GB,1.0,98.0,107.0,3600.0,3600.0,Siemens,Siemens,SWT-3.6-107,SWT-3.6-107,1.0,EMODnet + OSM +thewindpower.net,2014.0
-3.4995747,53.4573423,2014-11-01,GB,1.0,98.0,107.0,3600.0,3600.0,Siemens,Siemens,SWT-3.6-107,SWT-3.6-107,1.0,EMODnet + OSM +thewindpower.net,2014.0
-3.5103894,53.4573935,2014-11-01,GB,1.0,98.0,107.0,3600.0,3600.0,Siemens,Siemens,SWT-3.6-107,SWT-3.6-107,1.0,EMODnet + OSM +thewindpower.net,2014.0
-3.5212899,53.4572912,2014-11-01,GB,1.0,98.0,107.0,3600.0,3600.0,Siemens,Siemens,SWT-3.6-107,SWT-3.6-107,1.0,EMODnet + OSM +thewindpower.net,2014.0
-3.5324479,53.4572401,2014-11-01,GB,1.0,98.0,107.0,3600.0,3600.0,Siemens,Siemens,SWT-3.6-107,SWT-3.6-107,1.0,EMODnet + OSM +thewindpower.net,2014.0
-3.5437776,53.4572401,2014-11-01,GB,1.0,98.0,107.0,3600.0,3600.0,Siemens,Siemens,SWT-3.6-107,SWT-3.6-107,1.0,EMODnet + OSM +thewindpower.net,2014.0
-3.5539914,53.4572401,2014-11-01,GB,1.0,98.0,107.0,3600.0,3600.0,Siemens,Siemens,SWT-3.6-107,SWT-3.6-107,1.0,EMODnet + OSM +thewindpower.net,2014.0
-3.5649777,53.4573935,2014-11-01,GB,1.0,98.0,107.0,3600.0,3600.0,Siemens,Siemens,SWT-3.6-107,SWT-3.6-107,1.0,EMODnet + OSM +thewindpower.net,2014.0
-3.4836102,53.4632702,2014-11-01,GB,1.0,98.0,107.0,3600.0,3600.0,Siemens,Siemens,SWT-3.6-107,SWT-3.6-107,1.0,EMODnet + OSM +thewindpower.net,2014.0
-3.4939099,53.463168,2014-11-01,GB,1.0,98.0,107.0,3600.0,3600.0,Siemens,Siemens,SWT-3.6-107,SWT-3.6-107,1.0,EMODnet + OSM +thewindpower.net,2014.0
-3.5051537,53.463168,2014-11-01,GB,1.0,98.0,107.0,3600.0,3600.0,Siemens,Siemens,SWT-3.6-107,SWT-3.6-107,1.0,EMODnet + OSM +thewindpower.net,2014.0
-3.5165692,53.4630147,2014-11-01,GB,1.0,98.0,107.0,3600.0,3600.0,Siemens,Siemens,SWT-3.6-107,SWT-3.6-107,1.0,EMODnet + OSM +thewindpower.net,2014.0
-3.5268689,53.4629125,2014-11-01,GB,1.0,98.0,107.0,3600.0,3600.0,Siemens,Siemens,SWT-3.6-107,SWT-3.6-107,1.0,EMODnet + OSM +thewindpower.net,2014.0
-3.5378552,53.4628103,2014-11-01,GB,1.0,98.0,107.0,3600.0,3600.0,Siemens,Siemens,SWT-3.6-107,SWT-3.6-107,1.0,EMODnet + OSM +thewindpower.net,2014.0
-3.5488416,53.462657,2014-11-01,GB,1.0,98.0,107.0,3600.0,3600.0,Siemens,Siemens,SWT-3.6-107,SWT-3.6-107,1.0,EMODnet + OSM +thewindpower.net,2014.0
-3.5593987,53.4627592,2014-11-01,GB,1.0,98.0,107.0,3600.0,3600.0,Siemens,Siemens,SWT-3.6-107,SWT-3.6-107,1.0,EMODnet + OSM +thewindpower.net,2014.0
-3.5701276,53.462657,2014-11-01,GB,1.0,98.0,107.0,3600.0,3600.0,Siemens,Siemens,SWT-3.6-107,SWT-3.6-107,1.0,EMODnet + OSM +thewindpower.net,2014.0
-3.4999181,53.468533,2014-11-01,GB,1.0,98.0,107.0,3600.0,3600.0,Siemens,Siemens,SWT-3.6-107,SWT-3.6-107,1.0,EMODnet + OSM +thewindpower.net,2014.0
-3.5105611,53.4688395,2014-11-01,GB,1.0,98.0,107.0,3600.0,3600.0,Siemens,Siemens,SWT-3.6-107,SWT-3.6-107,1.0,EMODnet + OSM +thewindpower.net,2014.0
-3.5213757,53.4686351,2014-11-01,GB,1.0,98.0,107.0,3600.0,3600.0,Siemens,Siemens,SWT-3.6-107,SWT-3.6-107,1.0,EMODnet + OSM +thewindpower.net,2014.0
-3.5321904,53.4683797,2014-11-01,GB,1.0,98.0,107.0,3600.0,3600.0,Siemens,Siemens,SWT-3.6-107,SWT-3.6-107,1.0,EMODnet + OSM +thewindpower.net,2014.0
-3.5430909,53.4683286,2014-11-01,GB,1.0,98.0,107.0,3600.0,3600.0,Siemens,Siemens,SWT-3.6-107,SWT-3.6-107,1.0,EMODnet + OSM +thewindpower.net,2014.0
-3.5535623,53.4684819,2014-11-01,GB,1.0,98.0,107.0,3600.0,3600.0,Siemens,Siemens,SWT-3.6-107,SWT-3.6-107,1.0,EMODnet + OSM +thewindpower.net,2014.0
-3.5648061,53.4681242,2014-11-01,GB,1.0,98.0,107.0,3600.0,3600.0,Siemens,Siemens,SWT-3.6-107,SWT-3.6-107,1.0,EMODnet + OSM +thewindpower.net,2014.0
-3.5054971,53.474306,2014-11-01,GB,1.0,98.0,107.0,3600.0,3600.0,Siemens,Siemens,SWT-3.6-107,SWT-3.6-107,1.0,EMODnet + OSM +thewindpower.net,2014.0
-3.5159684,53.4742549,2014-11-01,GB,1.0,98.0,107.0,3600.0,3600.0,Siemens,Siemens,SWT-3.6-107,SWT-3.6-107,1.0,EMODnet + OSM +thewindpower.net,2014.0
-3.5271264,53.4742549,2014-11-01,GB,1.0,98.0,107.0,3600.0,3600.0,Siemens,Siemens,SWT-3.6-107,SWT-3.6-107,1.0,EMODnet + OSM +thewindpower.net,2014.0
-3.5381127,53.4739484,2014-11-01,GB,1.0,98.0,107.0,3600.0,3600.0,Siemens,Siemens,SWT-3.6-107,SWT-3.6-107,1.0,EMODnet + OSM +thewindpower.net,2014.0
-3.5487557,53.4739994,2014-11-01,GB,1.0,98.0,107.0,3600.0,3600.0,Siemens,Siemens,SWT-3.6-107,SWT-3.6-107,1.0,EMODnet + OSM +thewindpower.net,2014.0
-3.5603429,53.4739994,2014-11-01,GB,1.0,98.0,107.0,3600.0,3600.0,Siemens,Siemens,SWT-3.6-107,SWT-3.6-107,1.0,EMODnet + OSM +thewindpower.net,2014.0
-3.5703851,53.4738462,2014-11-01,GB,1.0,98.0,107.0,3600.0,3600.0,Siemens,Siemens,SWT-3.6-107,SWT-3.6-107,1.0,EMODnet + OSM +thewindpower.net,2014.0
-3.5116769,53.4797717,2014-11-01,GB,1.0,98.0,107.0,3600.0,3600.0,Siemens,Siemens,SWT-3.6-107,SWT-3.6-107,1.0,EMODnet + OSM +thewindpower.net,2014.0
-3.5212899,53.4797717,2014-11-01,GB,1.0,98.0,107.0,3600.0,3600.0,Siemens,Siemens,SWT-3.6-107,SWT-3.6-107,1.0,EMODnet + OSM +thewindpower.net,2014.0
-3.5325337,53.4797206,2014-11-01,GB,1.0,98.0,107.0,3600.0,3600.0,Siemens,Siemens,SWT-3.6-107,SWT-3.6-107,1.0,EMODnet + OSM +thewindpower.net,2014.0
-3.5427476,53.4794652,2014-11-01,GB,1.0,98.0,107.0,3600.0,3600.0,Siemens,Siemens,SWT-3.6-107,SWT-3.6-107,1.0,EMODnet + OSM +thewindpower.net,2014.0
-3.5545064,53.4793631,2014-11-01,GB,1.0,98.0,107.0,3600.0,3600.0,Siemens,Siemens,SWT-3.6-107,SWT-3.6-107,1.0,EMODnet + OSM +thewindpower.net,2014.0
-3.5650636,53.4791587,2014-11-01,GB,1.0,98.0,107.0,3600.0,3600.0,Siemens,Siemens,SWT-3.6-107,SWT-3.6-107,1.0,EMODnet + OSM +thewindpower.net,2014.0
-3.5270406,53.4852878,2014-11-01,GB,1.0,98.0,107.0,3600.0,3600.0,Siemens,Siemens,SWT-3.6-107,SWT-3.6-107,1.0,EMODnet + OSM +thewindpower.net,2014.0
-3.5378552,53.4851857,2014-11-01,GB,1.0,98.0,107.0,3600.0,3600.0,Siemens,Siemens,SWT-3.6-107,SWT-3.6-107,1.0,EMODnet + OSM +thewindpower.net,2014.0
-3.5492707,53.4852367,2014-11-01,GB,1.0,98.0,107.0,3600.0,3600.0,Siemens,Siemens,SWT-3.6-107,SWT-3.6-107,1.0,EMODnet + OSM +thewindpower.net,2014.0
-3.5593129,53.4847771,2014-11-01,GB,1.0,98.0,107.0,3600.0,3600.0,Siemens,Siemens,SWT-3.6-107,SWT-3.6-107,1.0,EMODnet + OSM +thewindpower.net,2014.0
-3.5701276,53.484726,2014-11-01,GB,1.0,98.0,107.0,3600.0,3600.0,Siemens,Siemens,SWT-3.6-107,SWT-3.6-107,1.0,EMODnet + OSM +thewindpower.net,2014.0
-3.5431767,53.4907011,2014-11-01,GB,1.0,98.0,107.0,3600.0,3600.0,Siemens,Siemens,SWT-3.6-107,SWT-3.6-107,1.0,EMODnet + OSM +thewindpower.net,2014.0
-3.554678,53.4907521,2014-11-01,GB,1.0,98.0,107.0,3600.0,3600.0,Siemens,Siemens,SWT-3.6-107,SWT-3.6-107,1.0,EMODnet + OSM +thewindpower.net,2014.0
-3.6001683,53.4900372,2014-11-01,GB,1.0,98.0,107.0,3600.0,3600.0,Siemens,Siemens,SWT-3.6-107,SWT-3.6-107,1.0,EMODnet + OSM +thewindpower.net,2014.0
-3.5940743,53.4848792,2014-11-01,GB,1.0,98.0,107.0,3600.0,3600.0,Siemens,Siemens,SWT-3.6-107,SWT-3.6-107,1.0,EMODnet + OSM +thewindpower.net,2014.0
-3.6060048,53.4846749,2014-11-01,GB,1.0,98.0,107.0,3600.0,3600.0,Siemens,Siemens,SWT-3.6-107,SWT-3.6-107,1.0,EMODnet + OSM +thewindpower.net,2014.0
-3.6164761,53.4845217,2014-11-01,GB,1.0,98.0,107.0,3600.0,3600.0,Siemens,Siemens,SWT-3.6-107,SWT-3.6-107,1.0,EMODnet + OSM +thewindpower.net,2014.0
-3.5892678,53.4794141,2014-11-01,GB,1.0,98.0,107.0,3600.0,3600.0,Siemens,Siemens,SWT-3.6-107,SWT-3.6-107,1.0,EMODnet + OSM +thewindpower.net,2014.0
-3.6002541,53.479312,2014-11-01,GB,1.0,98.0,107.0,3600.0,3600.0,Siemens,Siemens,SWT-3.6-107,SWT-3.6-107,1.0,EMODnet + OSM +thewindpower.net,2014.0
-3.6110688,53.479312,2014-11-01,GB,1.0,98.0,107.0,3600.0,3600.0,Siemens,Siemens,SWT-3.6-107,SWT-3.6-107,1.0,EMODnet + OSM +thewindpower.net,2014.0
-3.621626,53.479312,2014-11-01,GB,1.0,98.0,107.0,3600.0,3600.0,Siemens,Siemens,SWT-3.6-107,SWT-3.6-107,1.0,EMODnet + OSM +thewindpower.net,2014.0
-3.5941602,53.4738462,2014-11-01,GB,1.0,98.0,107.0,3600.0,3600.0,Siemens,Siemens,SWT-3.6-107,SWT-3.6-107,1.0,EMODnet + OSM +thewindpower.net,2014.0
-3.6051465,53.4736929,2014-11-01,GB,1.0,98.0,107.0,3600.0,3600.0,Siemens,Siemens,SWT-3.6-107,SWT-3.6-107,1.0,EMODnet + OSM +thewindpower.net,2014.0
-3.6162187,53.4736929,2014-11-01,GB,1.0,98.0,107.0,3600.0,3600.0,Siemens,Siemens,SWT-3.6-107,SWT-3.6-107,1.0,EMODnet + OSM +thewindpower.net,2014.0
-3.6267758,53.4735397,2014-11-01,GB,1.0,98.0,107.0,3600.0,3600.0,Siemens,Siemens,SWT-3.6-107,SWT-3.6-107,1.0,EMODnet + OSM +thewindpower.net,2014.0
-3.6379338,53.4731821,2014-11-01,GB,1.0,98.0,107.0,3600.0,3600.0,Siemens,Siemens,SWT-3.6-107,SWT-3.6-107,1.0,EMODnet + OSM +thewindpower.net,2014.0
-3.5889245,53.4679709,2014-11-01,GB,1.0,98.0,107.0,3600.0,3600.0,Siemens,Siemens,SWT-3.6-107,SWT-3.6-107,1.0,EMODnet + OSM +thewindpower.net,2014.0
-3.5996533,53.4681753,2014-11-01,GB,1.0,98.0,107.0,3600.0,3600.0,Siemens,Siemens,SWT-3.6-107,SWT-3.6-107,1.0,EMODnet + OSM +thewindpower.net,2014.0
-3.6107255,53.4681242,2014-11-01,GB,1.0,98.0,107.0,3600.0,3600.0,Siemens,Siemens,SWT-3.6-107,SWT-3.6-107,1.0,EMODnet + OSM +thewindpower.net,2014.0
-3.6211968,53.4679198,2014-11-01,GB,1.0,98.0,107.0,3600.0,3600.0,Siemens,Siemens,SWT-3.6-107,SWT-3.6-107,1.0,EMODnet + OSM +thewindpower.net,2014.0
-3.6323548,53.4679198,2014-11-01,GB,1.0,98.0,107.0,3600.0,3600.0,Siemens,Siemens,SWT-3.6-107,SWT-3.6-107,1.0,EMODnet + OSM +thewindpower.net,2014.0
-3.6435128,53.4677666,2014-11-01,GB,1.0,98.0,107.0,3600.0,3600.0,Siemens,Siemens,SWT-3.6-107,SWT-3.6-107,1.0,EMODnet + OSM +thewindpower.net,2014.0
-3.65407,53.46746,2014-11-01,GB,1.0,98.0,107.0,3600.0,3600.0,Siemens,Siemens,SWT-3.6-107,SWT-3.6-107,1.0,EMODnet + OSM +thewindpower.net,2014.0
-3.6647988,53.4677666,2014-11-01,GB,1.0,98.0,107.0,3600.0,3600.0,Siemens,Siemens,SWT-3.6-107,SWT-3.6-107,1.0,EMODnet + OSM +thewindpower.net,2014.0
-3.5943318,53.4626059,2014-11-01,GB,1.0,98.0,107.0,3600.0,3600.0,Siemens,Siemens,SWT-3.6-107,SWT-3.6-107,1.0,EMODnet + OSM +thewindpower.net,2014.0
-3.6050607,53.4624526,2014-11-01,GB,1.0,98.0,107.0,3600.0,3600.0,Siemens,Siemens,SWT-3.6-107,SWT-3.6-107,1.0,EMODnet + OSM +thewindpower.net,2014.0
-3.615532,53.4626059,2014-11-01,GB,1.0,98.0,107.0,3600.0,3600.0,Siemens,Siemens,SWT-3.6-107,SWT-3.6-107,1.0,EMODnet + OSM +thewindpower.net,2014.0
-3.62669,53.4621971,2014-11-01,GB,1.0,98.0,107.0,3600.0,3600.0,Siemens,Siemens,SWT-3.6-107,SWT-3.6-107,1.0,EMODnet + OSM +thewindpower.net,2014.0
-3.6376763,53.4623504,2014-11-01,GB,1.0,98.0,107.0,3600.0,3600.0,Siemens,Siemens,SWT-3.6-107,SWT-3.6-107,1.0,EMODnet + OSM +thewindpower.net,2014.0
-3.648491,53.4622993,2014-11-01,GB,1.0,98.0,107.0,3600.0,3600.0,Siemens,Siemens,SWT-3.6-107,SWT-3.6-107,1.0,EMODnet + OSM +thewindpower.net,2014.0
-3.6593057,53.462146,2014-11-01,GB,1.0,98.0,107.0,3600.0,3600.0,Siemens,Siemens,SWT-3.6-107,SWT-3.6-107,1.0,EMODnet + OSM +thewindpower.net,2014.0
-3.6700345,53.4619927,2014-11-01,GB,1.0,98.0,107.0,3600.0,3600.0,Siemens,Siemens,SWT-3.6-107,SWT-3.6-107,1.0,EMODnet + OSM +thewindpower.net,2014.0
-3.6806775,53.4620949,2014-11-01,GB,1.0,98.0,107.0,3600.0,3600.0,Siemens,Siemens,SWT-3.6-107,SWT-3.6-107,1.0,EMODnet + OSM +thewindpower.net,2014.0
-3.5885812,53.4569335,2014-11-01,GB,1.0,98.0,107.0,3600.0,3600.0,Siemens,Siemens,SWT-3.6-107,SWT-3.6-107,1.0,EMODnet + OSM +thewindpower.net,2014.0
-3.5999108,53.4569335,2014-11-01,GB,1.0,98.0,107.0,3600.0,3600.0,Siemens,Siemens,SWT-3.6-107,SWT-3.6-107,1.0,EMODnet + OSM +thewindpower.net,2014.0
-3.6103822,53.4569335,2014-11-01,GB,1.0,98.0,107.0,3600.0,3600.0,Siemens,Siemens,SWT-3.6-107,SWT-3.6-107,1.0,EMODnet + OSM +thewindpower.net,2014.0
-3.6211968,53.4569846,2014-11-01,GB,1.0,98.0,107.0,3600.0,3600.0,Siemens,Siemens,SWT-3.6-107,SWT-3.6-107,1.0,EMODnet + OSM +thewindpower.net,2014.0
-3.632269,53.4568824,2014-11-01,GB,1.0,98.0,107.0,3600.0,3600.0,Siemens,Siemens,SWT-3.6-107,SWT-3.6-107,1.0,EMODnet + OSM +thewindpower.net,2014.0
-3.6425687,53.4567802,2014-11-01,GB,1.0,98.0,107.0,3600.0,3600.0,Siemens,Siemens,SWT-3.6-107,SWT-3.6-107,1.0,EMODnet + OSM +thewindpower.net,2014.0
-3.6532975,53.4566269,2014-11-01,GB,1.0,98.0,107.0,3600.0,3600.0,Siemens,Siemens,SWT-3.6-107,SWT-3.6-107,1.0,EMODnet + OSM +thewindpower.net,2014.0
-3.6643697,53.4565758,2014-11-01,GB,1.0,98.0,107.0,3600.0,3600.0,Siemens,Siemens,SWT-3.6-107,SWT-3.6-107,1.0,EMODnet + OSM +thewindpower.net,2014.0
-3.6750127,53.4565247,2014-11-01,GB,1.0,98.0,107.0,3600.0,3600.0,Siemens,Siemens,SWT-3.6-107,SWT-3.6-107,1.0,EMODnet + OSM +thewindpower.net,2014.0
-3.6858273,53.4565758,2014-11-01,GB,1.0,98.0,107.0,3600.0,3600.0,Siemens,Siemens,SWT-3.6-107,SWT-3.6-107,1.0,EMODnet + OSM +thewindpower.net,2014.0
-3.5945035,53.4515159,2014-11-01,GB,1.0,98.0,107.0,3600.0,3600.0,Siemens,Siemens,SWT-3.6-107,SWT-3.6-107,1.0,EMODnet + OSM +thewindpower.net,2014.0
-3.6049748,53.4513115,2014-11-01,GB,1.0,98.0,107.0,3600.0,3600.0,Siemens,Siemens,SWT-3.6-107,SWT-3.6-107,1.0,EMODnet + OSM +thewindpower.net,2014.0
-3.6156178,53.4512093,2014-11-01,GB,1.0,98.0,107.0,3600.0,3600.0,Siemens,Siemens,SWT-3.6-107,SWT-3.6-107,1.0,EMODnet + OSM +thewindpower.net,2014.0
-3.6260892,53.4511581,2014-11-01,GB,1.0,98.0,107.0,3600.0,3600.0,Siemens,Siemens,SWT-3.6-107,SWT-3.6-107,1.0,EMODnet + OSM +thewindpower.net,2014.0
-3.6375905,53.451107,2014-11-01,GB,1.0,98.0,107.0,3600.0,3600.0,Siemens,Siemens,SWT-3.6-107,SWT-3.6-107,1.0,EMODnet + OSM +thewindpower.net,2014.0
-3.6480618,53.4510559,2014-11-01,GB,1.0,98.0,107.0,3600.0,3600.0,Siemens,Siemens,SWT-3.6-107,SWT-3.6-107,1.0,EMODnet + OSM +thewindpower.net,2014.0
-3.6592198,53.4508004,2014-11-01,GB,1.0,98.0,107.0,3600.0,3600.0,Siemens,Siemens,SWT-3.6-107,SWT-3.6-107,1.0,EMODnet + OSM +thewindpower.net,2014.0
-3.6701203,53.4511581,2014-11-01,GB,1.0,98.0,107.0,3600.0,3600.0,Siemens,Siemens,SWT-3.6-107,SWT-3.6-107,1.0,EMODnet + OSM +thewindpower.net,2014.0
-3.6806775,53.4508004,2014-11-01,GB,1.0,98.0,107.0,3600.0,3600.0,Siemens,Siemens,SWT-3.6-107,SWT-3.6-107,1.0,EMODnet + OSM +thewindpower.net,2014.0
-3.5885812,53.445791,2014-11-01,GB,1.0,98.0,107.0,3600.0,3600.0,Siemens,Siemens,SWT-3.6-107,SWT-3.6-107,1.0,EMODnet + OSM +thewindpower.net,2014.0
-3.5992242,53.4455354,2014-11-01,GB,1.0,98.0,107.0,3600.0,3600.0,Siemens,Siemens,SWT-3.6-107,SWT-3.6-107,1.0,EMODnet + OSM +thewindpower.net,2014.0
-3.6102105,53.4455865,2014-11-01,GB,1.0,98.0,107.0,3600.0,3600.0,Siemens,Siemens,SWT-3.6-107,SWT-3.6-107,1.0,EMODnet + OSM +thewindpower.net,2014.0
-3.621111,53.4456887,2014-11-01,GB,1.0,98.0,107.0,3600.0,3600.0,Siemens,Siemens,SWT-3.6-107,SWT-3.6-107,1.0,EMODnet + OSM +thewindpower.net,2014.0
-3.6320115,53.445382,2014-11-01,GB,1.0,98.0,107.0,3600.0,3600.0,Siemens,Siemens,SWT-3.6-107,SWT-3.6-107,1.0,EMODnet + OSM +thewindpower.net,2014.0
-3.6425687,53.4453309,2014-11-01,GB,1.0,98.0,107.0,3600.0,3600.0,Siemens,Siemens,SWT-3.6-107,SWT-3.6-107,1.0,EMODnet + OSM +thewindpower.net,2014.0
-3.6533833,53.4453309,2014-11-01,GB,1.0,98.0,107.0,3600.0,3600.0,Siemens,Siemens,SWT-3.6-107,SWT-3.6-107,1.0,EMODnet + OSM +thewindpower.net,2014.0
-3.6641122,53.4452798,2014-11-01,GB,1.0,98.0,107.0,3600.0,3600.0,Siemens,Siemens,SWT-3.6-107,SWT-3.6-107,1.0,EMODnet + OSM +thewindpower.net,2014.0
-3.674841,53.444973,2014-11-01,GB,1.0,98.0,107.0,3600.0,3600.0,Siemens,Siemens,SWT-3.6-107,SWT-3.6-107,1.0,EMODnet + OSM +thewindpower.net,2014.0
-3.6853982,53.445382,2014-11-01,GB,1.0,98.0,107.0,3600.0,3600.0,Siemens,Siemens,SWT-3.6-107,SWT-3.6-107,1.0,EMODnet + OSM +thewindpower.net,2014.0
-3.5935594,53.4401163,2014-11-01,GB,1.0,98.0,107.0,3600.0,3600.0,Siemens,Siemens,SWT-3.6-107,SWT-3.6-107,1.0,EMODnet + OSM +thewindpower.net,2014.0
-3.6042882,53.4400141,2014-11-01,GB,1.0,98.0,107.0,3600.0,3600.0,Siemens,Siemens,SWT-3.6-107,SWT-3.6-107,1.0,EMODnet + OSM +thewindpower.net,2014.0
-3.6153603,53.4399118,2014-11-01,GB,1.0,98.0,107.0,3600.0,3600.0,Siemens,Siemens,SWT-3.6-107,SWT-3.6-107,1.0,EMODnet + OSM +thewindpower.net,2014.0
-3.6258317,53.4398607,2014-11-01,GB,1.0,98.0,107.0,3600.0,3600.0,Siemens,Siemens,SWT-3.6-107,SWT-3.6-107,1.0,EMODnet + OSM +thewindpower.net,2014.0
-3.6365605,53.4397073,2014-11-01,GB,1.0,98.0,107.0,3600.0,3600.0,Siemens,Siemens,SWT-3.6-107,SWT-3.6-107,1.0,EMODnet + OSM +thewindpower.net,2014.0
-3.6473752,53.4396562,2014-11-01,GB,1.0,98.0,107.0,3600.0,3600.0,Siemens,Siemens,SWT-3.6-107,SWT-3.6-107,1.0,EMODnet + OSM +thewindpower.net,2014.0
-3.6585332,53.4396051,2014-11-01,GB,1.0,98.0,107.0,3600.0,3600.0,Siemens,Siemens,SWT-3.6-107,SWT-3.6-107,1.0,EMODnet + OSM +thewindpower.net,2014.0
-3.6690045,53.4397584,2014-11-01,GB,1.0,98.0,107.0,3600.0,3600.0,Siemens,Siemens,SWT-3.6-107,SWT-3.6-107,1.0,EMODnet + OSM +thewindpower.net,2014.0
-3.5880662,53.4345432,2014-11-01,GB,1.0,98.0,107.0,3600.0,3600.0,Siemens,Siemens,SWT-3.6-107,SWT-3.6-107,1.0,EMODnet + OSM +thewindpower.net,2014.0
-3.5987092,53.4346455,2014-11-01,GB,1.0,98.0,107.0,3600.0,3600.0,Siemens,Siemens,SWT-3.6-107,SWT-3.6-107,1.0,EMODnet + OSM +thewindpower.net,2014.0
-3.6093522,53.4343387,2014-11-01,GB,1.0,98.0,107.0,3600.0,3600.0,Siemens,Siemens,SWT-3.6-107,SWT-3.6-107,1.0,EMODnet + OSM +thewindpower.net,2014.0
-3.6204244,53.434441,2014-11-01,GB,1.0,98.0,107.0,3600.0,3600.0,Siemens,Siemens,SWT-3.6-107,SWT-3.6-107,1.0,EMODnet + OSM +thewindpower.net,2014.0
-3.6311532,53.4343387,2014-11-01,GB,1.0,98.0,107.0,3600.0,3600.0,Siemens,Siemens,SWT-3.6-107,SWT-3.6-107,1.0,EMODnet + OSM +thewindpower.net,2014.0
-3.6417962,53.4341853,2014-11-01,GB,1.0,98.0,107.0,3600.0,3600.0,Siemens,Siemens,SWT-3.6-107,SWT-3.6-107,1.0,EMODnet + OSM +thewindpower.net,2014.0
-3.5933877,53.4290205,2014-11-01,GB,1.0,98.0,107.0,3600.0,3600.0,Siemens,Siemens,SWT-3.6-107,SWT-3.6-107,1.0,EMODnet + OSM +thewindpower.net,2014.0
-3.6040307,53.428816,2014-11-01,GB,1.0,98.0,107.0,3600.0,3600.0,Siemens,Siemens,SWT-3.6-107,SWT-3.6-107,1.0,EMODnet + OSM +thewindpower.net,2014.0
-3.6148454,53.4287137,2014-11-01,GB,1.0,98.0,107.0,3600.0,3600.0,Siemens,Siemens,SWT-3.6-107,SWT-3.6-107,1.0,EMODnet + OSM +thewindpower.net,2014.0
-3.6257459,53.4285603,2014-11-01,GB,1.0,98.0,107.0,3600.0,3600.0,Siemens,Siemens,SWT-3.6-107,SWT-3.6-107,1.0,EMODnet + OSM +thewindpower.net,2014.0
-3.6366464,53.4287137,2014-11-01,GB,1.0,98.0,107.0,3600.0,3600.0,Siemens,Siemens,SWT-3.6-107,SWT-3.6-107,1.0,EMODnet + OSM +thewindpower.net,2014.0
-3.5986234,53.4231391,2014-11-01,GB,1.0,98.0,107.0,3600.0,3600.0,Siemens,Siemens,SWT-3.6-107,SWT-3.6-107,1.0,EMODnet + OSM +thewindpower.net,2014.0
-3.6091805,53.4234459,2014-11-01,GB,1.0,98.0,107.0,3600.0,3600.0,Siemens,Siemens,SWT-3.6-107,SWT-3.6-107,1.0,EMODnet + OSM +thewindpower.net,2014.0
-3.6201669,53.4231391,2014-11-01,GB,1.0,98.0,107.0,3600.0,3600.0,Siemens,Siemens,SWT-3.6-107,SWT-3.6-107,1.0,EMODnet + OSM +thewindpower.net,2014.0
-3.6308957,53.4230879,2014-11-01,GB,1.0,98.0,107.0,3600.0,3600.0,Siemens,Siemens,SWT-3.6-107,SWT-3.6-107,1.0,EMODnet + OSM +thewindpower.net,2014.0
-3.5537334,53.9999958,2014-10-01,GB,1.0,80.0,120.0,3600.0,3600.0,Siemens,Siemens,SWT-3.6-120,SWT-3.6-120,1.0,EMODnet + OSM +thewindpower.net,2014.0
-3.5464074,53.9940635,2014-10-01,GB,1.0,80.0,120.0,3600.0,3600.0,Siemens,Siemens,SWT-3.6-120,SWT-3.6-120,1.0,EMODnet + OSM +thewindpower.net,2014.0
-3.5406115,53.9893128,2014-10-01,GB,1.0,80.0,120.0,3600.0,3600.0,Siemens,Siemens,SWT-3.6-120,SWT-3.6-120,1.0,EMODnet + OSM +thewindpower.net,2014.0
-3.534901,53.9845676,2014-10-01,GB,1.0,80.0,120.0,3600.0,3600.0,Siemens,Siemens,SWT-3.6-120,SWT-3.6-120,1.0,EMODnet + OSM +thewindpower.net,2014.0
-3.5290574,53.9798209,2014-10-01,GB,1.0,80.0,120.0,3600.0,3600.0,Siemens,Siemens,SWT-3.6-120,SWT-3.6-120,1.0,EMODnet + OSM +thewindpower.net,2014.0
-3.5234773,53.9750886,2014-10-01,GB,1.0,80.0,120.0,3600.0,3600.0,Siemens,Siemens,SWT-3.6-120,SWT-3.6-120,1.0,EMODnet + OSM +thewindpower.net,2014.0
-3.5175562,53.970336,2014-10-01,GB,1.0,80.0,120.0,3600.0,3600.0,Siemens,Siemens,SWT-3.6-120,SWT-3.6-120,1.0,EMODnet + OSM +thewindpower.net,2014.0
-3.5117661,53.9655701,2014-10-01,GB,1.0,80.0,120.0,3600.0,3600.0,Siemens,Siemens,SWT-3.6-120,SWT-3.6-120,1.0,EMODnet + OSM +thewindpower.net,2014.0
-3.5059629,53.9608416,2014-10-01,GB,1.0,80.0,120.0,3600.0,3600.0,Siemens,Siemens,SWT-3.6-120,SWT-3.6-120,1.0,EMODnet + OSM +thewindpower.net,2014.0
-3.5002206,53.9560622,2014-10-01,GB,1.0,80.0,120.0,3600.0,3600.0,Siemens,Siemens,SWT-3.6-120,SWT-3.6-120,1.0,EMODnet + OSM +thewindpower.net,2014.0
-3.4944043,53.951338,2014-10-01,GB,1.0,80.0,120.0,3600.0,3600.0,Siemens,Siemens,SWT-3.6-120,SWT-3.6-120,1.0,EMODnet + OSM +thewindpower.net,2014.0
-3.4881172,53.9461921,2014-10-01,GB,1.0,80.0,120.0,3600.0,3600.0,Siemens,Siemens,SWT-3.6-120,SWT-3.6-120,1.0,EMODnet + OSM +thewindpower.net,2014.0
-3.4741611,53.9458614,2014-10-01,GB,1.0,80.0,120.0,3600.0,3600.0,Siemens,Siemens,SWT-3.6-120,SWT-3.6-120,1.0,EMODnet + OSM +thewindpower.net,2014.0
-3.4836125,53.9536213,2014-10-01,GB,1.0,80.0,120.0,3600.0,3600.0,Siemens,Siemens,SWT-3.6-120,SWT-3.6-120,1.0,EMODnet + OSM +thewindpower.net,2014.0
-3.4893556,53.9583234,2014-10-01,GB,1.0,80.0,120.0,3600.0,3600.0,Siemens,Siemens,SWT-3.6-120,SWT-3.6-120,1.0,EMODnet + OSM +thewindpower.net,2014.0
-3.4952265,53.9631321,2014-10-01,GB,1.0,80.0,120.0,3600.0,3600.0,Siemens,Siemens,SWT-3.6-120,SWT-3.6-120,1.0,EMODnet + OSM +thewindpower.net,2014.0
-3.5009681,53.9678809,2014-10-01,GB,1.0,80.0,120.0,3600.0,3600.0,Siemens,Siemens,SWT-3.6-120,SWT-3.6-120,1.0,EMODnet + OSM +thewindpower.net,2014.0
-3.506717,53.9726996,2014-10-01,GB,1.0,80.0,120.0,3600.0,3600.0,Siemens,Siemens,SWT-3.6-120,SWT-3.6-120,1.0,EMODnet + OSM +thewindpower.net,2014.0
-3.5125758,53.9774528,2014-10-01,GB,1.0,80.0,120.0,3600.0,3600.0,Siemens,Siemens,SWT-3.6-120,SWT-3.6-120,1.0,EMODnet + OSM +thewindpower.net,2014.0
-3.5182985,53.9822062,2014-10-01,GB,1.0,80.0,120.0,3600.0,3600.0,Siemens,Siemens,SWT-3.6-120,SWT-3.6-120,1.0,EMODnet + OSM +thewindpower.net,2014.0
-3.5240863,53.9869672,2014-10-01,GB,1.0,80.0,120.0,3600.0,3600.0,Siemens,Siemens,SWT-3.6-120,SWT-3.6-120,1.0,EMODnet + OSM +thewindpower.net,2014.0
-3.5299128,53.9916993,2014-10-01,GB,1.0,80.0,120.0,3600.0,3600.0,Siemens,Siemens,SWT-3.6-120,SWT-3.6-120,1.0,EMODnet + OSM +thewindpower.net,2014.0
-3.5356868,53.996457,2014-10-01,GB,1.0,80.0,120.0,3600.0,3600.0,Siemens,Siemens,SWT-3.6-120,SWT-3.6-120,1.0,EMODnet + OSM +thewindpower.net,2014.0
-3.5429653,54.0024384,2014-10-01,GB,1.0,80.0,120.0,3600.0,3600.0,Siemens,Siemens,SWT-3.6-120,SWT-3.6-120,1.0,EMODnet + OSM +thewindpower.net,2014.0
-3.496086,53.9750355,2014-10-01,GB,1.0,80.0,120.0,3600.0,3600.0,Siemens,Siemens,SWT-3.6-120,SWT-3.6-120,1.0,EMODnet + OSM +thewindpower.net,2014.0
-3.501815,53.9798322,2014-10-01,GB,1.0,80.0,120.0,3600.0,3600.0,Siemens,Siemens,SWT-3.6-120,SWT-3.6-120,1.0,EMODnet + OSM +thewindpower.net,2014.0
-3.5076558,53.9845894,2014-10-01,GB,1.0,80.0,120.0,3600.0,3600.0,Siemens,Siemens,SWT-3.6-120,SWT-3.6-120,1.0,EMODnet + OSM +thewindpower.net,2014.0
-3.5134427,53.9893482,2014-10-01,GB,1.0,80.0,120.0,3600.0,3600.0,Siemens,Siemens,SWT-3.6-120,SWT-3.6-120,1.0,EMODnet + OSM +thewindpower.net,2014.0
-3.519205,53.9941089,2014-10-01,GB,1.0,80.0,120.0,3600.0,3600.0,Siemens,Siemens,SWT-3.6-120,SWT-3.6-120,1.0,EMODnet + OSM +thewindpower.net,2014.0
-3.5250357,53.9988199,2014-10-01,GB,1.0,80.0,120.0,3600.0,3600.0,Siemens,Siemens,SWT-3.6-120,SWT-3.6-120,1.0,EMODnet + OSM +thewindpower.net,2014.0
-3.5322385,54.0048351,2014-10-01,GB,1.0,80.0,120.0,3600.0,3600.0,Siemens,Siemens,SWT-3.6-120,SWT-3.6-120,1.0,EMODnet + OSM +thewindpower.net,2014.0
-3.5215842,54.0072651,2014-10-01,GB,1.0,80.0,120.0,3600.0,3600.0,Siemens,Siemens,SWT-3.6-120,SWT-3.6-120,1.0,EMODnet + OSM +thewindpower.net,2014.0
-3.5142692,54.0012721,2014-10-01,GB,1.0,80.0,120.0,3600.0,3600.0,Siemens,Siemens,SWT-3.6-120,SWT-3.6-120,1.0,EMODnet + OSM +thewindpower.net,2014.0
-3.5085337,53.9964727,2014-10-01,GB,1.0,80.0,120.0,3600.0,3600.0,Siemens,Siemens,SWT-3.6-120,SWT-3.6-120,1.0,EMODnet + OSM +thewindpower.net,2014.0
-3.5026999,53.99171,2014-10-01,GB,1.0,80.0,120.0,3600.0,3600.0,Siemens,Siemens,SWT-3.6-120,SWT-3.6-120,1.0,EMODnet + OSM +thewindpower.net,2014.0
-3.4969032,53.986972,2014-10-01,GB,1.0,80.0,120.0,3600.0,3600.0,Siemens,Siemens,SWT-3.6-120,SWT-3.6-120,1.0,EMODnet + OSM +thewindpower.net,2014.0
-3.4911594,53.9822269,2014-10-01,GB,1.0,80.0,120.0,3600.0,3600.0,Siemens,Siemens,SWT-3.6-120,SWT-3.6-120,1.0,EMODnet + OSM +thewindpower.net,2014.0
-3.4463248,53.9452667,2014-10-01,GB,1.0,80.0,120.0,3600.0,3600.0,Siemens,Siemens,SWT-3.6-120,SWT-3.6-120,1.0,EMODnet + OSM +thewindpower.net,2014.0
-3.4303607,53.9449813,2014-10-01,GB,1.0,80.0,120.0,3600.0,3600.0,Siemens,Siemens,SWT-3.6-120,SWT-3.6-120,1.0,EMODnet + OSM +thewindpower.net,2014.0
-3.4367701,53.9504619,2014-10-01,GB,1.0,80.0,120.0,3600.0,3600.0,Siemens,Siemens,SWT-3.6-120,SWT-3.6-120,1.0,EMODnet + OSM +thewindpower.net,2014.0
-3.4430718,53.9558592,2014-10-01,GB,1.0,80.0,120.0,3600.0,3600.0,Siemens,Siemens,SWT-3.6-120,SWT-3.6-120,1.0,EMODnet + OSM +thewindpower.net,2014.0
-3.4490697,53.9608791,2014-10-01,GB,1.0,80.0,120.0,3600.0,3600.0,Siemens,Siemens,SWT-3.6-120,SWT-3.6-120,1.0,EMODnet + OSM +thewindpower.net,2014.0
-3.4546582,53.9656348,2014-10-01,GB,1.0,80.0,120.0,3600.0,3600.0,Siemens,Siemens,SWT-3.6-120,SWT-3.6-120,1.0,EMODnet + OSM +thewindpower.net,2014.0
-3.460806,53.9703551,2014-10-01,GB,1.0,80.0,120.0,3600.0,3600.0,Siemens,Siemens,SWT-3.6-120,SWT-3.6-120,1.0,EMODnet + OSM +thewindpower.net,2014.0
-3.4659305,53.9752041,2014-10-01,GB,1.0,80.0,120.0,3600.0,3600.0,Siemens,Siemens,SWT-3.6-120,SWT-3.6-120,1.0,EMODnet + OSM +thewindpower.net,2014.0
-3.4947627,53.9995497,2014-10-01,GB,1.0,80.0,120.0,3600.0,3600.0,Siemens,Siemens,SWT-3.6-120,SWT-3.6-120,1.0,EMODnet + OSM +thewindpower.net,2014.0
-3.5003651,54.0043706,2014-10-01,GB,1.0,80.0,120.0,3600.0,3600.0,Siemens,Siemens,SWT-3.6-120,SWT-3.6-120,1.0,EMODnet + OSM +thewindpower.net,2014.0
-3.5075337,54.0104553,2014-10-01,GB,1.0,80.0,120.0,3600.0,3600.0,Siemens,Siemens,SWT-3.6-120,SWT-3.6-120,1.0,EMODnet + OSM +thewindpower.net,2014.0
-3.4965778,54.0128394,2014-10-01,GB,1.0,80.0,120.0,3600.0,3600.0,Siemens,Siemens,SWT-3.6-120,SWT-3.6-120,1.0,EMODnet + OSM +thewindpower.net,2014.0
-3.4894348,54.0068122,2014-10-01,GB,1.0,80.0,120.0,3600.0,3600.0,Siemens,Siemens,SWT-3.6-120,SWT-3.6-120,1.0,EMODnet + OSM +thewindpower.net,2014.0
-3.4837867,54.0019795,2014-10-01,GB,1.0,80.0,120.0,3600.0,3600.0,Siemens,Siemens,SWT-3.6-120,SWT-3.6-120,1.0,EMODnet + OSM +thewindpower.net,2014.0
-3.4782234,53.9972027,2014-10-01,GB,1.0,80.0,120.0,3600.0,3600.0,Siemens,Siemens,SWT-3.6-120,SWT-3.6-120,1.0,EMODnet + OSM +thewindpower.net,2014.0
-3.4439309,53.9679482,2014-10-01,GB,1.0,80.0,120.0,3600.0,3600.0,Siemens,Siemens,SWT-3.6-120,SWT-3.6-120,1.0,EMODnet + OSM +thewindpower.net,2014.0
-3.4383145,53.9631437,2014-10-01,GB,1.0,80.0,120.0,3600.0,3600.0,Siemens,Siemens,SWT-3.6-120,SWT-3.6-120,1.0,EMODnet + OSM +thewindpower.net,2014.0
-3.4324004,53.9581274,2014-10-01,GB,1.0,80.0,120.0,3600.0,3600.0,Siemens,Siemens,SWT-3.6-120,SWT-3.6-120,1.0,EMODnet + OSM +thewindpower.net,2014.0
-3.425971,53.9526354,2014-10-01,GB,1.0,80.0,120.0,3600.0,3600.0,Siemens,Siemens,SWT-3.6-120,SWT-3.6-120,1.0,EMODnet + OSM +thewindpower.net,2014.0
-3.4197926,53.9474215,2014-10-01,GB,1.0,80.0,120.0,3600.0,3600.0,Siemens,Siemens,SWT-3.6-120,SWT-3.6-120,1.0,EMODnet + OSM +thewindpower.net,2014.0
-3.4122299,53.9524236,2014-10-01,GB,1.0,80.0,120.0,3600.0,3600.0,Siemens,Siemens,SWT-3.6-120,SWT-3.6-120,1.0,EMODnet + OSM +thewindpower.net,2014.0
-3.4216283,53.9604619,2014-10-01,GB,1.0,80.0,120.0,3600.0,3600.0,Siemens,Siemens,SWT-3.6-120,SWT-3.6-120,1.0,EMODnet + OSM +thewindpower.net,2014.0
-3.4273862,53.9654132,2014-10-01,GB,1.0,80.0,120.0,3600.0,3600.0,Siemens,Siemens,SWT-3.6-120,SWT-3.6-120,1.0,EMODnet + OSM +thewindpower.net,2014.0
-3.4673358,53.9996692,2014-10-01,GB,1.0,80.0,120.0,3600.0,3600.0,Siemens,Siemens,SWT-3.6-120,SWT-3.6-120,1.0,EMODnet + OSM +thewindpower.net,2014.0
-3.4729278,54.0044716,2014-10-01,GB,1.0,80.0,120.0,3600.0,3600.0,Siemens,Siemens,SWT-3.6-120,SWT-3.6-120,1.0,EMODnet + OSM +thewindpower.net,2014.0
-3.4785945,54.0092736,2014-10-01,GB,1.0,80.0,120.0,3600.0,3600.0,Siemens,Siemens,SWT-3.6-120,SWT-3.6-120,1.0,EMODnet + OSM +thewindpower.net,2014.0
-3.4855932,54.0153974,2014-10-01,GB,1.0,80.0,120.0,3600.0,3600.0,Siemens,Siemens,SWT-3.6-120,SWT-3.6-120,1.0,EMODnet + OSM +thewindpower.net,2014.0
-3.4747461,54.0177875,2014-10-01,GB,1.0,80.0,120.0,3600.0,3600.0,Siemens,Siemens,SWT-3.6-120,SWT-3.6-120,1.0,EMODnet + OSM +thewindpower.net,2014.0
-3.467631,54.0117538,2014-10-01,GB,1.0,80.0,120.0,3600.0,3600.0,Siemens,Siemens,SWT-3.6-120,SWT-3.6-120,1.0,EMODnet + OSM +thewindpower.net,2014.0
-3.4620166,54.0068977,2014-10-01,GB,1.0,80.0,120.0,3600.0,3600.0,Siemens,Siemens,SWT-3.6-120,SWT-3.6-120,1.0,EMODnet + OSM +thewindpower.net,2014.0
-3.4564337,54.0020851,2014-10-01,GB,1.0,80.0,120.0,3600.0,3600.0,Siemens,Siemens,SWT-3.6-120,SWT-3.6-120,1.0,EMODnet + OSM +thewindpower.net,2014.0
-3.4508554,53.9973036,2014-10-01,GB,1.0,80.0,120.0,3600.0,3600.0,Siemens,Siemens,SWT-3.6-120,SWT-3.6-120,1.0,EMODnet + OSM +thewindpower.net,2014.0
-3.4453482,53.992462,2014-10-01,GB,1.0,80.0,120.0,3600.0,3600.0,Siemens,Siemens,SWT-3.6-120,SWT-3.6-120,1.0,EMODnet + OSM +thewindpower.net,2014.0
-3.4396437,53.9876386,2014-10-01,GB,1.0,80.0,120.0,3600.0,3600.0,Siemens,Siemens,SWT-3.6-120,SWT-3.6-120,1.0,EMODnet + OSM +thewindpower.net,2014.0
-3.421978,53.9724927,2014-10-01,GB,1.0,80.0,120.0,3600.0,3600.0,Siemens,Siemens,SWT-3.6-120,SWT-3.6-120,1.0,EMODnet + OSM +thewindpower.net,2014.0
-3.4164921,53.9676233,2014-10-01,GB,1.0,80.0,120.0,3600.0,3600.0,Siemens,Siemens,SWT-3.6-120,SWT-3.6-120,1.0,EMODnet + OSM +thewindpower.net,2014.0
-3.4109162,53.9628399,2014-10-01,GB,1.0,80.0,120.0,3600.0,3600.0,Siemens,Siemens,SWT-3.6-120,SWT-3.6-120,1.0,EMODnet + OSM +thewindpower.net,2014.0
-3.4046553,53.9574249,2014-10-01,GB,1.0,80.0,120.0,3600.0,3600.0,Siemens,Siemens,SWT-3.6-120,SWT-3.6-120,1.0,EMODnet + OSM +thewindpower.net,2014.0
-3.3971592,53.9623131,2014-10-01,GB,1.0,80.0,120.0,3600.0,3600.0,Siemens,Siemens,SWT-3.6-120,SWT-3.6-120,1.0,EMODnet + OSM +thewindpower.net,2014.0
-3.4056662,53.9698815,2014-10-01,GB,1.0,80.0,120.0,3600.0,3600.0,Siemens,Siemens,SWT-3.6-120,SWT-3.6-120,1.0,EMODnet + OSM +thewindpower.net,2014.0
-3.411326,53.9748036,2014-10-01,GB,1.0,80.0,120.0,3600.0,3600.0,Siemens,Siemens,SWT-3.6-120,SWT-3.6-120,1.0,EMODnet + OSM +thewindpower.net,2014.0
-3.4166637,53.9796338,2014-10-01,GB,1.0,80.0,120.0,3600.0,3600.0,Siemens,Siemens,SWT-3.6-120,SWT-3.6-120,1.0,EMODnet + OSM +thewindpower.net,2014.0
-3.4220866,53.9844991,2014-10-01,GB,1.0,80.0,120.0,3600.0,3600.0,Siemens,Siemens,SWT-3.6-120,SWT-3.6-120,1.0,EMODnet + OSM +thewindpower.net,2014.0
-3.4284541,53.9901108,2014-10-01,GB,1.0,80.0,120.0,3600.0,3600.0,Siemens,Siemens,SWT-3.6-120,SWT-3.6-120,1.0,EMODnet + OSM +thewindpower.net,2014.0
-3.4339928,53.9949729,2014-10-01,GB,1.0,80.0,120.0,3600.0,3600.0,Siemens,Siemens,SWT-3.6-120,SWT-3.6-120,1.0,EMODnet + OSM +thewindpower.net,2014.0
-3.4395249,53.9998556,2014-10-01,GB,1.0,80.0,120.0,3600.0,3600.0,Siemens,Siemens,SWT-3.6-120,SWT-3.6-120,1.0,EMODnet + OSM +thewindpower.net,2014.0
-3.4449441,54.0046541,2014-10-01,GB,1.0,80.0,120.0,3600.0,3600.0,Siemens,Siemens,SWT-3.6-120,SWT-3.6-120,1.0,EMODnet + OSM +thewindpower.net,2014.0
-3.4504033,54.0095095,2014-10-01,GB,1.0,80.0,120.0,3600.0,3600.0,Siemens,Siemens,SWT-3.6-120,SWT-3.6-120,1.0,EMODnet + OSM +thewindpower.net,2014.0
-3.4628522,54.0205075,2014-10-01,GB,1.0,80.0,120.0,3600.0,3600.0,Siemens,Siemens,SWT-3.6-120,SWT-3.6-120,1.0,EMODnet + OSM +thewindpower.net,2014.0
-3.4559086,54.0143504,2014-10-01,GB,1.0,80.0,120.0,3600.0,3600.0,Siemens,Siemens,SWT-3.6-120,SWT-3.6-120,1.0,EMODnet + OSM +thewindpower.net,2014.0
-3.3894872,53.9673439,2014-10-01,GB,1.0,80.0,120.0,3600.0,3600.0,Siemens,Siemens,SWT-3.6-120,SWT-3.6-120,1.0,EMODnet + OSM +thewindpower.net,2014.0
-3.3949211,53.9721606,2014-10-01,GB,1.0,80.0,120.0,3600.0,3600.0,Siemens,Siemens,SWT-3.6-120,SWT-3.6-120,1.0,EMODnet + OSM +thewindpower.net,2014.0
-3.4004204,53.9770191,2014-10-01,GB,1.0,80.0,120.0,3600.0,3600.0,Siemens,Siemens,SWT-3.6-120,SWT-3.6-120,1.0,EMODnet + OSM +thewindpower.net,2014.0
-3.4059008,53.9819321,2014-10-01,GB,1.0,80.0,120.0,3600.0,3600.0,Siemens,Siemens,SWT-3.6-120,SWT-3.6-120,1.0,EMODnet + OSM +thewindpower.net,2014.0
-3.411389,53.9867943,2014-10-01,GB,1.0,80.0,120.0,3600.0,3600.0,Siemens,Siemens,SWT-3.6-120,SWT-3.6-120,1.0,EMODnet + OSM +thewindpower.net,2014.0
-3.417771,53.9924838,2014-10-01,GB,1.0,80.0,120.0,3600.0,3600.0,Siemens,Siemens,SWT-3.6-120,SWT-3.6-120,1.0,EMODnet + OSM +thewindpower.net,2014.0
-3.4233165,53.9973498,2014-10-01,GB,1.0,80.0,120.0,3600.0,3600.0,Siemens,Siemens,SWT-3.6-120,SWT-3.6-120,1.0,EMODnet + OSM +thewindpower.net,2014.0
-3.4288341,54.0022102,2014-10-01,GB,1.0,80.0,120.0,3600.0,3600.0,Siemens,Siemens,SWT-3.6-120,SWT-3.6-120,1.0,EMODnet + OSM +thewindpower.net,2014.0
-3.4343104,54.0070616,2014-10-01,GB,1.0,80.0,120.0,3600.0,3600.0,Siemens,Siemens,SWT-3.6-120,SWT-3.6-120,1.0,EMODnet + OSM +thewindpower.net,2014.0
-3.4397086,54.011902,2014-10-01,GB,1.0,80.0,120.0,3600.0,3600.0,Siemens,Siemens,SWT-3.6-120,SWT-3.6-120,1.0,EMODnet + OSM +thewindpower.net,2014.0
-3.4451895,54.0167743,2014-10-01,GB,1.0,80.0,120.0,3600.0,3600.0,Siemens,Siemens,SWT-3.6-120,SWT-3.6-120,1.0,EMODnet + OSM +thewindpower.net,2014.0
-3.4525816,54.0232808,2014-10-01,GB,1.0,80.0,120.0,3600.0,3600.0,Siemens,Siemens,SWT-3.6-120,SWT-3.6-120,1.0,EMODnet + OSM +thewindpower.net,2014.0
-3.3896006,53.9793192,2014-10-01,GB,1.0,80.0,120.0,3600.0,3600.0,Siemens,Siemens,SWT-3.6-120,SWT-3.6-120,1.0,EMODnet + OSM +thewindpower.net,2014.0
-3.3950121,53.9841684,2014-10-01,GB,1.0,80.0,120.0,3600.0,3600.0,Siemens,Siemens,SWT-3.6-120,SWT-3.6-120,1.0,EMODnet + OSM +thewindpower.net,2014.0
-3.4005961,53.9890624,2014-10-01,GB,1.0,80.0,120.0,3600.0,3600.0,Siemens,Siemens,SWT-3.6-120,SWT-3.6-120,1.0,EMODnet + OSM +thewindpower.net,2014.0
-3.4071236,53.994844,2014-10-01,GB,1.0,80.0,120.0,3600.0,3600.0,Siemens,Siemens,SWT-3.6-120,SWT-3.6-120,1.0,EMODnet + OSM +thewindpower.net,2014.0
-3.4125111,53.9996989,2014-10-01,GB,1.0,80.0,120.0,3600.0,3600.0,Siemens,Siemens,SWT-3.6-120,SWT-3.6-120,1.0,EMODnet + OSM +thewindpower.net,2014.0
-3.4180855,54.0046391,2014-10-01,GB,1.0,80.0,120.0,3600.0,3600.0,Siemens,Siemens,SWT-3.6-120,SWT-3.6-120,1.0,EMODnet + OSM +thewindpower.net,2014.0
-3.4234266,54.0094056,2014-10-01,GB,1.0,80.0,120.0,3600.0,3600.0,Siemens,Siemens,SWT-3.6-120,SWT-3.6-120,1.0,EMODnet + OSM +thewindpower.net,2014.0
-3.4290027,54.0143171,2014-10-01,GB,1.0,80.0,120.0,3600.0,3600.0,Siemens,Siemens,SWT-3.6-120,SWT-3.6-120,1.0,EMODnet + OSM +thewindpower.net,2014.0
-3.4344911,54.0191699,2014-10-01,GB,1.0,80.0,120.0,3600.0,3600.0,Siemens,Siemens,SWT-3.6-120,SWT-3.6-120,1.0,EMODnet + OSM +thewindpower.net,2014.0
-3.6443451,54.0495888,2018-09-01,GB,1.0,106.83,154.0,7000.0,7000.0,Siemens,Siemens,SWT-7.0-154,SWT-7.0-154,1.0,EMODnet + OSM +thewindpower.net,2018.0
-3.5799613,54.0081199,2018-09-01,GB,1.0,106.83,154.0,7000.0,7000.0,Siemens,Siemens,SWT-7.0-154,SWT-7.0-154,1.0,EMODnet + OSM +thewindpower.net,2018.0
-3.5932821,54.0117729,2018-09-01,GB,1.0,106.83,154.0,7000.0,7000.0,Siemens,Siemens,SWT-7.0-154,SWT-7.0-154,1.0,EMODnet + OSM +thewindpower.net,2018.0
-3.6054929,54.0158169,2018-09-01,GB,1.0,106.83,154.0,7000.0,7000.0,Siemens,Siemens,SWT-7.0-154,SWT-7.0-154,1.0,EMODnet + OSM +thewindpower.net,2018.0
-3.6183696,54.0201214,2018-09-01,GB,1.0,106.83,154.0,7000.0,7000.0,Siemens,Siemens,SWT-7.0-154,SWT-7.0-154,1.0,EMODnet + OSM +thewindpower.net,2018.0
-3.6319124,54.0244255,2018-09-01,GB,1.0,106.83,154.0,7000.0,7000.0,Siemens,Siemens,SWT-7.0-154,SWT-7.0-154,1.0,EMODnet + OSM +thewindpower.net,2018.0
-3.6441231,54.0280771,2018-09-01,GB,1.0,106.83,154.0,7000.0,7000.0,Siemens,Siemens,SWT-7.0-154,SWT-7.0-154,1.0,EMODnet + OSM +thewindpower.net,2018.0
-3.65811,54.0327715,2018-09-01,GB,1.0,106.83,154.0,7000.0,7000.0,Siemens,Siemens,SWT-7.0-154,SWT-7.0-154,1.0,EMODnet + OSM +thewindpower.net,2018.0
-3.6703207,54.0368135,2018-09-01,GB,1.0,106.83,154.0,7000.0,7000.0,Siemens,Siemens,SWT-7.0-154,SWT-7.0-154,1.0,EMODnet + OSM +thewindpower.net,2018.0
-3.6632163,54.0463302,2018-09-01,GB,1.0,106.83,154.0,7000.0,7000.0,Siemens,Siemens,SWT-7.0-154,SWT-7.0-154,1.0,EMODnet + OSM +thewindpower.net,2018.0
-3.6523376,54.0407247,2018-09-01,GB,1.0,106.83,154.0,7000.0,7000.0,Siemens,Siemens,SWT-7.0-154,SWT-7.0-154,1.0,EMODnet + OSM +thewindpower.net,2018.0
-3.6361307,54.0385084,2018-09-01,GB,1.0,106.83,154.0,7000.0,7000.0,Siemens,Siemens,SWT-7.0-154,SWT-7.0-154,1.0,EMODnet + OSM +thewindpower.net,2018.0
-3.6265841,54.0325107,2018-09-01,GB,1.0,106.83,154.0,7000.0,7000.0,Siemens,Siemens,SWT-7.0-154,SWT-7.0-154,1.0,EMODnet + OSM +thewindpower.net,2018.0
-3.6092671,54.0269034,2018-09-01,GB,1.0,106.83,154.0,7000.0,7000.0,Siemens,Siemens,SWT-7.0-154,SWT-7.0-154,1.0,EMODnet + OSM +thewindpower.net,2018.0
-3.5921721,54.0222083,2018-09-01,GB,1.0,106.83,154.0,7000.0,7000.0,Siemens,Siemens,SWT-7.0-154,SWT-7.0-154,1.0,EMODnet + OSM +thewindpower.net,2018.0
-3.6130413,54.0370743,2018-09-01,GB,1.0,106.83,154.0,7000.0,7000.0,Siemens,Siemens,SWT-7.0-154,SWT-7.0-154,1.0,EMODnet + OSM +thewindpower.net,2018.0
-3.5950582,54.0318587,2018-09-01,GB,1.0,106.83,154.0,7000.0,7000.0,Siemens,Siemens,SWT-7.0-154,SWT-7.0-154,1.0,EMODnet + OSM +thewindpower.net,2018.0
-3.5775192,54.017904,2018-09-01,GB,1.0,106.83,154.0,7000.0,7000.0,Siemens,Siemens,SWT-7.0-154,SWT-7.0-154,1.0,EMODnet + OSM +thewindpower.net,2018.0
-3.5764091,54.0279467,2018-09-01,GB,1.0,106.83,154.0,7000.0,7000.0,Siemens,Siemens,SWT-7.0-154,SWT-7.0-154,1.0,EMODnet + OSM +thewindpower.net,2018.0
-3.5602618,54.0157045,2018-09-01,GB,1.0,106.83,154.0,7000.0,7000.0,Siemens,Siemens,SWT-7.0-154,SWT-7.0-154,1.0,EMODnet + OSM +thewindpower.net,2018.0
-3.5452445,54.019117,2018-09-01,GB,1.0,106.83,154.0,7000.0,7000.0,Siemens,Siemens,SWT-7.0-154,SWT-7.0-154,1.0,EMODnet + OSM +thewindpower.net,2018.0
-3.5576915,54.0258864,2018-09-01,GB,1.0,106.83,154.0,7000.0,7000.0,Siemens,Siemens,SWT-7.0-154,SWT-7.0-154,1.0,EMODnet + OSM +thewindpower.net,2018.0
-3.5839576,54.0370743,2018-09-01,GB,1.0,106.83,154.0,7000.0,7000.0,Siemens,Siemens,SWT-7.0-154,SWT-7.0-154,1.0,EMODnet + OSM +thewindpower.net,2018.0
-3.5999425,54.0416373,2018-09-01,GB,1.0,106.83,154.0,7000.0,7000.0,Siemens,Siemens,SWT-7.0-154,SWT-7.0-154,1.0,EMODnet + OSM +thewindpower.net,2018.0
-3.6137073,54.0456784,2018-09-01,GB,1.0,106.83,154.0,7000.0,7000.0,Siemens,Siemens,SWT-7.0-154,SWT-7.0-154,1.0,EMODnet + OSM +thewindpower.net,2018.0
-3.6294703,54.0488068,2018-09-01,GB,1.0,106.83,154.0,7000.0,7000.0,Siemens,Siemens,SWT-7.0-154,SWT-7.0-154,1.0,EMODnet + OSM +thewindpower.net,2018.0
-3.6556678,54.0562357,2018-09-01,GB,1.0,106.83,154.0,7000.0,7000.0,Siemens,Siemens,SWT-7.0-154,SWT-7.0-154,1.0,EMODnet + OSM +thewindpower.net,2018.0
-3.7595699,54.0678325,2018-09-01,GB,1.0,106.83,154.0,7000.0,7000.0,Siemens,Siemens,SWT-7.0-154,SWT-7.0-154,1.0,EMODnet + OSM +thewindpower.net,2018.0
-3.743363,54.0691353,2018-09-01,GB,1.0,106.83,154.0,7000.0,7000.0,Siemens,Siemens,SWT-7.0-154,SWT-7.0-154,1.0,EMODnet + OSM +thewindpower.net,2018.0
-3.7295982,54.07135,2018-09-01,GB,1.0,106.83,154.0,7000.0,7000.0,Siemens,Siemens,SWT-7.0-154,SWT-7.0-154,1.0,EMODnet + OSM +thewindpower.net,2018.0
-3.7138352,54.0742159,2018-09-01,GB,1.0,106.83,154.0,7000.0,7000.0,Siemens,Siemens,SWT-7.0-154,SWT-7.0-154,1.0,EMODnet + OSM +thewindpower.net,2018.0
-3.7400328,54.0792959,2018-09-01,GB,1.0,106.83,154.0,7000.0,7000.0,Siemens,Siemens,SWT-7.0-154,SWT-7.0-154,1.0,EMODnet + OSM +thewindpower.net,2018.0
-3.7573498,54.0763001,2018-09-01,GB,1.0,106.83,154.0,7000.0,7000.0,Siemens,Siemens,SWT-7.0-154,SWT-7.0-154,1.0,EMODnet + OSM +thewindpower.net,2018.0
-3.7742228,54.0795563,2018-09-01,GB,1.0,106.83,154.0,7000.0,7000.0,Siemens,Siemens,SWT-7.0-154,SWT-7.0-154,1.0,EMODnet + OSM +thewindpower.net,2018.0
-3.7720027,54.0893237,2018-09-01,GB,1.0,106.83,154.0,7000.0,7000.0,Siemens,Siemens,SWT-7.0-154,SWT-7.0-154,1.0,EMODnet + OSM +thewindpower.net,2018.0
-3.7302642,54.0864588,2018-09-01,GB,1.0,106.83,154.0,7000.0,7000.0,Siemens,Siemens,SWT-7.0-154,SWT-7.0-154,1.0,EMODnet + OSM +thewindpower.net,2018.0
-3.7156113,54.0825519,2018-09-01,GB,1.0,106.83,154.0,7000.0,7000.0,Siemens,Siemens,SWT-7.0-154,SWT-7.0-154,1.0,EMODnet + OSM +thewindpower.net,2018.0
-3.7140573,54.0928394,2018-09-01,GB,1.0,106.83,154.0,7000.0,7000.0,Siemens,Siemens,SWT-7.0-154,SWT-7.0-154,1.0,EMODnet + OSM +thewindpower.net,2018.0
-3.7302642,54.0976567,2018-09-01,GB,1.0,106.83,154.0,7000.0,7000.0,Siemens,Siemens,SWT-7.0-154,SWT-7.0-154,1.0,EMODnet + OSM +thewindpower.net,2018.0
-3.7451391,54.1019527,2018-09-01,GB,1.0,106.83,154.0,7000.0,7000.0,Siemens,Siemens,SWT-7.0-154,SWT-7.0-154,1.0,EMODnet + OSM +thewindpower.net,2018.0
-3.7307082,54.1079404,2018-09-01,GB,1.0,106.83,154.0,7000.0,7000.0,Siemens,Siemens,SWT-7.0-154,SWT-7.0-154,1.0,EMODnet + OSM +thewindpower.net,2018.0
-3.7593479,54.0962246,2018-09-01,GB,1.0,106.83,154.0,7000.0,7000.0,Siemens,Siemens,SWT-7.0-154,SWT-7.0-154,1.0,EMODnet + OSM +thewindpower.net,2018.0
-3.7742228,54.1,2018-09-01,GB,1.0,106.83,154.0,7000.0,7000.0,Siemens,Siemens,SWT-7.0-154,SWT-7.0-154,1.0,EMODnet + OSM +thewindpower.net,2018.0
-3.7629001,54.1065086,2018-09-01,GB,1.0,106.83,154.0,7000.0,7000.0,Siemens,Siemens,SWT-7.0-154,SWT-7.0-154,1.0,EMODnet + OSM +thewindpower.net,2018.0
-3.7648983,54.1163997,2018-09-01,GB,1.0,106.83,154.0,7000.0,7000.0,Siemens,Siemens,SWT-7.0-154,SWT-7.0-154,1.0,EMODnet + OSM +thewindpower.net,2018.0
-3.7626781,54.1265487,2018-09-01,GB,1.0,106.83,154.0,7000.0,7000.0,Siemens,Siemens,SWT-7.0-154,SWT-7.0-154,1.0,EMODnet + OSM +thewindpower.net,2018.0
-3.743363,54.1309718,2018-09-01,GB,1.0,106.83,154.0,7000.0,7000.0,Siemens,Siemens,SWT-7.0-154,SWT-7.0-154,1.0,EMODnet + OSM +thewindpower.net,2018.0
-3.7573498,54.1355246,2018-09-01,GB,1.0,106.83,154.0,7000.0,7000.0,Siemens,Siemens,SWT-7.0-154,SWT-7.0-154,1.0,EMODnet + OSM +thewindpower.net,2018.0
-3.8723526,54.0989585,2018-09-01,GB,1.0,106.83,154.0,7000.0,7000.0,Siemens,Siemens,SWT-7.0-154,SWT-7.0-154,1.0,EMODnet + OSM +thewindpower.net,2018.0
-3.8885595,54.1040355,2018-09-01,GB,1.0,106.83,154.0,7000.0,7000.0,Siemens,Siemens,SWT-7.0-154,SWT-7.0-154,1.0,EMODnet + OSM +thewindpower.net,2018.0
-3.9043225,54.1089816,2018-09-01,GB,1.0,106.83,154.0,7000.0,7000.0,Siemens,Siemens,SWT-7.0-154,SWT-7.0-154,1.0,EMODnet + OSM +thewindpower.net,2018.0
-3.9065426,54.119783,2018-09-01,GB,1.0,106.83,154.0,7000.0,7000.0,Siemens,Siemens,SWT-7.0-154,SWT-7.0-154,1.0,EMODnet + OSM +thewindpower.net,2018.0
-3.8910017,54.1148381,2018-09-01,GB,1.0,106.83,154.0,7000.0,7000.0,Siemens,Siemens,SWT-7.0-154,SWT-7.0-154,1.0,EMODnet + OSM +thewindpower.net,2018.0
-3.8759048,54.1097625,2018-09-01,GB,1.0,106.83,154.0,7000.0,7000.0,Siemens,Siemens,SWT-7.0-154,SWT-7.0-154,1.0,EMODnet + OSM +thewindpower.net,2018.0
-3.861918,54.1050768,2018-09-01,GB,1.0,106.83,154.0,7000.0,7000.0,Siemens,Siemens,SWT-7.0-154,SWT-7.0-154,1.0,EMODnet + OSM +thewindpower.net,2018.0
-3.8528154,54.0975265,2018-09-01,GB,1.0,106.83,154.0,7000.0,7000.0,Siemens,Siemens,SWT-7.0-154,SWT-7.0-154,1.0,EMODnet + OSM +thewindpower.net,2018.0
-3.8481532,54.1085912,2018-09-01,GB,1.0,106.83,154.0,7000.0,7000.0,Siemens,Siemens,SWT-7.0-154,SWT-7.0-154,1.0,EMODnet + OSM +thewindpower.net,2018.0
-3.8326122,54.1089816,2018-09-01,GB,1.0,106.83,154.0,7000.0,7000.0,Siemens,Siemens,SWT-7.0-154,SWT-7.0-154,1.0,EMODnet + OSM +thewindpower.net,2018.0
-3.8592538,54.1149683,2018-09-01,GB,1.0,106.83,154.0,7000.0,7000.0,Siemens,Siemens,SWT-7.0-154,SWT-7.0-154,1.0,EMODnet + OSM +thewindpower.net,2018.0
-3.8761268,54.1195228,2018-09-01,GB,1.0,106.83,154.0,7000.0,7000.0,Siemens,Siemens,SWT-7.0-154,SWT-7.0-154,1.0,EMODnet + OSM +thewindpower.net,2018.0
-3.8916677,54.1248574,2018-09-01,GB,1.0,106.83,154.0,7000.0,7000.0,Siemens,Siemens,SWT-7.0-154,SWT-7.0-154,1.0,EMODnet + OSM +thewindpower.net,2018.0
-3.9056546,54.1318824,2018-09-01,GB,1.0,106.83,154.0,7000.0,7000.0,Siemens,Siemens,SWT-7.0-154,SWT-7.0-154,1.0,EMODnet + OSM +thewindpower.net,2018.0
-3.8275059,54.1170504,2018-09-01,GB,1.0,106.83,154.0,7000.0,7000.0,Siemens,Siemens,SWT-7.0-154,SWT-7.0-154,1.0,EMODnet + OSM +thewindpower.net,2018.0
-3.8423808,54.1179613,2018-09-01,GB,1.0,106.83,154.0,7000.0,7000.0,Siemens,Siemens,SWT-7.0-154,SWT-7.0-154,1.0,EMODnet + OSM +thewindpower.net,2018.0
-3.8585878,54.124337,2018-09-01,GB,1.0,106.83,154.0,7000.0,7000.0,Siemens,Siemens,SWT-7.0-154,SWT-7.0-154,1.0,EMODnet + OSM +thewindpower.net,2018.0
-3.8754608,54.1294108,2018-09-01,GB,1.0,106.83,154.0,7000.0,7000.0,Siemens,Siemens,SWT-7.0-154,SWT-7.0-154,1.0,EMODnet + OSM +thewindpower.net,2018.0
-3.8903357,54.1330531,2018-09-01,GB,1.0,106.83,154.0,7000.0,7000.0,Siemens,Siemens,SWT-7.0-154,SWT-7.0-154,1.0,EMODnet + OSM +thewindpower.net,2018.0
-3.8275059,54.1257681,2018-09-01,GB,1.0,106.83,154.0,7000.0,7000.0,Siemens,Siemens,SWT-7.0-154,SWT-7.0-154,1.0,EMODnet + OSM +thewindpower.net,2018.0
-3.8437129,54.12824,2018-09-01,GB,1.0,106.83,154.0,7000.0,7000.0,Siemens,Siemens,SWT-7.0-154,SWT-7.0-154,1.0,EMODnet + OSM +thewindpower.net,2018.0
-3.8585878,54.1347441,2018-09-01,GB,1.0,106.83,154.0,7000.0,7000.0,Siemens,Siemens,SWT-7.0-154,SWT-7.0-154,1.0,EMODnet + OSM +thewindpower.net,2018.0
-3.8774589,54.138386,2018-09-01,GB,1.0,106.83,154.0,7000.0,7000.0,Siemens,Siemens,SWT-7.0-154,SWT-7.0-154,1.0,EMODnet + OSM +thewindpower.net,2018.0
-3.810633,54.1317523,2018-09-01,GB,1.0,106.83,154.0,7000.0,7000.0,Siemens,Siemens,SWT-7.0-154,SWT-7.0-154,1.0,EMODnet + OSM +thewindpower.net,2018.0
-3.8255078,54.1357847,2018-09-01,GB,1.0,106.83,154.0,7000.0,7000.0,Siemens,Siemens,SWT-7.0-154,SWT-7.0-154,1.0,EMODnet + OSM +thewindpower.net,2018.0
-3.8421588,54.138256,2018-09-01,GB,1.0,106.83,154.0,7000.0,7000.0,Siemens,Siemens,SWT-7.0-154,SWT-7.0-154,1.0,EMODnet + OSM +thewindpower.net,2018.0
-3.8636941,54.1435882,2018-09-01,GB,1.0,106.83,154.0,7000.0,7000.0,Siemens,Siemens,SWT-7.0-154,SWT-7.0-154,1.0,EMODnet + OSM +thewindpower.net,2018.0
-3.8499293,54.1452787,2018-09-01,GB,1.0,106.83,154.0,7000.0,7000.0,Siemens,Siemens,SWT-7.0-154,SWT-7.0-154,1.0,EMODnet + OSM +thewindpower.net,2018.0
-3.7977562,54.138256,2018-09-01,GB,1.0,106.83,154.0,7000.0,7000.0,Siemens,Siemens,SWT-7.0-154,SWT-7.0-154,1.0,EMODnet + OSM +thewindpower.net,2018.0
-3.8135191,54.1420276,2018-09-01,GB,1.0,106.83,154.0,7000.0,7000.0,Siemens,Siemens,SWT-7.0-154,SWT-7.0-154,1.0,EMODnet + OSM +thewindpower.net,2018.0
-3.828838,54.1459289,2018-09-01,GB,1.0,106.83,154.0,7000.0,7000.0,Siemens,Siemens,SWT-7.0-154,SWT-7.0-154,1.0,EMODnet + OSM +thewindpower.net,2018.0
-3.8408267,54.1526904,2018-09-01,GB,1.0,106.83,154.0,7000.0,7000.0,Siemens,Siemens,SWT-7.0-154,SWT-7.0-154,1.0,EMODnet + OSM +thewindpower.net,2018.0
-3.7993103,54.1482695,2018-09-01,GB,1.0,106.83,154.0,7000.0,7000.0,Siemens,Siemens,SWT-7.0-154,SWT-7.0-154,1.0,EMODnet + OSM +thewindpower.net,2018.0
-3.7855455,54.1435882,2018-09-01,GB,1.0,106.83,154.0,7000.0,7000.0,Siemens,Siemens,SWT-7.0-154,SWT-7.0-154,1.0,EMODnet + OSM +thewindpower.net,2018.0
-3.8135191,54.1526904,2018-09-01,GB,1.0,106.83,154.0,7000.0,7000.0,Siemens,Siemens,SWT-7.0-154,SWT-7.0-154,1.0,EMODnet + OSM +thewindpower.net,2018.0
-3.827728,54.1575007,2018-09-01,GB,1.0,106.83,154.0,7000.0,7000.0,Siemens,Siemens,SWT-7.0-154,SWT-7.0-154,1.0,EMODnet + OSM +thewindpower.net,2018.0
-0.1932909,50.6676341,2018-11-01,GB,1.0,84.0,112.0,3450.0,3450.0,Vestas,Vestas,V112/3450,V112/3450,1.0,EMODnet + OSM +thewindpower.net,2018.0
-0.1958658,50.6734002,2018-11-01,GB,1.0,84.0,112.0,3450.0,3450.0,Vestas,Vestas,V112/3450,V112/3450,1.0,EMODnet + OSM +thewindpower.net,2018.0
-0.1979257,50.6806885,2018-11-01,GB,1.0,84.0,112.0,3450.0,3450.0,Vestas,Vestas,V112/3450,V112/3450,1.0,EMODnet + OSM +thewindpower.net,2018.0
-0.2005007,50.6872143,2018-11-01,GB,1.0,84.0,112.0,3450.0,3450.0,Vestas,Vestas,V112/3450,V112/3450,1.0,EMODnet + OSM +thewindpower.net,2018.0
-0.2041055,50.7016767,2018-11-01,GB,1.0,84.0,112.0,3450.0,3450.0,Vestas,Vestas,V112/3450,V112/3450,1.0,EMODnet + OSM +thewindpower.net,2018.0
-0.2144052,50.7033076,2018-11-01,GB,1.0,84.0,112.0,3450.0,3450.0,Vestas,Vestas,V112/3450,V112/3450,1.0,EMODnet + OSM +thewindpower.net,2018.0
-0.212002,50.696349,2018-11-01,GB,1.0,84.0,112.0,3450.0,3450.0,Vestas,Vestas,V112/3450,V112/3450,1.0,EMODnet + OSM +thewindpower.net,2018.0
-0.2101137,50.6894982,2018-11-01,GB,1.0,84.0,112.0,3450.0,3450.0,Vestas,Vestas,V112/3450,V112/3450,1.0,EMODnet + OSM +thewindpower.net,2018.0
-0.2082254,50.6831902,2018-11-01,GB,1.0,84.0,112.0,3450.0,3450.0,Vestas,Vestas,V112/3450,V112/3450,1.0,EMODnet + OSM +thewindpower.net,2018.0
-0.2058222,50.6756847,2018-11-01,GB,1.0,84.0,112.0,3450.0,3450.0,Vestas,Vestas,V112/3450,V112/3450,1.0,EMODnet + OSM +thewindpower.net,2018.0
-0.2042772,50.6693749,2018-11-01,GB,1.0,84.0,112.0,3450.0,3450.0,Vestas,Vestas,V112/3450,V112/3450,1.0,EMODnet + OSM +thewindpower.net,2018.0
-0.2017023,50.6621936,2018-11-01,GB,1.0,84.0,112.0,3450.0,3450.0,Vestas,Vestas,V112/3450,V112/3450,1.0,EMODnet + OSM +thewindpower.net,2018.0
-0.2097704,50.6572967,2018-11-01,GB,1.0,84.0,112.0,3450.0,3450.0,Vestas,Vestas,V112/3450,V112/3450,1.0,EMODnet + OSM +thewindpower.net,2018.0
-0.2121736,50.6640434,2018-11-01,GB,1.0,84.0,112.0,3450.0,3450.0,Vestas,Vestas,V112/3450,V112/3450,1.0,EMODnet + OSM +thewindpower.net,2018.0
-0.2138902,50.6710068,2018-11-01,GB,1.0,84.0,112.0,3450.0,3450.0,Vestas,Vestas,V112/3450,V112/3450,1.0,EMODnet + OSM +thewindpower.net,2018.0
-0.2162935,50.6777516,2018-11-01,GB,1.0,84.0,112.0,3450.0,3450.0,Vestas,Vestas,V112/3450,V112/3450,1.0,EMODnet + OSM +thewindpower.net,2018.0
-0.2180101,50.6850392,2018-11-01,GB,1.0,84.0,112.0,3450.0,3450.0,Vestas,Vestas,V112/3450,V112/3450,1.0,EMODnet + OSM +thewindpower.net,2018.0
-0.2198984,50.6919994,2018-11-01,GB,1.0,84.0,112.0,3450.0,3450.0,Vestas,Vestas,V112/3450,V112/3450,1.0,EMODnet + OSM +thewindpower.net,2018.0
-0.222645,50.6984149,2018-11-01,GB,1.0,84.0,112.0,3450.0,3450.0,Vestas,Vestas,V112/3450,V112/3450,1.0,EMODnet + OSM +thewindpower.net,2018.0
-0.2245333,50.7051558,2018-11-01,GB,1.0,84.0,112.0,3450.0,3450.0,Vestas,Vestas,V112/3450,V112/3450,1.0,EMODnet + OSM +thewindpower.net,2018.0
-0.232258,50.7005895,2018-11-01,GB,1.0,84.0,112.0,3450.0,3450.0,Vestas,Vestas,V112/3450,V112/3450,1.0,EMODnet + OSM +thewindpower.net,2018.0
-0.2296831,50.6928693,2018-11-01,GB,1.0,84.0,112.0,3450.0,3450.0,Vestas,Vestas,V112/3450,V112/3450,1.0,EMODnet + OSM +thewindpower.net,2018.0
-0.2283098,50.6865618,2018-11-01,GB,1.0,84.0,112.0,3450.0,3450.0,Vestas,Vestas,V112/3450,V112/3450,1.0,EMODnet + OSM +thewindpower.net,2018.0
-0.2240183,50.6732914,2018-11-01,GB,1.0,84.0,112.0,3450.0,3450.0,Vestas,Vestas,V112/3450,V112/3450,1.0,EMODnet + OSM +thewindpower.net,2018.0
-0.221615,50.6667636,2018-11-01,GB,1.0,84.0,112.0,3450.0,3450.0,Vestas,Vestas,V112/3450,V112/3450,1.0,EMODnet + OSM +thewindpower.net,2018.0
-0.2197267,50.6593644,2018-11-01,GB,1.0,84.0,112.0,3450.0,3450.0,Vestas,Vestas,V112/3450,V112/3450,1.0,EMODnet + OSM +thewindpower.net,2018.0
-0.2176668,50.6523993,2018-11-01,GB,1.0,84.0,112.0,3450.0,3450.0,Vestas,Vestas,V112/3450,V112/3450,1.0,EMODnet + OSM +thewindpower.net,2018.0
-0.2281381,50.6540318,2018-11-01,GB,1.0,84.0,112.0,3450.0,3450.0,Vestas,Vestas,V112/3450,V112/3450,1.0,EMODnet + OSM +thewindpower.net,2018.0
-0.2305414,50.6612143,2018-11-01,GB,1.0,84.0,112.0,3450.0,3450.0,Vestas,Vestas,V112/3450,V112/3450,1.0,EMODnet + OSM +thewindpower.net,2018.0
-0.234318,50.6751408,2018-11-01,GB,1.0,84.0,112.0,3450.0,3450.0,Vestas,Vestas,V112/3450,V112/3450,1.0,EMODnet + OSM +thewindpower.net,2018.0
-0.2368929,50.6816674,2018-11-01,GB,1.0,84.0,112.0,3450.0,3450.0,Vestas,Vestas,V112/3450,V112/3450,1.0,EMODnet + OSM +thewindpower.net,2018.0
-0.2382662,50.6885194,2018-11-01,GB,1.0,84.0,112.0,3450.0,3450.0,Vestas,Vestas,V112/3450,V112/3450,1.0,EMODnet + OSM +thewindpower.net,2018.0
-0.2411844,50.6955879,2018-11-01,GB,1.0,84.0,112.0,3450.0,3450.0,Vestas,Vestas,V112/3450,V112/3450,1.0,EMODnet + OSM +thewindpower.net,2018.0
-0.242386,50.702764,2018-11-01,GB,1.0,84.0,112.0,3450.0,3450.0,Vestas,Vestas,V112/3450,V112/3450,1.0,EMODnet + OSM +thewindpower.net,2018.0
-0.2513124,50.6972189,2018-11-01,GB,1.0,84.0,112.0,3450.0,3450.0,Vestas,Vestas,V112/3450,V112/3450,1.0,EMODnet + OSM +thewindpower.net,2018.0
-0.2495958,50.6906944,2018-11-01,GB,1.0,84.0,112.0,3450.0,3450.0,Vestas,Vestas,V112/3450,V112/3450,1.0,EMODnet + OSM +thewindpower.net,2018.0
-0.2465059,50.6838428,2018-11-01,GB,1.0,84.0,112.0,3450.0,3450.0,Vestas,Vestas,V112/3450,V112/3450,1.0,EMODnet + OSM +thewindpower.net,2018.0
-0.2446176,50.676555,2018-11-01,GB,1.0,84.0,112.0,3450.0,3450.0,Vestas,Vestas,V112/3450,V112/3450,1.0,EMODnet + OSM +thewindpower.net,2018.0
-0.242386,50.6699188,2018-11-01,GB,1.0,84.0,112.0,3450.0,3450.0,Vestas,Vestas,V112/3450,V112/3450,1.0,EMODnet + OSM +thewindpower.net,2018.0
-0.2403261,50.6634994,2018-11-01,GB,1.0,84.0,112.0,3450.0,3450.0,Vestas,Vestas,V112/3450,V112/3450,1.0,EMODnet + OSM +thewindpower.net,2018.0
-0.2374079,50.6563173,2018-11-01,GB,1.0,84.0,112.0,3450.0,3450.0,Vestas,Vestas,V112/3450,V112/3450,1.0,EMODnet + OSM +thewindpower.net,2018.0
-0.2353479,50.6493517,2018-11-01,GB,1.0,84.0,112.0,3450.0,3450.0,Vestas,Vestas,V112/3450,V112/3450,1.0,EMODnet + OSM +thewindpower.net,2018.0
-0.2459909,50.6516374,2018-11-01,GB,1.0,84.0,112.0,3450.0,3450.0,Vestas,Vestas,V112/3450,V112/3450,1.0,EMODnet + OSM +thewindpower.net,2018.0
-0.2482225,50.6584938,2018-11-01,GB,1.0,84.0,112.0,3450.0,3450.0,Vestas,Vestas,V112/3450,V112/3450,1.0,EMODnet + OSM +thewindpower.net,2018.0
-0.2502825,50.6649139,2018-11-01,GB,1.0,84.0,112.0,3450.0,3450.0,Vestas,Vestas,V112/3450,V112/3450,1.0,EMODnet + OSM +thewindpower.net,2018.0
-0.2525141,50.6724211,2018-11-01,GB,1.0,84.0,112.0,3450.0,3450.0,Vestas,Vestas,V112/3450,V112/3450,1.0,EMODnet + OSM +thewindpower.net,2018.0
-0.254574,50.6786218,2018-11-01,GB,1.0,84.0,112.0,3450.0,3450.0,Vestas,Vestas,V112/3450,V112/3450,1.0,EMODnet + OSM +thewindpower.net,2018.0
-0.2568056,50.686018,2018-11-01,GB,1.0,84.0,112.0,3450.0,3450.0,Vestas,Vestas,V112/3450,V112/3450,1.0,EMODnet + OSM +thewindpower.net,2018.0
-0.2581789,50.6605614,2018-11-01,GB,1.0,84.0,112.0,3450.0,3450.0,Vestas,Vestas,V112/3450,V112/3450,1.0,EMODnet + OSM +thewindpower.net,2018.0
-0.2562906,50.6533788,2018-11-01,GB,1.0,84.0,112.0,3450.0,3450.0,Vestas,Vestas,V112/3450,V112/3450,1.0,EMODnet + OSM +thewindpower.net,2018.0
-0.254059,50.6468483,2018-11-01,GB,1.0,84.0,112.0,3450.0,3450.0,Vestas,Vestas,V112/3450,V112/3450,1.0,EMODnet + OSM +thewindpower.net,2018.0
-0.2640154,50.6481544,2018-11-01,GB,1.0,84.0,112.0,3450.0,3450.0,Vestas,Vestas,V112/3450,V112/3450,1.0,EMODnet + OSM +thewindpower.net,2018.0
-0.2665903,50.6555555,2018-11-01,GB,1.0,84.0,112.0,3450.0,3450.0,Vestas,Vestas,V112/3450,V112/3450,1.0,EMODnet + OSM +thewindpower.net,2018.0
-0.2672769,50.6873231,2018-11-01,GB,1.0,84.0,112.0,3450.0,3450.0,Vestas,Vestas,V112/3450,V112/3450,1.0,EMODnet + OSM +thewindpower.net,2018.0
-0.2856447,50.6848216,2018-11-01,GB,1.0,84.0,112.0,3450.0,3450.0,Vestas,Vestas,V112/3450,V112/3450,1.0,EMODnet + OSM +thewindpower.net,2018.0
-0.2810098,50.6711156,2018-11-01,GB,1.0,84.0,112.0,3450.0,3450.0,Vestas,Vestas,V112/3450,V112/3450,1.0,EMODnet + OSM +thewindpower.net,2018.0
-0.2787782,50.6645875,2018-11-01,GB,1.0,84.0,112.0,3450.0,3450.0,Vestas,Vestas,V112/3450,V112/3450,1.0,EMODnet + OSM +thewindpower.net,2018.0
-0.2765466,50.6571879,2018-11-01,GB,1.0,84.0,112.0,3450.0,3450.0,Vestas,Vestas,V112/3450,V112/3450,1.0,EMODnet + OSM +thewindpower.net,2018.0
-0.2746584,50.6503313,2018-11-01,GB,1.0,84.0,112.0,3450.0,3450.0,Vestas,Vestas,V112/3450,V112/3450,1.0,EMODnet + OSM +thewindpower.net,2018.0
-0.2851297,50.6520728,2018-11-01,GB,1.0,84.0,112.0,3450.0,3450.0,Vestas,Vestas,V112/3450,V112/3450,1.0,EMODnet + OSM +thewindpower.net,2018.0
-0.2873613,50.6594732,2018-11-01,GB,1.0,84.0,112.0,3450.0,3450.0,Vestas,Vestas,V112/3450,V112/3450,1.0,EMODnet + OSM +thewindpower.net,2018.0
-0.2894213,50.6663284,2018-11-01,GB,1.0,84.0,112.0,3450.0,3450.0,Vestas,Vestas,V112/3450,V112/3450,1.0,EMODnet + OSM +thewindpower.net,2018.0
-0.2916529,50.6726387,2018-11-01,GB,1.0,84.0,112.0,3450.0,3450.0,Vestas,Vestas,V112/3450,V112/3450,1.0,EMODnet + OSM +thewindpower.net,2018.0
-0.2937128,50.6800358,2018-11-01,GB,1.0,84.0,112.0,3450.0,3450.0,Vestas,Vestas,V112/3450,V112/3450,1.0,EMODnet + OSM +thewindpower.net,2018.0
-0.2954294,50.6866706,2018-11-01,GB,1.0,84.0,112.0,3450.0,3450.0,Vestas,Vestas,V112/3450,V112/3450,1.0,EMODnet + OSM +thewindpower.net,2018.0
-0.3059007,50.6888457,2018-11-01,GB,1.0,84.0,112.0,3450.0,3450.0,Vestas,Vestas,V112/3450,V112/3450,1.0,EMODnet + OSM +thewindpower.net,2018.0
-0.3038408,50.6817762,2018-11-01,GB,1.0,84.0,112.0,3450.0,3450.0,Vestas,Vestas,V112/3450,V112/3450,1.0,EMODnet + OSM +thewindpower.net,2018.0
-0.3014375,50.6751408,2018-11-01,GB,1.0,84.0,112.0,3450.0,3450.0,Vestas,Vestas,V112/3450,V112/3450,1.0,EMODnet + OSM +thewindpower.net,2018.0
-0.2995493,50.6681781,2018-11-01,GB,1.0,84.0,112.0,3450.0,3450.0,Vestas,Vestas,V112/3450,V112/3450,1.0,EMODnet + OSM +thewindpower.net,2018.0
-0.2974893,50.6612143,2018-11-01,GB,1.0,84.0,112.0,3450.0,3450.0,Vestas,Vestas,V112/3450,V112/3450,1.0,EMODnet + OSM +thewindpower.net,2018.0
-0.2950861,50.654576,2018-11-01,GB,1.0,84.0,112.0,3450.0,3450.0,Vestas,Vestas,V112/3450,V112/3450,1.0,EMODnet + OSM +thewindpower.net,2018.0
-0.2925112,50.6472837,2018-11-01,GB,1.0,84.0,112.0,3450.0,3450.0,Vestas,Vestas,V112/3450,V112/3450,1.0,EMODnet + OSM +thewindpower.net,2018.0
-0.3010942,50.642494,2018-11-01,GB,1.0,84.0,112.0,3450.0,3450.0,Vestas,Vestas,V112/3450,V112/3450,1.0,EMODnet + OSM +thewindpower.net,2018.0
-0.3033258,50.6491341,2018-11-01,GB,1.0,84.0,112.0,3450.0,3450.0,Vestas,Vestas,V112/3450,V112/3450,1.0,EMODnet + OSM +thewindpower.net,2018.0
-0.3053858,50.6562084,2018-11-01,GB,1.0,84.0,112.0,3450.0,3450.0,Vestas,Vestas,V112/3450,V112/3450,1.0,EMODnet + OSM +thewindpower.net,2018.0
-0.3074457,50.6630641,2018-11-01,GB,1.0,84.0,112.0,3450.0,3450.0,Vestas,Vestas,V112/3450,V112/3450,1.0,EMODnet + OSM +thewindpower.net,2018.0
-0.309849,50.6701364,2018-11-01,GB,1.0,84.0,112.0,3450.0,3450.0,Vestas,Vestas,V112/3450,V112/3450,1.0,EMODnet + OSM +thewindpower.net,2018.0
-0.3119089,50.6767725,2018-11-01,GB,1.0,84.0,112.0,3450.0,3450.0,Vestas,Vestas,V112/3450,V112/3450,1.0,EMODnet + OSM +thewindpower.net,2018.0
-0.3141405,50.6836252,2018-11-01,GB,1.0,84.0,112.0,3450.0,3450.0,Vestas,Vestas,V112/3450,V112/3450,1.0,EMODnet + OSM +thewindpower.net,2018.0
-0.3168871,50.6905857,2018-11-01,GB,1.0,84.0,112.0,3450.0,3450.0,Vestas,Vestas,V112/3450,V112/3450,1.0,EMODnet + OSM +thewindpower.net,2018.0
-0.3249552,50.6858005,2018-11-01,GB,1.0,84.0,112.0,3450.0,3450.0,Vestas,Vestas,V112/3450,V112/3450,1.0,EMODnet + OSM +thewindpower.net,2018.0
-0.3223802,50.6793832,2018-11-01,GB,1.0,84.0,112.0,3450.0,3450.0,Vestas,Vestas,V112/3450,V112/3450,1.0,EMODnet + OSM +thewindpower.net,2018.0
-0.3203203,50.6720947,2018-11-01,GB,1.0,84.0,112.0,3450.0,3450.0,Vestas,Vestas,V112/3450,V112/3450,1.0,EMODnet + OSM +thewindpower.net,2018.0
-0.3175737,50.665458,2018-11-01,GB,1.0,84.0,112.0,3450.0,3450.0,Vestas,Vestas,V112/3450,V112/3450,1.0,EMODnet + OSM +thewindpower.net,2018.0
-0.3162004,50.6586026,2018-11-01,GB,1.0,84.0,112.0,3450.0,3450.0,Vestas,Vestas,V112/3450,V112/3450,1.0,EMODnet + OSM +thewindpower.net,2018.0
-0.3139688,50.6513109,2018-11-01,GB,1.0,84.0,112.0,3450.0,3450.0,Vestas,Vestas,V112/3450,V112/3450,1.0,EMODnet + OSM +thewindpower.net,2018.0
-0.3110506,50.6443446,2018-11-01,GB,1.0,84.0,112.0,3450.0,3450.0,Vestas,Vestas,V112/3450,V112/3450,1.0,EMODnet + OSM +thewindpower.net,2018.0
-0.3089907,50.6378128,2018-11-01,GB,1.0,84.0,112.0,3450.0,3450.0,Vestas,Vestas,V112/3450,V112/3450,1.0,EMODnet + OSM +thewindpower.net,2018.0
-0.3191187,50.6394459,2018-11-01,GB,1.0,84.0,112.0,3450.0,3450.0,Vestas,Vestas,V112/3450,V112/3450,1.0,EMODnet + OSM +thewindpower.net,2018.0
-0.3220369,50.6465217,2018-11-01,GB,1.0,84.0,112.0,3450.0,3450.0,Vestas,Vestas,V112/3450,V112/3450,1.0,EMODnet + OSM +thewindpower.net,2018.0
-0.3246118,50.6530523,2018-11-01,GB,1.0,84.0,112.0,3450.0,3450.0,Vestas,Vestas,V112/3450,V112/3450,1.0,EMODnet + OSM +thewindpower.net,2018.0
-0.3266718,50.6599085,2018-11-01,GB,1.0,84.0,112.0,3450.0,3450.0,Vestas,Vestas,V112/3450,V112/3450,1.0,EMODnet + OSM +thewindpower.net,2018.0
-0.3278734,50.6667636,2018-11-01,GB,1.0,84.0,112.0,3450.0,3450.0,Vestas,Vestas,V112/3450,V112/3450,1.0,EMODnet + OSM +thewindpower.net,2018.0
-0.3304483,50.6741617,2018-11-01,GB,1.0,84.0,112.0,3450.0,3450.0,Vestas,Vestas,V112/3450,V112/3450,1.0,EMODnet + OSM +thewindpower.net,2018.0
-0.3323366,50.6805797,2018-11-01,GB,1.0,84.0,112.0,3450.0,3450.0,Vestas,Vestas,V112/3450,V112/3450,1.0,EMODnet + OSM +thewindpower.net,2018.0
-0.3345682,50.6876494,2018-11-01,GB,1.0,84.0,112.0,3450.0,3450.0,Vestas,Vestas,V112/3450,V112/3450,1.0,EMODnet + OSM +thewindpower.net,2018.0
-0.3429796,50.6825376,2018-11-01,GB,1.0,84.0,112.0,3450.0,3450.0,Vestas,Vestas,V112/3450,V112/3450,1.0,EMODnet + OSM +thewindpower.net,2018.0
-0.3405763,50.6756847,2018-11-01,GB,1.0,84.0,112.0,3450.0,3450.0,Vestas,Vestas,V112/3450,V112/3450,1.0,EMODnet + OSM +thewindpower.net,2018.0
-0.3381731,50.6691573,2018-11-01,GB,1.0,84.0,112.0,3450.0,3450.0,Vestas,Vestas,V112/3450,V112/3450,1.0,EMODnet + OSM +thewindpower.net,2018.0
-0.3367998,50.6624113,2018-11-01,GB,1.0,84.0,112.0,3450.0,3450.0,Vestas,Vestas,V112/3450,V112/3450,1.0,EMODnet + OSM +thewindpower.net,2018.0
-0.3342249,50.6553378,2018-11-01,GB,1.0,84.0,112.0,3450.0,3450.0,Vestas,Vestas,V112/3450,V112/3450,1.0,EMODnet + OSM +thewindpower.net,2018.0
-0.3314783,50.6482633,2018-11-01,GB,1.0,84.0,112.0,3450.0,3450.0,Vestas,Vestas,V112/3450,V112/3450,1.0,EMODnet + OSM +thewindpower.net,2018.0
-0.350876,50.6779691,2018-11-01,GB,1.0,84.0,112.0,3450.0,3450.0,Vestas,Vestas,V112/3450,V112/3450,1.0,EMODnet + OSM +thewindpower.net,2018.0
-0.3488161,50.6713332,2018-11-01,GB,1.0,84.0,112.0,3450.0,3450.0,Vestas,Vestas,V112/3450,V112/3450,1.0,EMODnet + OSM +thewindpower.net,2018.0
-0.3470995,50.6641523,2018-11-01,GB,1.0,84.0,112.0,3450.0,3450.0,Vestas,Vestas,V112/3450,V112/3450,1.0,EMODnet + OSM +thewindpower.net,2018.0
-0.3441812,50.657732,2018-11-01,GB,1.0,84.0,112.0,3450.0,3450.0,Vestas,Vestas,V112/3450,V112/3450,1.0,EMODnet + OSM +thewindpower.net,2018.0
-0.342293,50.6503313,2018-11-01,GB,1.0,84.0,112.0,3450.0,3450.0,Vestas,Vestas,V112/3450,V112/3450,1.0,EMODnet + OSM +thewindpower.net,2018.0
-0.3289034,50.6419497,2018-11-01,GB,1.0,84.0,112.0,3450.0,3450.0,Vestas,Vestas,V112/3450,V112/3450,1.0,EMODnet + OSM +thewindpower.net,2018.0
-0.3277017,50.6347643,2018-11-01,GB,1.0,84.0,112.0,3450.0,3450.0,Vestas,Vestas,V112/3450,V112/3450,1.0,EMODnet + OSM +thewindpower.net,2018.0
-0.3479578,50.6385749,2018-11-01,GB,1.0,84.0,112.0,3450.0,3450.0,Vestas,Vestas,V112/3450,V112/3450,1.0,EMODnet + OSM +thewindpower.net,2018.0
-0.3500177,50.645542,2018-11-01,GB,1.0,84.0,112.0,3450.0,3450.0,Vestas,Vestas,V112/3450,V112/3450,1.0,EMODnet + OSM +thewindpower.net,2018.0
-0.3546526,50.6592555,2018-11-01,GB,1.0,84.0,112.0,3450.0,3450.0,Vestas,Vestas,V112/3450,V112/3450,1.0,EMODnet + OSM +thewindpower.net,2018.0
-0.3568842,50.6671988,2018-11-01,GB,1.0,84.0,112.0,3450.0,3450.0,Vestas,Vestas,V112/3450,V112/3450,1.0,EMODnet + OSM +thewindpower.net,2018.0
-0.3592874,50.6730738,2018-11-01,GB,1.0,84.0,112.0,3450.0,3450.0,Vestas,Vestas,V112/3450,V112/3450,1.0,EMODnet + OSM +thewindpower.net,2018.0
-0.361519,50.6798183,2018-11-01,GB,1.0,84.0,112.0,3450.0,3450.0,Vestas,Vestas,V112/3450,V112/3450,1.0,EMODnet + OSM +thewindpower.net,2018.0
-0.3531076,50.6843866,2018-11-01,GB,1.0,84.0,112.0,3450.0,3450.0,Vestas,Vestas,V112/3450,V112/3450,1.0,EMODnet + OSM +thewindpower.net,2018.0
-2.0127432,57.2235827,2018-09-01,GB,1.0,120.0,164.0,8472.727272727272,8472.727272727272,Vestas,Vestas,V164/8400,V164/8400,1.0,EMODnet + OSM +thewindpower.net,2018.0
-2.0002219,57.2199552,2018-09-01,GB,1.0,120.0,164.0,8472.727272727272,8472.727272727272,Vestas,Vestas,V164/8400,V164/8400,1.0,EMODnet + OSM +thewindpower.net,2018.0
-1.9879691,57.2243684,2018-09-01,GB,1.0,120.0,164.0,8472.727272727272,8472.727272727272,Vestas,Vestas,V164/8400,V164/8400,1.0,EMODnet + OSM +thewindpower.net,2018.0
-2.0023158,57.2283125,2018-09-01,GB,1.0,120.0,164.0,8472.727272727272,8472.727272727272,Vestas,Vestas,V164/8400,V164/8400,1.0,EMODnet + OSM +thewindpower.net,2018.0
-1.9742404,57.230095,2018-09-01,GB,1.0,120.0,164.0,8472.727272727272,8472.727272727272,Vestas,Vestas,V164/8400,V164/8400,1.0,EMODnet + OSM +thewindpower.net,2018.0
-1.989579,57.2334674,2018-09-01,GB,1.0,120.0,164.0,8472.727272727272,8472.727272727272,Vestas,Vestas,V164/8400,V164/8400,1.0,EMODnet + OSM +thewindpower.net,2018.0
-1.975945,57.2400356,2018-09-01,GB,1.0,120.0,164.0,8472.727272727272,8472.727272727272,Vestas,Vestas,V164/8400,V164/8400,1.0,EMODnet + OSM +thewindpower.net,2018.0
-1.9859696,57.2159883,2018-09-01,GB,1.0,120.0,164.0,8472.727272727272,8472.727272727272,Vestas,Vestas,V164/8400,V164/8400,1.0,EMODnet + OSM +thewindpower.net,2018.0
-2.0112256,57.2159143,2018-09-01,GB,1.0,120.0,164.0,8472.727272727272,8472.727272727272,Vestas,Vestas,V164/8400,V164/8400,1.0,EMODnet + OSM +thewindpower.net,2018.0
-2.0105615,57.2079836,2018-09-01,GB,1.0,120.0,164.0,8472.727272727272,8472.727272727272,Vestas,Vestas,V164/8400,V164/8400,1.0,EMODnet + OSM +thewindpower.net,2018.0
-1.9989202,57.2118384,2018-09-01,GB,1.0,120.0,164.0,8472.727272727272,8472.727272727272,Vestas,Vestas,V164/8400,V164/8400,1.0,EMODnet + OSM +thewindpower.net,2018.0
5.8780261,54.005426,2017-04-01,NL,1.0,90.0,130.0,4000.0,4000.0,Siemens,Siemens,SWT-4.0-130,SWT-4.0-130,1.0,EMODnet + OSM +thewindpower.net,2017.0
5.8218454,54.0507749,2017-04-01,NL,1.0,90.0,130.0,4000.0,4000.0,Siemens,Siemens,SWT-4.0-130,SWT-4.0-130,1.0,EMODnet + OSM +thewindpower.net,2017.0
5.815597,54.0558111,2017-04-01,NL,1.0,90.0,130.0,4000.0,4000.0,Siemens,Siemens,SWT-4.0-130,SWT-4.0-130,1.0,EMODnet + OSM +thewindpower.net,2017.0
5.8905658,54.0053782,2017-04-01,NL,1.0,90.0,130.0,4000.0,4000.0,Siemens,Siemens,SWT-4.0-130,SWT-4.0-130,1.0,EMODnet + OSM +thewindpower.net,2017.0
5.8849041,54.0105733,2017-04-01,NL,1.0,90.0,130.0,4000.0,4000.0,Siemens,Siemens,SWT-4.0-130,SWT-4.0-130,1.0,EMODnet + OSM +thewindpower.net,2017.0
5.8792411,54.015768,2017-04-01,NL,1.0,90.0,130.0,4000.0,4000.0,Siemens,Siemens,SWT-4.0-130,SWT-4.0-130,1.0,EMODnet + OSM +thewindpower.net,2017.0
5.8735766,54.0209625,2017-04-01,NL,1.0,90.0,130.0,4000.0,4000.0,Siemens,Siemens,SWT-4.0-130,SWT-4.0-130,1.0,EMODnet + OSM +thewindpower.net,2017.0
5.8679111,54.0261566,2017-04-01,NL,1.0,90.0,130.0,4000.0,4000.0,Siemens,Siemens,SWT-4.0-130,SWT-4.0-130,1.0,EMODnet + OSM +thewindpower.net,2017.0
5.8609397,54.0313011,2017-04-01,NL,1.0,90.0,130.0,4000.0,4000.0,Siemens,Siemens,SWT-4.0-130,SWT-4.0-130,1.0,EMODnet + OSM +thewindpower.net,2017.0
5.8538847,54.036407,2017-04-01,NL,1.0,90.0,130.0,4000.0,4000.0,Siemens,Siemens,SWT-4.0-130,SWT-4.0-130,1.0,EMODnet + OSM +thewindpower.net,2017.0
5.8481202,54.0415743,2017-04-01,NL,1.0,90.0,130.0,4000.0,4000.0,Siemens,Siemens,SWT-4.0-130,SWT-4.0-130,1.0,EMODnet + OSM +thewindpower.net,2017.0
5.8717912,54.0104649,2017-04-01,NL,1.0,90.0,130.0,4000.0,4000.0,Siemens,Siemens,SWT-4.0-130,SWT-4.0-130,1.0,EMODnet + OSM +thewindpower.net,2017.0
5.8423542,54.0467411,2017-04-01,NL,1.0,90.0,130.0,4000.0,4000.0,Siemens,Siemens,SWT-4.0-130,SWT-4.0-130,1.0,EMODnet + OSM +thewindpower.net,2017.0
5.836587,54.0519078,2017-04-01,NL,1.0,90.0,130.0,4000.0,4000.0,Siemens,Siemens,SWT-4.0-130,SWT-4.0-130,1.0,EMODnet + OSM +thewindpower.net,2017.0
5.8308182,54.0570742,2017-04-01,NL,1.0,90.0,130.0,4000.0,4000.0,Siemens,Siemens,SWT-4.0-130,SWT-4.0-130,1.0,EMODnet + OSM +thewindpower.net,2017.0
5.9031054,54.0053291,2017-04-01,NL,1.0,90.0,130.0,4000.0,4000.0,Siemens,Siemens,SWT-4.0-130,SWT-4.0-130,1.0,EMODnet + OSM +thewindpower.net,2017.0
5.8984797,54.0101937,2017-04-01,NL,1.0,90.0,130.0,4000.0,4000.0,Siemens,Siemens,SWT-4.0-130,SWT-4.0-130,1.0,EMODnet + OSM +thewindpower.net,2017.0
5.8938532,54.0150582,2017-04-01,NL,1.0,90.0,130.0,4000.0,4000.0,Siemens,Siemens,SWT-4.0-130,SWT-4.0-130,1.0,EMODnet + OSM +thewindpower.net,2017.0
5.8892254,54.0199222,2017-04-01,NL,1.0,90.0,130.0,4000.0,4000.0,Siemens,Siemens,SWT-4.0-130,SWT-4.0-130,1.0,EMODnet + OSM +thewindpower.net,2017.0
5.8845969,54.0247861,2017-04-01,NL,1.0,90.0,130.0,4000.0,4000.0,Siemens,Siemens,SWT-4.0-130,SWT-4.0-130,1.0,EMODnet + OSM +thewindpower.net,2017.0
5.8799672,54.0296498,2017-04-01,NL,1.0,90.0,130.0,4000.0,4000.0,Siemens,Siemens,SWT-4.0-130,SWT-4.0-130,1.0,EMODnet + OSM +thewindpower.net,2017.0
5.8700706,54.0342584,2017-04-01,NL,1.0,90.0,130.0,4000.0,4000.0,Siemens,Siemens,SWT-4.0-130,SWT-4.0-130,1.0,EMODnet + OSM +thewindpower.net,2017.0
5.8655546,54.0155036,2017-04-01,NL,1.0,90.0,130.0,4000.0,4000.0,Siemens,Siemens,SWT-4.0-130,SWT-4.0-130,1.0,EMODnet + OSM +thewindpower.net,2017.0
5.8652667,54.0390742,2017-04-01,NL,1.0,90.0,130.0,4000.0,4000.0,Siemens,Siemens,SWT-4.0-130,SWT-4.0-130,1.0,EMODnet + OSM +thewindpower.net,2017.0
5.8604618,54.0438899,2017-04-01,NL,1.0,90.0,130.0,4000.0,4000.0,Siemens,Siemens,SWT-4.0-130,SWT-4.0-130,1.0,EMODnet + OSM +thewindpower.net,2017.0
5.8556556,54.0487052,2017-04-01,NL,1.0,90.0,130.0,4000.0,4000.0,Siemens,Siemens,SWT-4.0-130,SWT-4.0-130,1.0,EMODnet + OSM +thewindpower.net,2017.0
5.8508485,54.0535204,2017-04-01,NL,1.0,90.0,130.0,4000.0,4000.0,Siemens,Siemens,SWT-4.0-130,SWT-4.0-130,1.0,EMODnet + OSM +thewindpower.net,2017.0
5.8460402,54.0583355,2017-04-01,NL,1.0,90.0,130.0,4000.0,4000.0,Siemens,Siemens,SWT-4.0-130,SWT-4.0-130,1.0,EMODnet + OSM +thewindpower.net,2017.0
5.8831133,54.034927,2017-04-01,NL,1.0,90.0,130.0,4000.0,4000.0,Siemens,Siemens,SWT-4.0-130,SWT-4.0-130,1.0,EMODnet + OSM +thewindpower.net,2017.0
5.8787453,54.0398609,2017-04-01,NL,1.0,90.0,130.0,4000.0,4000.0,Siemens,Siemens,SWT-4.0-130,SWT-4.0-130,1.0,EMODnet + OSM +thewindpower.net,2017.0
5.8743763,54.0447946,2017-04-01,NL,1.0,90.0,130.0,4000.0,4000.0,Siemens,Siemens,SWT-4.0-130,SWT-4.0-130,1.0,EMODnet + OSM +thewindpower.net,2017.0
5.8700063,54.0497281,2017-04-01,NL,1.0,90.0,130.0,4000.0,4000.0,Siemens,Siemens,SWT-4.0-130,SWT-4.0-130,1.0,EMODnet + OSM +thewindpower.net,2017.0
5.8656353,54.0546615,2017-04-01,NL,1.0,90.0,130.0,4000.0,4000.0,Siemens,Siemens,SWT-4.0-130,SWT-4.0-130,1.0,EMODnet + OSM +thewindpower.net,2017.0
5.8593167,54.0205419,2017-04-01,NL,1.0,90.0,130.0,4000.0,4000.0,Siemens,Siemens,SWT-4.0-130,SWT-4.0-130,1.0,EMODnet + OSM +thewindpower.net,2017.0
5.8612633,54.0595947,2017-04-01,NL,1.0,90.0,130.0,4000.0,4000.0,Siemens,Siemens,SWT-4.0-130,SWT-4.0-130,1.0,EMODnet + OSM +thewindpower.net,2017.0
5.915578,54.005279,2017-04-01,NL,1.0,90.0,130.0,4000.0,4000.0,Siemens,Siemens,SWT-4.0-130,SWT-4.0-130,1.0,EMODnet + OSM +thewindpower.net,2017.0
5.9114853,54.0102848,2017-04-01,NL,1.0,90.0,130.0,4000.0,4000.0,Siemens,Siemens,SWT-4.0-130,SWT-4.0-130,1.0,EMODnet + OSM +thewindpower.net,2017.0
5.9073917,54.0152905,2017-04-01,NL,1.0,90.0,130.0,4000.0,4000.0,Siemens,Siemens,SWT-4.0-130,SWT-4.0-130,1.0,EMODnet + OSM +thewindpower.net,2017.0
5.9032971,54.0202962,2017-04-01,NL,1.0,90.0,130.0,4000.0,4000.0,Siemens,Siemens,SWT-4.0-130,SWT-4.0-130,1.0,EMODnet + OSM +thewindpower.net,2017.0
5.8992014,54.0253018,2017-04-01,NL,1.0,90.0,130.0,4000.0,4000.0,Siemens,Siemens,SWT-4.0-130,SWT-4.0-130,1.0,EMODnet + OSM +thewindpower.net,2017.0
5.8951048,54.0303075,2017-04-01,NL,1.0,90.0,130.0,4000.0,4000.0,Siemens,Siemens,SWT-4.0-130,SWT-4.0-130,1.0,EMODnet + OSM +thewindpower.net,2017.0
5.896245,54.0355988,2017-04-01,NL,1.0,90.0,130.0,4000.0,4000.0,Siemens,Siemens,SWT-4.0-130,SWT-4.0-130,1.0,EMODnet + OSM +thewindpower.net,2017.0
5.8923185,54.0406515,2017-04-01,NL,1.0,90.0,130.0,4000.0,4000.0,Siemens,Siemens,SWT-4.0-130,SWT-4.0-130,1.0,EMODnet + OSM +thewindpower.net,2017.0
5.8883909,54.0457042,2017-04-01,NL,1.0,90.0,130.0,4000.0,4000.0,Siemens,Siemens,SWT-4.0-130,SWT-4.0-130,1.0,EMODnet + OSM +thewindpower.net,2017.0
5.8530773,54.0255799,2017-04-01,NL,1.0,90.0,130.0,4000.0,4000.0,Siemens,Siemens,SWT-4.0-130,SWT-4.0-130,1.0,EMODnet + OSM +thewindpower.net,2017.0
5.8844627,54.0507568,2017-04-01,NL,1.0,90.0,130.0,4000.0,4000.0,Siemens,Siemens,SWT-4.0-130,SWT-4.0-130,1.0,EMODnet + OSM +thewindpower.net,2017.0
5.8805332,54.0558092,2017-04-01,NL,1.0,90.0,130.0,4000.0,4000.0,Siemens,Siemens,SWT-4.0-130,SWT-4.0-130,1.0,EMODnet + OSM +thewindpower.net,2017.0
5.8766029,54.0608616,2017-04-01,NL,1.0,90.0,130.0,4000.0,4000.0,Siemens,Siemens,SWT-4.0-130,SWT-4.0-130,1.0,EMODnet + OSM +thewindpower.net,2017.0
5.9281176,54.0052274,2017-04-01,NL,1.0,90.0,130.0,4000.0,4000.0,Siemens,Siemens,SWT-4.0-130,SWT-4.0-130,1.0,EMODnet + OSM +thewindpower.net,2017.0
5.9241893,54.0108894,2017-04-01,NL,1.0,90.0,130.0,4000.0,4000.0,Siemens,Siemens,SWT-4.0-130,SWT-4.0-130,1.0,EMODnet + OSM +thewindpower.net,2017.0
5.9202598,54.0165514,2017-04-01,NL,1.0,90.0,130.0,4000.0,4000.0,Siemens,Siemens,SWT-4.0-130,SWT-4.0-130,1.0,EMODnet + OSM +thewindpower.net,2017.0
5.9163292,54.0222134,2017-04-01,NL,1.0,90.0,130.0,4000.0,4000.0,Siemens,Siemens,SWT-4.0-130,SWT-4.0-130,1.0,EMODnet + OSM +thewindpower.net,2017.0
5.9123974,54.0278753,2017-04-01,NL,1.0,90.0,130.0,4000.0,4000.0,Siemens,Siemens,SWT-4.0-130,SWT-4.0-130,1.0,EMODnet + OSM +thewindpower.net,2017.0
5.9097428,54.0336184,2017-04-01,NL,1.0,90.0,130.0,4000.0,4000.0,Siemens,Siemens,SWT-4.0-130,SWT-4.0-130,1.0,EMODnet + OSM +thewindpower.net,2017.0
5.9071946,54.039367,2017-04-01,NL,1.0,90.0,130.0,4000.0,4000.0,Siemens,Siemens,SWT-4.0-130,SWT-4.0-130,1.0,EMODnet + OSM +thewindpower.net,2017.0
5.8468242,54.0306272,2017-04-01,NL,1.0,90.0,130.0,4000.0,4000.0,Siemens,Siemens,SWT-4.0-130,SWT-4.0-130,1.0,EMODnet + OSM +thewindpower.net,2017.0
5.9033545,54.0450547,2017-04-01,NL,1.0,90.0,130.0,4000.0,4000.0,Siemens,Siemens,SWT-4.0-130,SWT-4.0-130,1.0,EMODnet + OSM +thewindpower.net,2017.0
5.8995133,54.0507422,2017-04-01,NL,1.0,90.0,130.0,4000.0,4000.0,Siemens,Siemens,SWT-4.0-130,SWT-4.0-130,1.0,EMODnet + OSM +thewindpower.net,2017.0
5.8956711,54.0564296,2017-04-01,NL,1.0,90.0,130.0,4000.0,4000.0,Siemens,Siemens,SWT-4.0-130,SWT-4.0-130,1.0,EMODnet + OSM +thewindpower.net,2017.0
5.8918279,54.062117,2017-04-01,NL,1.0,90.0,130.0,4000.0,4000.0,Siemens,Siemens,SWT-4.0-130,SWT-4.0-130,1.0,EMODnet + OSM +thewindpower.net,2017.0
5.9406571,54.0051743,2017-04-01,NL,1.0,90.0,130.0,4000.0,4000.0,Siemens,Siemens,SWT-4.0-130,SWT-4.0-130,1.0,EMODnet + OSM +thewindpower.net,2017.0
5.9376072,54.0104632,2017-04-01,NL,1.0,90.0,130.0,4000.0,4000.0,Siemens,Siemens,SWT-4.0-130,SWT-4.0-130,1.0,EMODnet + OSM +thewindpower.net,2017.0
5.9345565,54.0157519,2017-04-01,NL,1.0,90.0,130.0,4000.0,4000.0,Siemens,Siemens,SWT-4.0-130,SWT-4.0-130,1.0,EMODnet + OSM +thewindpower.net,2017.0
5.931505,54.0210407,2017-04-01,NL,1.0,90.0,130.0,4000.0,4000.0,Siemens,Siemens,SWT-4.0-130,SWT-4.0-130,1.0,EMODnet + OSM +thewindpower.net,2017.0
5.9284529,54.0263293,2017-04-01,NL,1.0,90.0,130.0,4000.0,4000.0,Siemens,Siemens,SWT-4.0-130,SWT-4.0-130,1.0,EMODnet + OSM +thewindpower.net,2017.0
5.9254001,54.0316179,2017-04-01,NL,1.0,90.0,130.0,4000.0,4000.0,Siemens,Siemens,SWT-4.0-130,SWT-4.0-130,1.0,EMODnet + OSM +thewindpower.net,2017.0
5.8405818,54.0356646,2017-04-01,NL,1.0,90.0,130.0,4000.0,4000.0,Siemens,Siemens,SWT-4.0-130,SWT-4.0-130,1.0,EMODnet + OSM +thewindpower.net,2017.0
5.9223334,54.036929,2017-04-01,NL,1.0,90.0,130.0,4000.0,4000.0,Siemens,Siemens,SWT-4.0-130,SWT-4.0-130,1.0,EMODnet + OSM +thewindpower.net,2017.0
5.9192789,54.0422174,2017-04-01,NL,1.0,90.0,130.0,4000.0,4000.0,Siemens,Siemens,SWT-4.0-130,SWT-4.0-130,1.0,EMODnet + OSM +thewindpower.net,2017.0
5.9162238,54.0475057,2017-04-01,NL,1.0,90.0,130.0,4000.0,4000.0,Siemens,Siemens,SWT-4.0-130,SWT-4.0-130,1.0,EMODnet + OSM +thewindpower.net,2017.0
5.913168,54.0527941,2017-04-01,NL,1.0,90.0,130.0,4000.0,4000.0,Siemens,Siemens,SWT-4.0-130,SWT-4.0-130,1.0,EMODnet + OSM +thewindpower.net,2017.0
5.9101112,54.0580823,2017-04-01,NL,1.0,90.0,130.0,4000.0,4000.0,Siemens,Siemens,SWT-4.0-130,SWT-4.0-130,1.0,EMODnet + OSM +thewindpower.net,2017.0
5.9070537,54.0633704,2017-04-01,NL,1.0,90.0,130.0,4000.0,4000.0,Siemens,Siemens,SWT-4.0-130,SWT-4.0-130,1.0,EMODnet + OSM +thewindpower.net,2017.0
5.8343379,54.0407017,2017-04-01,NL,1.0,90.0,130.0,4000.0,4000.0,Siemens,Siemens,SWT-4.0-130,SWT-4.0-130,1.0,EMODnet + OSM +thewindpower.net,2017.0
5.8280923,54.0457385,2017-04-01,NL,1.0,90.0,130.0,4000.0,4000.0,Siemens,Siemens,SWT-4.0-130,SWT-4.0-130,1.0,EMODnet + OSM +thewindpower.net,2017.0
6.0274476,54.004778,2017-04-01,NL,1.0,90.0,130.0,4000.0,4000.0,Siemens,Siemens,SWT-4.0-130,SWT-4.0-130,1.0,EMODnet + OSM +thewindpower.net,2017.0
5.9967646,54.0578549,2017-04-01,NL,1.0,90.0,130.0,4000.0,4000.0,Siemens,Siemens,SWT-4.0-130,SWT-4.0-130,1.0,EMODnet + OSM +thewindpower.net,2017.0
5.9933522,54.0637491,2017-04-01,NL,1.0,90.0,130.0,4000.0,4000.0,Siemens,Siemens,SWT-4.0-130,SWT-4.0-130,1.0,EMODnet + OSM +thewindpower.net,2017.0
5.9899389,54.0696435,2017-04-01,NL,1.0,90.0,130.0,4000.0,4000.0,Siemens,Siemens,SWT-4.0-130,SWT-4.0-130,1.0,EMODnet + OSM +thewindpower.net,2017.0
6.040721,54.0047107,2017-04-01,NL,1.0,90.0,130.0,4000.0,4000.0,Siemens,Siemens,SWT-4.0-130,SWT-4.0-130,1.0,EMODnet + OSM +thewindpower.net,2017.0
6.0375585,54.0101989,2017-04-01,NL,1.0,90.0,130.0,4000.0,4000.0,Siemens,Siemens,SWT-4.0-130,SWT-4.0-130,1.0,EMODnet + OSM +thewindpower.net,2017.0
6.0343951,54.0156871,2017-04-01,NL,1.0,90.0,130.0,4000.0,4000.0,Siemens,Siemens,SWT-4.0-130,SWT-4.0-130,1.0,EMODnet + OSM +thewindpower.net,2017.0
6.0312309,54.0211752,2017-04-01,NL,1.0,90.0,130.0,4000.0,4000.0,Siemens,Siemens,SWT-4.0-130,SWT-4.0-130,1.0,EMODnet + OSM +thewindpower.net,2017.0
6.0280658,54.0266631,2017-04-01,NL,1.0,90.0,130.0,4000.0,4000.0,Siemens,Siemens,SWT-4.0-130,SWT-4.0-130,1.0,EMODnet + OSM +thewindpower.net,2017.0
6.0249,54.0321511,2017-04-01,NL,1.0,90.0,130.0,4000.0,4000.0,Siemens,Siemens,SWT-4.0-130,SWT-4.0-130,1.0,EMODnet + OSM +thewindpower.net,2017.0
6.0217211,54.03766,2017-04-01,NL,1.0,90.0,130.0,4000.0,4000.0,Siemens,Siemens,SWT-4.0-130,SWT-4.0-130,1.0,EMODnet + OSM +thewindpower.net,2017.0
6.0240436,54.0106732,2017-04-01,NL,1.0,90.0,130.0,4000.0,4000.0,Siemens,Siemens,SWT-4.0-130,SWT-4.0-130,1.0,EMODnet + OSM +thewindpower.net,2017.0
6.0185536,54.0431478,2017-04-01,NL,1.0,90.0,130.0,4000.0,4000.0,Siemens,Siemens,SWT-4.0-130,SWT-4.0-130,1.0,EMODnet + OSM +thewindpower.net,2017.0
6.0153855,54.0486354,2017-04-01,NL,1.0,90.0,130.0,4000.0,4000.0,Siemens,Siemens,SWT-4.0-130,SWT-4.0-130,1.0,EMODnet + OSM +thewindpower.net,2017.0
6.0122164,54.054123,2017-04-01,NL,1.0,90.0,130.0,4000.0,4000.0,Siemens,Siemens,SWT-4.0-130,SWT-4.0-130,1.0,EMODnet + OSM +thewindpower.net,2017.0
6.0090465,54.0596106,2017-04-01,NL,1.0,90.0,130.0,4000.0,4000.0,Siemens,Siemens,SWT-4.0-130,SWT-4.0-130,1.0,EMODnet + OSM +thewindpower.net,2017.0
6.0058758,54.0650981,2017-04-01,NL,1.0,90.0,130.0,4000.0,4000.0,Siemens,Siemens,SWT-4.0-130,SWT-4.0-130,1.0,EMODnet + OSM +thewindpower.net,2017.0
6.0027042,54.0705854,2017-04-01,NL,1.0,90.0,130.0,4000.0,4000.0,Siemens,Siemens,SWT-4.0-130,SWT-4.0-130,1.0,EMODnet + OSM +thewindpower.net,2017.0
6.0539945,54.0046421,2017-04-01,NL,1.0,90.0,130.0,4000.0,4000.0,Siemens,Siemens,SWT-4.0-130,SWT-4.0-130,1.0,EMODnet + OSM +thewindpower.net,2017.0
6.0504985,54.0107206,2017-04-01,NL,1.0,90.0,130.0,4000.0,4000.0,Siemens,Siemens,SWT-4.0-130,SWT-4.0-130,1.0,EMODnet + OSM +thewindpower.net,2017.0
6.0470016,54.016799,2017-04-01,NL,1.0,90.0,130.0,4000.0,4000.0,Siemens,Siemens,SWT-4.0-130,SWT-4.0-130,1.0,EMODnet + OSM +thewindpower.net,2017.0
6.0435036,54.0228772,2017-04-01,NL,1.0,90.0,130.0,4000.0,4000.0,Siemens,Siemens,SWT-4.0-130,SWT-4.0-130,1.0,EMODnet + OSM +thewindpower.net,2017.0
6.0206389,54.0165683,2017-04-01,NL,1.0,90.0,130.0,4000.0,4000.0,Siemens,Siemens,SWT-4.0-130,SWT-4.0-130,1.0,EMODnet + OSM +thewindpower.net,2017.0
6.0400049,54.0289555,2017-04-01,NL,1.0,90.0,130.0,4000.0,4000.0,Siemens,Siemens,SWT-4.0-130,SWT-4.0-130,1.0,EMODnet + OSM +thewindpower.net,2017.0
6.0365051,54.0350336,2017-04-01,NL,1.0,90.0,130.0,4000.0,4000.0,Siemens,Siemens,SWT-4.0-130,SWT-4.0-130,1.0,EMODnet + OSM +thewindpower.net,2017.0
6.0329891,54.0411376,2017-04-01,NL,1.0,90.0,130.0,4000.0,4000.0,Siemens,Siemens,SWT-4.0-130,SWT-4.0-130,1.0,EMODnet + OSM +thewindpower.net,2017.0
6.0294874,54.0472155,2017-04-01,NL,1.0,90.0,130.0,4000.0,4000.0,Siemens,Siemens,SWT-4.0-130,SWT-4.0-130,1.0,EMODnet + OSM +thewindpower.net,2017.0
6.0259845,54.0532933,2017-04-01,NL,1.0,90.0,130.0,4000.0,4000.0,Siemens,Siemens,SWT-4.0-130,SWT-4.0-130,1.0,EMODnet + OSM +thewindpower.net,2017.0
6.0224807,54.0593709,2017-04-01,NL,1.0,90.0,130.0,4000.0,4000.0,Siemens,Siemens,SWT-4.0-130,SWT-4.0-130,1.0,EMODnet + OSM +thewindpower.net,2017.0
6.018976,54.0654484,2017-04-01,NL,1.0,90.0,130.0,4000.0,4000.0,Siemens,Siemens,SWT-4.0-130,SWT-4.0-130,1.0,EMODnet + OSM +thewindpower.net,2017.0
6.0154701,54.071526,2017-04-01,NL,1.0,90.0,130.0,4000.0,4000.0,Siemens,Siemens,SWT-4.0-130,SWT-4.0-130,1.0,EMODnet + OSM +thewindpower.net,2017.0
6.0673525,54.0045715,2017-04-01,NL,1.0,90.0,130.0,4000.0,4000.0,Siemens,Siemens,SWT-4.0-130,SWT-4.0-130,1.0,EMODnet + OSM +thewindpower.net,2017.0
6.0641076,54.0102281,2017-04-01,NL,1.0,90.0,130.0,4000.0,4000.0,Siemens,Siemens,SWT-4.0-130,SWT-4.0-130,1.0,EMODnet + OSM +thewindpower.net,2017.0
6.0172329,54.0224633,2017-04-01,NL,1.0,90.0,130.0,4000.0,4000.0,Siemens,Siemens,SWT-4.0-130,SWT-4.0-130,1.0,EMODnet + OSM +thewindpower.net,2017.0
6.0608617,54.0158846,2017-04-01,NL,1.0,90.0,130.0,4000.0,4000.0,Siemens,Siemens,SWT-4.0-130,SWT-4.0-130,1.0,EMODnet + OSM +thewindpower.net,2017.0
6.0576151,54.0215408,2017-04-01,NL,1.0,90.0,130.0,4000.0,4000.0,Siemens,Siemens,SWT-4.0-130,SWT-4.0-130,1.0,EMODnet + OSM +thewindpower.net,2017.0
6.0543675,54.0271973,2017-04-01,NL,1.0,90.0,130.0,4000.0,4000.0,Siemens,Siemens,SWT-4.0-130,SWT-4.0-130,1.0,EMODnet + OSM +thewindpower.net,2017.0
6.051119,54.0328535,2017-04-01,NL,1.0,90.0,130.0,4000.0,4000.0,Siemens,Siemens,SWT-4.0-130,SWT-4.0-130,1.0,EMODnet + OSM +thewindpower.net,2017.0
6.0478541,54.0385368,2017-04-01,NL,1.0,90.0,130.0,4000.0,4000.0,Siemens,Siemens,SWT-4.0-130,SWT-4.0-130,1.0,EMODnet + OSM +thewindpower.net,2017.0
6.0446039,54.044193,2017-04-01,NL,1.0,90.0,130.0,4000.0,4000.0,Siemens,Siemens,SWT-4.0-130,SWT-4.0-130,1.0,EMODnet + OSM +thewindpower.net,2017.0
6.0413528,54.049849,2017-04-01,NL,1.0,90.0,130.0,4000.0,4000.0,Siemens,Siemens,SWT-4.0-130,SWT-4.0-130,1.0,EMODnet + OSM +thewindpower.net,2017.0
6.0381009,54.0555051,2017-04-01,NL,1.0,90.0,130.0,4000.0,4000.0,Siemens,Siemens,SWT-4.0-130,SWT-4.0-130,1.0,EMODnet + OSM +thewindpower.net,2017.0
6.0348482,54.061161,2017-04-01,NL,1.0,90.0,130.0,4000.0,4000.0,Siemens,Siemens,SWT-4.0-130,SWT-4.0-130,1.0,EMODnet + OSM +thewindpower.net,2017.0
6.0315944,54.0668168,2017-04-01,NL,1.0,90.0,130.0,4000.0,4000.0,Siemens,Siemens,SWT-4.0-130,SWT-4.0-130,1.0,EMODnet + OSM +thewindpower.net,2017.0
6.0138261,54.0283582,2017-04-01,NL,1.0,90.0,130.0,4000.0,4000.0,Siemens,Siemens,SWT-4.0-130,SWT-4.0-130,1.0,EMODnet + OSM +thewindpower.net,2017.0
6.0283401,54.0724726,2017-04-01,NL,1.0,90.0,130.0,4000.0,4000.0,Siemens,Siemens,SWT-4.0-130,SWT-4.0-130,1.0,EMODnet + OSM +thewindpower.net,2017.0
6.0806257,54.0045,2017-04-01,NL,1.0,90.0,130.0,4000.0,4000.0,Siemens,Siemens,SWT-4.0-130,SWT-4.0-130,1.0,EMODnet + OSM +thewindpower.net,2017.0
6.0770399,54.0107624,2017-04-01,NL,1.0,90.0,130.0,4000.0,4000.0,Siemens,Siemens,SWT-4.0-130,SWT-4.0-130,1.0,EMODnet + OSM +thewindpower.net,2017.0
6.0734531,54.0170248,2017-04-01,NL,1.0,90.0,130.0,4000.0,4000.0,Siemens,Siemens,SWT-4.0-130,SWT-4.0-130,1.0,EMODnet + OSM +thewindpower.net,2017.0
6.0698652,54.023287,2017-04-01,NL,1.0,90.0,130.0,4000.0,4000.0,Siemens,Siemens,SWT-4.0-130,SWT-4.0-130,1.0,EMODnet + OSM +thewindpower.net,2017.0
6.0662762,54.0295492,2017-04-01,NL,1.0,90.0,130.0,4000.0,4000.0,Siemens,Siemens,SWT-4.0-130,SWT-4.0-130,1.0,EMODnet + OSM +thewindpower.net,2017.0
6.0626862,54.0358112,2017-04-01,NL,1.0,90.0,130.0,4000.0,4000.0,Siemens,Siemens,SWT-4.0-130,SWT-4.0-130,1.0,EMODnet + OSM +thewindpower.net,2017.0
6.0590783,54.0421021,2017-04-01,NL,1.0,90.0,130.0,4000.0,4000.0,Siemens,Siemens,SWT-4.0-130,SWT-4.0-130,1.0,EMODnet + OSM +thewindpower.net,2017.0
6.0554862,54.048364,2017-04-01,NL,1.0,90.0,130.0,4000.0,4000.0,Siemens,Siemens,SWT-4.0-130,SWT-4.0-130,1.0,EMODnet + OSM +thewindpower.net,2017.0
6.0518931,54.0546257,2017-04-01,NL,1.0,90.0,130.0,4000.0,4000.0,Siemens,Siemens,SWT-4.0-130,SWT-4.0-130,1.0,EMODnet + OSM +thewindpower.net,2017.0
6.0104183,54.034253,2017-04-01,NL,1.0,90.0,130.0,4000.0,4000.0,Siemens,Siemens,SWT-4.0-130,SWT-4.0-130,1.0,EMODnet + OSM +thewindpower.net,2017.0
6.0482989,54.0608874,2017-04-01,NL,1.0,90.0,130.0,4000.0,4000.0,Siemens,Siemens,SWT-4.0-130,SWT-4.0-130,1.0,EMODnet + OSM +thewindpower.net,2017.0
6.0447036,54.0671489,2017-04-01,NL,1.0,90.0,130.0,4000.0,4000.0,Siemens,Siemens,SWT-4.0-130,SWT-4.0-130,1.0,EMODnet + OSM +thewindpower.net,2017.0
6.0411071,54.0734104,2017-04-01,NL,1.0,90.0,130.0,4000.0,4000.0,Siemens,Siemens,SWT-4.0-130,SWT-4.0-130,1.0,EMODnet + OSM +thewindpower.net,2017.0
6.093899,54.0044268,2017-04-01,NL,1.0,90.0,130.0,4000.0,4000.0,Siemens,Siemens,SWT-4.0-130,SWT-4.0-130,1.0,EMODnet + OSM +thewindpower.net,2017.0
6.0905702,54.0102512,2017-04-01,NL,1.0,90.0,130.0,4000.0,4000.0,Siemens,Siemens,SWT-4.0-130,SWT-4.0-130,1.0,EMODnet + OSM +thewindpower.net,2017.0
6.0872406,54.0160755,2017-04-01,NL,1.0,90.0,130.0,4000.0,4000.0,Siemens,Siemens,SWT-4.0-130,SWT-4.0-130,1.0,EMODnet + OSM +thewindpower.net,2017.0
6.0839099,54.0218997,2017-04-01,NL,1.0,90.0,130.0,4000.0,4000.0,Siemens,Siemens,SWT-4.0-130,SWT-4.0-130,1.0,EMODnet + OSM +thewindpower.net,2017.0
6.0805784,54.0277238,2017-04-01,NL,1.0,90.0,130.0,4000.0,4000.0,Siemens,Siemens,SWT-4.0-130,SWT-4.0-130,1.0,EMODnet + OSM +thewindpower.net,2017.0
6.077246,54.0335478,2017-04-01,NL,1.0,90.0,130.0,4000.0,4000.0,Siemens,Siemens,SWT-4.0-130,SWT-4.0-130,1.0,EMODnet + OSM +thewindpower.net,2017.0
6.0738939,54.0394049,2017-04-01,NL,1.0,90.0,130.0,4000.0,4000.0,Siemens,Siemens,SWT-4.0-130,SWT-4.0-130,1.0,EMODnet + OSM +thewindpower.net,2017.0
6.0069963,54.0401711,2017-04-01,NL,1.0,90.0,130.0,4000.0,4000.0,Siemens,Siemens,SWT-4.0-130,SWT-4.0-130,1.0,EMODnet + OSM +thewindpower.net,2017.0
6.0705596,54.0452288,2017-04-01,NL,1.0,90.0,130.0,4000.0,4000.0,Siemens,Siemens,SWT-4.0-130,SWT-4.0-130,1.0,EMODnet + OSM +thewindpower.net,2017.0
6.0672246,54.0510525,2017-04-01,NL,1.0,90.0,130.0,4000.0,4000.0,Siemens,Siemens,SWT-4.0-130,SWT-4.0-130,1.0,EMODnet + OSM +thewindpower.net,2017.0
6.0638886,54.0568762,2017-04-01,NL,1.0,90.0,130.0,4000.0,4000.0,Siemens,Siemens,SWT-4.0-130,SWT-4.0-130,1.0,EMODnet + OSM +thewindpower.net,2017.0
6.0605516,54.0626998,2017-04-01,NL,1.0,90.0,130.0,4000.0,4000.0,Siemens,Siemens,SWT-4.0-130,SWT-4.0-130,1.0,EMODnet + OSM +thewindpower.net,2017.0
6.0572137,54.0685234,2017-04-01,NL,1.0,90.0,130.0,4000.0,4000.0,Siemens,Siemens,SWT-4.0-130,SWT-4.0-130,1.0,EMODnet + OSM +thewindpower.net,2017.0
6.0538749,54.0743468,2017-04-01,NL,1.0,90.0,130.0,4000.0,4000.0,Siemens,Siemens,SWT-4.0-130,SWT-4.0-130,1.0,EMODnet + OSM +thewindpower.net,2017.0
6.0035866,54.0460658,2017-04-01,NL,1.0,90.0,130.0,4000.0,4000.0,Siemens,Siemens,SWT-4.0-130,SWT-4.0-130,1.0,EMODnet + OSM +thewindpower.net,2017.0
6.0001761,54.0519604,2017-04-01,NL,1.0,90.0,130.0,4000.0,4000.0,Siemens,Siemens,SWT-4.0-130,SWT-4.0-130,1.0,EMODnet + OSM +thewindpower.net,2017.0
-2.8812061,58.2498194,2019-05-01,GB,1.0,115.125,154.0,7000.0,7000.0,Siemens,Siemens,SWT-7.0-154,SWT-7.0-154,1.0,EMODnet + OSM +thewindpower.net,2019.0
-2.8283581,58.2503181,2019-05-01,GB,1.0,115.125,154.0,7000.0,7000.0,Siemens,Siemens,SWT-7.0-154,SWT-7.0-154,1.0,EMODnet + OSM +thewindpower.net,2019.0
-2.9373053,58.1814457,2019-05-01,GB,1.0,115.125,154.0,7000.0,7000.0,Siemens,Siemens,SWT-7.0-154,SWT-7.0-154,1.0,EMODnet + OSM +thewindpower.net,2019.0
-2.9991354,58.2076915,2019-05-01,GB,1.0,115.125,154.0,7000.0,7000.0,Siemens,Siemens,SWT-7.0-154,SWT-7.0-154,1.0,EMODnet + OSM +thewindpower.net,2019.0
-2.9815364,58.2112549,2019-05-01,GB,1.0,115.125,154.0,7000.0,7000.0,Siemens,Siemens,SWT-7.0-154,SWT-7.0-154,1.0,EMODnet + OSM +thewindpower.net,2019.0
-2.9660454,58.2055098,2019-05-01,GB,1.0,115.125,154.0,7000.0,7000.0,Siemens,Siemens,SWT-7.0-154,SWT-7.0-154,1.0,EMODnet + OSM +thewindpower.net,2019.0
-2.9507581,58.1999787,2019-05-01,GB,1.0,115.125,154.0,7000.0,7000.0,Siemens,Siemens,SWT-7.0-154,SWT-7.0-154,1.0,EMODnet + OSM +thewindpower.net,2019.0
-2.9356747,58.1911163,2019-05-01,GB,1.0,115.125,154.0,7000.0,7000.0,Siemens,Siemens,SWT-7.0-154,SWT-7.0-154,1.0,EMODnet + OSM +thewindpower.net,2019.0
-2.9169223,58.1945004,2019-05-01,GB,1.0,115.125,154.0,7000.0,7000.0,Siemens,Siemens,SWT-7.0-154,SWT-7.0-154,1.0,EMODnet + OSM +thewindpower.net,2019.0
-2.9321076,58.2014288,2019-05-01,GB,1.0,115.125,154.0,7000.0,7000.0,Siemens,Siemens,SWT-7.0-154,SWT-7.0-154,1.0,EMODnet + OSM +thewindpower.net,2019.0
-2.9475987,58.2081409,2019-05-01,GB,1.0,115.125,154.0,7000.0,7000.0,Siemens,Siemens,SWT-7.0-154,SWT-7.0-154,1.0,EMODnet + OSM +thewindpower.net,2019.0
-2.9627841,58.2149055,2019-05-01,GB,1.0,115.125,154.0,7000.0,7000.0,Siemens,Siemens,SWT-7.0-154,SWT-7.0-154,1.0,EMODnet + OSM +thewindpower.net,2019.0
-2.9779694,58.2216151,2019-05-01,GB,1.0,115.125,154.0,7000.0,7000.0,Siemens,Siemens,SWT-7.0-154,SWT-7.0-154,1.0,EMODnet + OSM +thewindpower.net,2019.0
-2.9744024,58.2320796,2019-05-01,GB,1.0,115.125,154.0,7000.0,7000.0,Siemens,Siemens,SWT-7.0-154,SWT-7.0-154,1.0,EMODnet + OSM +thewindpower.net,2019.0
-2.9594209,58.225372,2019-05-01,GB,1.0,115.125,154.0,7000.0,7000.0,Siemens,Siemens,SWT-7.0-154,SWT-7.0-154,1.0,EMODnet + OSM +thewindpower.net,2019.0
-2.9441336,58.2186093,2019-05-01,GB,1.0,115.125,154.0,7000.0,7000.0,Siemens,Siemens,SWT-7.0-154,SWT-7.0-154,1.0,EMODnet + OSM +thewindpower.net,2019.0
-2.9287444,58.2117381,2019-05-01,GB,1.0,115.125,154.0,7000.0,7000.0,Siemens,Siemens,SWT-7.0-154,SWT-7.0-154,1.0,EMODnet + OSM +thewindpower.net,2019.0
-2.9132533,58.2050266,2019-05-01,GB,1.0,115.125,154.0,7000.0,7000.0,Siemens,Siemens,SWT-7.0-154,SWT-7.0-154,1.0,EMODnet + OSM +thewindpower.net,2019.0
-2.8961316,58.2093221,2019-05-01,GB,1.0,115.125,154.0,7000.0,7000.0,Siemens,Siemens,SWT-7.0-154,SWT-7.0-154,1.0,EMODnet + OSM +thewindpower.net,2019.0
-2.9101959,58.2153887,2019-05-01,GB,1.0,115.125,154.0,7000.0,7000.0,Siemens,Siemens,SWT-7.0-154,SWT-7.0-154,1.0,EMODnet + OSM +thewindpower.net,2019.0
-2.9249736,58.2220445,2019-05-01,GB,1.0,115.125,154.0,7000.0,7000.0,Siemens,Siemens,SWT-7.0-154,SWT-7.0-154,1.0,EMODnet + OSM +thewindpower.net,2019.0
-2.9404647,58.2289138,2019-05-01,GB,1.0,115.125,154.0,7000.0,7000.0,Siemens,Siemens,SWT-7.0-154,SWT-7.0-154,1.0,EMODnet + OSM +thewindpower.net,2019.0
-2.9558538,58.2355671,2019-05-01,GB,1.0,115.125,154.0,7000.0,7000.0,Siemens,Siemens,SWT-7.0-154,SWT-7.0-154,1.0,EMODnet + OSM +thewindpower.net,2019.0
-2.9522868,58.2459738,2019-05-01,GB,1.0,115.125,154.0,7000.0,7000.0,Siemens,Siemens,SWT-7.0-154,SWT-7.0-154,1.0,EMODnet + OSM +thewindpower.net,2019.0
-2.9367957,58.2391616,2019-05-01,GB,1.0,115.125,154.0,7000.0,7000.0,Siemens,Siemens,SWT-7.0-154,SWT-7.0-154,1.0,EMODnet + OSM +thewindpower.net,2019.0
-2.9216104,58.2325089,2019-05-01,GB,1.0,115.125,154.0,7000.0,7000.0,Siemens,Siemens,SWT-7.0-154,SWT-7.0-154,1.0,EMODnet + OSM +thewindpower.net,2019.0
-2.906527,58.225694,2019-05-01,GB,1.0,115.125,154.0,7000.0,7000.0,Siemens,Siemens,SWT-7.0-154,SWT-7.0-154,1.0,EMODnet + OSM +thewindpower.net,2019.0
-2.8912397,58.2189314,2019-05-01,GB,1.0,115.125,154.0,7000.0,7000.0,Siemens,Siemens,SWT-7.0-154,SWT-7.0-154,1.0,EMODnet + OSM +thewindpower.net,2019.0
-2.8722835,58.2225812,2019-05-01,GB,1.0,115.125,154.0,7000.0,7000.0,Siemens,Siemens,SWT-7.0-154,SWT-7.0-154,1.0,EMODnet + OSM +thewindpower.net,2019.0
-2.8875707,58.2292895,2019-05-01,GB,1.0,115.125,154.0,7000.0,7000.0,Siemens,Siemens,SWT-7.0-154,SWT-7.0-154,1.0,EMODnet + OSM +thewindpower.net,2019.0
-2.9027561,58.2357281,2019-05-01,GB,1.0,115.125,154.0,7000.0,7000.0,Siemens,Siemens,SWT-7.0-154,SWT-7.0-154,1.0,EMODnet + OSM +thewindpower.net,2019.0
-2.9180434,58.2429166,2019-05-01,GB,1.0,115.125,154.0,7000.0,7000.0,Siemens,Siemens,SWT-7.0-154,SWT-7.0-154,1.0,EMODnet + OSM +thewindpower.net,2019.0
-2.9335344,58.2495136,2019-05-01,GB,1.0,115.125,154.0,7000.0,7000.0,Siemens,Siemens,SWT-7.0-154,SWT-7.0-154,1.0,EMODnet + OSM +thewindpower.net,2019.0
-2.9487198,58.2564312,2019-05-01,GB,1.0,115.125,154.0,7000.0,7000.0,Siemens,Siemens,SWT-7.0-154,SWT-7.0-154,1.0,EMODnet + OSM +thewindpower.net,2019.0
-2.9297636,58.2600235,2019-05-01,GB,1.0,115.125,154.0,7000.0,7000.0,Siemens,Siemens,SWT-7.0-154,SWT-7.0-154,1.0,EMODnet + OSM +thewindpower.net,2019.0
-2.9145782,58.253053,2019-05-01,GB,1.0,115.125,154.0,7000.0,7000.0,Siemens,Siemens,SWT-7.0-154,SWT-7.0-154,1.0,EMODnet + OSM +thewindpower.net,2019.0
-2.8841056,58.239698,2019-05-01,GB,1.0,115.125,154.0,7000.0,7000.0,Siemens,Siemens,SWT-7.0-154,SWT-7.0-154,1.0,EMODnet + OSM +thewindpower.net,2019.0
-2.8690222,58.2327771,2019-05-01,GB,1.0,115.125,154.0,7000.0,7000.0,Siemens,Siemens,SWT-7.0-154,SWT-7.0-154,1.0,EMODnet + OSM +thewindpower.net,2019.0
-2.8498622,58.2363182,2019-05-01,GB,1.0,115.125,154.0,7000.0,7000.0,Siemens,Siemens,SWT-7.0-154,SWT-7.0-154,1.0,EMODnet + OSM +thewindpower.net,2019.0
-2.8655571,58.2429702,2019-05-01,GB,1.0,115.125,154.0,7000.0,7000.0,Siemens,Siemens,SWT-7.0-154,SWT-7.0-154,1.0,EMODnet + OSM +thewindpower.net,2019.0
-2.8954182,58.2568602,2019-05-01,GB,1.0,115.125,154.0,7000.0,7000.0,Siemens,Siemens,SWT-7.0-154,SWT-7.0-154,1.0,EMODnet + OSM +thewindpower.net,2019.0
-2.9111131,58.2634546,2019-05-01,GB,1.0,115.125,154.0,7000.0,7000.0,Siemens,Siemens,SWT-7.0-154,SWT-7.0-154,1.0,EMODnet + OSM +thewindpower.net,2019.0
-2.9264004,58.2702087,2019-05-01,GB,1.0,115.125,154.0,7000.0,7000.0,Siemens,Siemens,SWT-7.0-154,SWT-7.0-154,1.0,EMODnet + OSM +thewindpower.net,2019.0
-2.8468047,58.2467784,2019-05-01,GB,1.0,115.125,154.0,7000.0,7000.0,Siemens,Siemens,SWT-7.0-154,SWT-7.0-154,1.0,EMODnet + OSM +thewindpower.net,2019.0
-2.8617862,58.253482,2019-05-01,GB,1.0,115.125,154.0,7000.0,7000.0,Siemens,Siemens,SWT-7.0-154,SWT-7.0-154,1.0,EMODnet + OSM +thewindpower.net,2019.0
-2.8770735,58.2602379,2019-05-01,GB,1.0,115.125,154.0,7000.0,7000.0,Siemens,Siemens,SWT-7.0-154,SWT-7.0-154,1.0,EMODnet + OSM +thewindpower.net,2019.0
-2.8924627,58.2669391,2019-05-01,GB,1.0,115.125,154.0,7000.0,7000.0,Siemens,Siemens,SWT-7.0-154,SWT-7.0-154,1.0,EMODnet + OSM +thewindpower.net,2019.0
-2.9078518,58.2737996,2019-05-01,GB,1.0,115.125,154.0,7000.0,7000.0,Siemens,Siemens,SWT-7.0-154,SWT-7.0-154,1.0,EMODnet + OSM +thewindpower.net,2019.0
-2.9230372,58.2806589,2019-05-01,GB,1.0,115.125,154.0,7000.0,7000.0,Siemens,Siemens,SWT-7.0-154,SWT-7.0-154,1.0,EMODnet + OSM +thewindpower.net,2019.0
-2.8430339,58.2569138,2019-05-01,GB,1.0,115.125,154.0,7000.0,7000.0,Siemens,Siemens,SWT-7.0-154,SWT-7.0-154,1.0,EMODnet + OSM +thewindpower.net,2019.0
-2.8583211,58.2639371,2019-05-01,GB,1.0,115.125,154.0,7000.0,7000.0,Siemens,Siemens,SWT-7.0-154,SWT-7.0-154,1.0,EMODnet + OSM +thewindpower.net,2019.0
-2.8737103,58.2706375,2019-05-01,GB,1.0,115.125,154.0,7000.0,7000.0,Siemens,Siemens,SWT-7.0-154,SWT-7.0-154,1.0,EMODnet + OSM +thewindpower.net,2019.0
-2.8892014,58.2773366,2019-05-01,GB,1.0,115.125,154.0,7000.0,7000.0,Siemens,Siemens,SWT-7.0-154,SWT-7.0-154,1.0,EMODnet + OSM +thewindpower.net,2019.0
-2.9045906,58.2843024,2019-05-01,GB,1.0,115.125,154.0,7000.0,7000.0,Siemens,Siemens,SWT-7.0-154,SWT-7.0-154,1.0,EMODnet + OSM +thewindpower.net,2019.0
-2.9011255,58.2945341,2019-05-01,GB,1.0,115.125,154.0,7000.0,7000.0,Siemens,Siemens,SWT-7.0-154,SWT-7.0-154,1.0,EMODnet + OSM +thewindpower.net,2019.0
-2.8851248,58.2877846,2019-05-01,GB,1.0,115.125,154.0,7000.0,7000.0,Siemens,Siemens,SWT-7.0-154,SWT-7.0-154,1.0,EMODnet + OSM +thewindpower.net,2019.0
-2.8700414,58.2811411,2019-05-01,GB,1.0,115.125,154.0,7000.0,7000.0,Siemens,Siemens,SWT-7.0-154,SWT-7.0-154,1.0,EMODnet + OSM +thewindpower.net,2019.0
-2.8551618,58.2741747,2019-05-01,GB,1.0,115.125,154.0,7000.0,7000.0,Siemens,Siemens,SWT-7.0-154,SWT-7.0-154,1.0,EMODnet + OSM +thewindpower.net,2019.0
-2.8394668,58.2673679,2019-05-01,GB,1.0,115.125,154.0,7000.0,7000.0,Siemens,Siemens,SWT-7.0-154,SWT-7.0-154,1.0,EMODnet + OSM +thewindpower.net,2019.0
-2.8246891,58.2605596,2019-05-01,GB,1.0,115.125,154.0,7000.0,7000.0,Siemens,Siemens,SWT-7.0-154,SWT-7.0-154,1.0,EMODnet + OSM +thewindpower.net,2019.0
-2.8055291,58.2642052,2019-05-01,GB,1.0,115.125,154.0,7000.0,7000.0,Siemens,Siemens,SWT-7.0-154,SWT-7.0-154,1.0,EMODnet + OSM +thewindpower.net,2019.0
-2.8208164,58.2710127,2019-05-01,GB,1.0,115.125,154.0,7000.0,7000.0,Siemens,Siemens,SWT-7.0-154,SWT-7.0-154,1.0,EMODnet + OSM +thewindpower.net,2019.0
-2.8358998,58.2778189,2019-05-01,GB,1.0,115.125,154.0,7000.0,7000.0,Siemens,Siemens,SWT-7.0-154,SWT-7.0-154,1.0,EMODnet + OSM +thewindpower.net,2019.0
-2.8508813,58.284731,2019-05-01,GB,1.0,115.125,154.0,7000.0,7000.0,Siemens,Siemens,SWT-7.0-154,SWT-7.0-154,1.0,EMODnet + OSM +thewindpower.net,2019.0
-2.8666782,58.2913738,2019-05-01,GB,1.0,115.125,154.0,7000.0,7000.0,Siemens,Siemens,SWT-7.0-154,SWT-7.0-154,1.0,EMODnet + OSM +thewindpower.net,2019.0
-2.8818635,58.2982833,2019-05-01,GB,1.0,115.125,154.0,7000.0,7000.0,Siemens,Siemens,SWT-7.0-154,SWT-7.0-154,1.0,EMODnet + OSM +thewindpower.net,2019.0
-2.8021659,58.2744963,2019-05-01,GB,1.0,115.125,154.0,7000.0,7000.0,Siemens,Siemens,SWT-7.0-154,SWT-7.0-154,1.0,EMODnet + OSM +thewindpower.net,2019.0
-2.8173513,58.2813555,2019-05-01,GB,1.0,115.125,154.0,7000.0,7000.0,Siemens,Siemens,SWT-7.0-154,SWT-7.0-154,1.0,EMODnet + OSM +thewindpower.net,2019.0
-2.8323328,58.2881061,2019-05-01,GB,1.0,115.125,154.0,7000.0,7000.0,Siemens,Siemens,SWT-7.0-154,SWT-7.0-154,1.0,EMODnet + OSM +thewindpower.net,2019.0
-2.8479258,58.2950162,2019-05-01,GB,1.0,115.125,154.0,7000.0,7000.0,Siemens,Siemens,SWT-7.0-154,SWT-7.0-154,1.0,EMODnet + OSM +thewindpower.net,2019.0
-2.8631111,58.3017642,2019-05-01,GB,1.0,115.645,154.0,7000.0,7000.0,Siemens,Siemens,SWT-7.0-154,SWT-7.0-154,1.0,EMODnet + OSM +thewindpower.net,2019.0
-2.8785003,58.3087787,2019-05-01,GB,1.0,115.825,154.0,7000.0,7000.0,Siemens,Siemens,SWT-7.0-154,SWT-7.0-154,1.0,EMODnet + OSM +thewindpower.net,2019.0
-2.7987008,58.2851596,2019-05-01,GB,1.0,115.125,154.0,7000.0,7000.0,Siemens,Siemens,SWT-7.0-154,SWT-7.0-154,1.0,EMODnet + OSM +thewindpower.net,2019.0
-2.8141919,58.2915881,2019-05-01,GB,1.0,115.125,154.0,7000.0,7000.0,Siemens,Siemens,SWT-7.0-154,SWT-7.0-154,1.0,EMODnet + OSM +thewindpower.net,2019.0
-2.8288677,58.2984439,2019-05-01,GB,1.0,115.125,154.0,7000.0,7000.0,Siemens,Siemens,SWT-7.0-154,SWT-7.0-154,1.0,EMODnet + OSM +thewindpower.net,2019.0
-2.8445626,58.3054054,2019-05-01,GB,1.0,115.645,154.0,7000.0,7000.0,Siemens,Siemens,SWT-7.0-154,SWT-7.0-154,1.0,EMODnet + OSM +thewindpower.net,2019.0
-2.8597479,58.312098,2019-05-01,GB,1.0,115.825,154.0,7000.0,7000.0,Siemens,Siemens,SWT-7.0-154,SWT-7.0-154,1.0,EMODnet + OSM +thewindpower.net,2019.0
-2.8407918,58.3156847,2019-05-01,GB,1.0,115.825,154.0,7000.0,7000.0,Siemens,Siemens,SWT-7.0-154,SWT-7.0-154,1.0,EMODnet + OSM +thewindpower.net,2019.0
-2.8257084,58.3090464,2019-05-01,GB,1.0,115.825,154.0,7000.0,7000.0,Siemens,Siemens,SWT-7.0-154,SWT-7.0-154,1.0,EMODnet + OSM +thewindpower.net,2019.0
-2.810625,58.3020855,2019-05-01,GB,1.0,115.645,154.0,7000.0,7000.0,Siemens,Siemens,SWT-7.0-154,SWT-7.0-154,1.0,EMODnet + OSM +thewindpower.net,2019.0
-2.7957454,58.2953376,2019-05-01,GB,1.0,115.125,154.0,7000.0,7000.0,Siemens,Siemens,SWT-7.0-154,SWT-7.0-154,1.0,EMODnet + OSM +thewindpower.net,2019.0
-2.7800505,58.288374,2019-05-01,GB,1.0,115.125,154.0,7000.0,7000.0,Siemens,Siemens,SWT-7.0-154,SWT-7.0-154,1.0,EMODnet + OSM +thewindpower.net,2019.0
-2.7765853,58.2985511,2019-05-01,GB,1.0,115.125,154.0,7000.0,7000.0,Siemens,Siemens,SWT-7.0-154,SWT-7.0-154,1.0,EMODnet + OSM +thewindpower.net,2019.0
-2.8063445,58.3124728,2019-05-01,GB,1.0,115.825,154.0,7000.0,7000.0,Siemens,Siemens,SWT-7.0-154,SWT-7.0-154,1.0,EMODnet + OSM +thewindpower.net,2019.0
-2.8222433,58.3190034,2019-05-01,GB,1.0,115.825,154.0,7000.0,7000.0,Siemens,Siemens,SWT-7.0-154,SWT-7.0-154,1.0,EMODnet + OSM +thewindpower.net,2019.0
-2.856079,58.3224823,2019-05-01,GB,1.0,115.825,154.0,7000.0,7000.0,Siemens,Siemens,SWT-7.0-154,SWT-7.0-154,1.0,EMODnet + OSM +thewindpower.net,2019.0
1.117993,51.4462312,2015-12-01,GB,1.0,83.6,112.0,3300.0,3300.0,Vestas,Vestas,V112/3300,V112/3300,1.0,EMODnet + OSM +thewindpower.net,2015.0
1.1289472,51.4472923,2015-12-01,GB,1.0,83.6,112.0,3300.0,3300.0,Vestas,Vestas,V112/3300,V112/3300,1.0,EMODnet + OSM +thewindpower.net,2015.0
1.1380577,51.4482879,2015-12-01,GB,1.0,83.6,112.0,3300.0,3300.0,Vestas,Vestas,V112/3300,V112/3300,1.0,EMODnet + OSM +thewindpower.net,2015.0
1.106816,51.4451301,2015-12-01,GB,1.0,83.6,112.0,3300.0,3300.0,Vestas,Vestas,V112/3300,V112/3300,1.0,EMODnet + OSM +thewindpower.net,2015.0
1.0900333,51.4433877,2015-12-01,GB,1.0,83.6,112.0,3300.0,3300.0,Vestas,Vestas,V112/3300,V112/3300,1.0,EMODnet + OSM +thewindpower.net,2015.0
1.0787155,51.4415617,2015-12-01,GB,1.0,83.6,112.0,3300.0,3300.0,Vestas,Vestas,V112/3300,V112/3300,1.0,EMODnet + OSM +thewindpower.net,2015.0
1.0610527,51.4463892,2015-12-01,GB,1.0,83.6,112.0,3300.0,3300.0,Vestas,Vestas,V112/3300,V112/3300,1.0,EMODnet + OSM +thewindpower.net,2015.0
1.0729223,51.4466367,2015-12-01,GB,1.0,83.6,112.0,3300.0,3300.0,Vestas,Vestas,V112/3300,V112/3300,1.0,EMODnet + OSM +thewindpower.net,2015.0
1.0604099,51.4562035,2015-12-01,GB,1.0,83.6,112.0,3300.0,3300.0,Vestas,Vestas,V112/3300,V112/3300,1.0,EMODnet + OSM +thewindpower.net,2015.0
1.0548542,51.4612101,2015-12-01,GB,1.0,83.6,112.0,3300.0,3300.0,Vestas,Vestas,V112/3300,V112/3300,1.0,EMODnet + OSM +thewindpower.net,2015.0
1.0485638,51.4661588,2015-12-01,GB,1.0,83.6,112.0,3300.0,3300.0,Vestas,Vestas,V112/3300,V112/3300,1.0,EMODnet + OSM +thewindpower.net,2015.0
1.0610923,51.4463849,2015-12-01,GB,1.0,83.6,112.0,3300.0,3300.0,Vestas,Vestas,V112/3300,V112/3300,1.0,EMODnet + OSM +thewindpower.net,2015.0
1.0552025,51.4510779,2015-12-01,GB,1.0,83.6,112.0,3300.0,3300.0,Vestas,Vestas,V112/3300,V112/3300,1.0,EMODnet + OSM +thewindpower.net,2015.0
1.0497623,51.4555313,2015-12-01,GB,1.0,83.6,112.0,3300.0,3300.0,Vestas,Vestas,V112/3300,V112/3300,1.0,EMODnet + OSM +thewindpower.net,2015.0
1.0443278,51.459786,2015-12-01,GB,1.0,83.6,112.0,3300.0,3300.0,Vestas,Vestas,V112/3300,V112/3300,1.0,EMODnet + OSM +thewindpower.net,2015.0
1.0377359,51.4651081,2015-12-01,GB,1.0,83.6,112.0,3300.0,3300.0,Vestas,Vestas,V112/3300,V112/3300,1.0,EMODnet + OSM +thewindpower.net,2015.0
2.711160443236922,51.72045756741724,2020-12-01,BE,1.0,112.47,167.0,8400.0,8400.0,Siemens,Siemens,SWT-8.0-167DD,SWT-8.0-167DD,1.0,EMODnet + OSM +thewindpower.net,2020.0
2.713585894504045,51.728093247332254,2020-12-01,BE,1.0,112.47,167.0,8400.0,8400.0,Siemens,Siemens,SWT-8.0-167DD,SWT-8.0-167DD,1.0,EMODnet + OSM +thewindpower.net,2020.0
2.758142332596373,51.72324234479802,2020-12-01,BE,1.0,111.99,167.0,8400.0,8400.0,Siemens,Siemens,SWT-8.0-167DD,SWT-8.0-167DD,1.0,EMODnet + OSM +thewindpower.net,2020.0
2.748620190584706,51.72980004637208,2020-12-01,BE,1.0,111.99,167.0,8400.0,8400.0,Siemens,Siemens,SWT-8.0-167DD,SWT-8.0-167DD,1.0,EMODnet + OSM +thewindpower.net,2020.0
2.738379396345743,51.7216253772866,2020-12-01,BE,1.0,111.99,167.0,8400.0,8400.0,Siemens,Siemens,SWT-8.0-167DD,SWT-8.0-167DD,1.0,EMODnet + OSM +thewindpower.net,2020.0
2.739008217044627,51.735818758775686,2020-12-01,BE,1.0,111.99,167.0,8400.0,8400.0,Siemens,Siemens,SWT-8.0-167DD,SWT-8.0-167DD,1.0,EMODnet + OSM +thewindpower.net,2020.0
2.760118626221436,51.73572892724727,2020-12-01,BE,1.0,111.99,167.0,8400.0,8400.0,Siemens,Siemens,SWT-8.0-167DD,SWT-8.0-167DD,1.0,EMODnet + OSM +thewindpower.net,2020.0
2.729216580447724,51.72629661676402,2020-12-01,BE,1.0,112.11,167.0,8400.0,8400.0,Siemens,Siemens,SWT-8.0-167DD,SWT-8.0-167DD,1.0,EMODnet + OSM +thewindpower.net,2020.0
2.747093054601702,51.71659481169553,2020-12-01,BE,1.0,111.99,167.0,8400.0,8400.0,Siemens,Siemens,SWT-8.0-167DD,SWT-8.0-167DD,1.0,EMODnet + OSM +thewindpower.net,2020.0
2.766945822380744,51.73186617152556,2020-12-01,BE,1.0,111.99,167.0,8400.0,8400.0,Siemens,Siemens,SWT-8.0-167DD,SWT-8.0-167DD,1.0,EMODnet + OSM +thewindpower.net,2020.0
2.781049372341421,51.7231525132696,2020-12-01,BE,1.0,111.91,167.0,8400.0,8400.0,Siemens,Siemens,SWT-8.0-167DD,SWT-8.0-167DD,1.0,EMODnet + OSM +thewindpower.net,2020.0
2.780420551642537,51.715606664883,2020-12-01,BE,1.0,111.91,167.0,8400.0,8400.0,Siemens,Siemens,SWT-8.0-167DD,SWT-8.0-167DD,1.0,EMODnet + OSM +thewindpower.net,2020.0
2.7230182049873,51.71875076837742,2020-12-01,BE,1.0,112.15,167.0,8400.0,8400.0,Siemens,Siemens,SWT-8.0-167DD,SWT-8.0-167DD,1.0,EMODnet + OSM +thewindpower.net,2020.0
2.71017229642439,51.70186244103596,2020-12-01,BE,1.0,112.47,167.0,8400.0,8400.0,Siemens,Siemens,SWT-8.0-167DD,SWT-8.0-167DD,1.0,EMODnet + OSM +thewindpower.net,2020.0
2.714035052146104,51.6975505276722,2020-12-01,BE,1.0,112.39,167.0,8400.0,8400.0,Siemens,Siemens,SWT-8.0-167DD,SWT-8.0-167DD,1.0,EMODnet + OSM +thewindpower.net,2020.0
2.706309540702676,51.70608452287133,2020-12-01,BE,1.0,112.47,167.0,8400.0,8400.0,Siemens,Siemens,SWT-8.0-167DD,SWT-8.0-167DD,1.0,EMODnet + OSM +thewindpower.net,2020.0
2.719155449265585,51.70985744706464,2020-12-01,BE,1.0,112.15,167.0,8400.0,8400.0,Siemens,Siemens,SWT-8.0-167DD,SWT-8.0-167DD,1.0,EMODnet + OSM +thewindpower.net,2020.0
2.71798763939623,51.69341827736525,2020-12-01,BE,1.0,112.15,167.0,8400.0,8400.0,Siemens,Siemens,SWT-8.0-167DD,SWT-8.0-167DD,1.0,EMODnet + OSM +thewindpower.net,2020.0
2.750237158096121,51.70904896330892,2020-12-01,BE,1.0,111.99,167.0,8400.0,8400.0,Siemens,Siemens,SWT-8.0-167DD,SWT-8.0-167DD,1.0,EMODnet + OSM +thewindpower.net,2020.0
2.740715016084454,51.70446755535992,2020-12-01,BE,1.0,111.99,167.0,8400.0,8400.0,Siemens,Siemens,SWT-8.0-167DD,SWT-8.0-167DD,1.0,EMODnet + OSM +thewindpower.net,2020.0
2.731731863243259,51.711474414576045,2020-12-01,BE,1.0,111.99,167.0,8400.0,8400.0,Siemens,Siemens,SWT-8.0-167DD,SWT-8.0-167DD,1.0,EMODnet + OSM +thewindpower.net,2020.0
2.728767422805665,51.698898000598376,2020-12-01,BE,1.0,112.11,167.0,8400.0,8400.0,Siemens,Siemens,SWT-8.0-167DD,SWT-8.0-167DD,1.0,EMODnet + OSM +thewindpower.net,2020.0
2.724275846385067,51.70446755535991,2020-12-01,BE,1.0,112.15,167.0,8400.0,8400.0,Siemens,Siemens,SWT-8.0-167DD,SWT-8.0-167DD,1.0,EMODnet + OSM +thewindpower.net,2020.0
2.708914655026623,51.713630371257935,2020-12-01,BE,1.0,112.47,167.0,8400.0,8400.0,Siemens,Siemens,SWT-8.0-167DD,SWT-8.0-167DD,1.0,EMODnet + OSM +thewindpower.net,2020.0
2.764161044999974,51.71309138208747,2020-12-01,BE,1.0,111.99,167.0,8400.0,8400.0,Siemens,Siemens,SWT-8.0-167DD,SWT-8.0-167DD,1.0,EMODnet + OSM +thewindpower.net,2020.0
2.721491069004296,51.732494992224446,2020-12-01,BE,1.0,112.15,167.0,8400.0,8400.0,Siemens,Siemens,SWT-8.0-167DD,SWT-8.0-167DD,1.0,EMODnet + OSM +thewindpower.net,2020.0
2.753650756175775,51.73869336768487,2020-12-01,BE,1.0,111.99,167.0,8400.0,8400.0,Siemens,Siemens,SWT-8.0-167DD,SWT-8.0-167DD,1.0,EMODnet + OSM +thewindpower.net,2020.0
2.774042513125289,51.7276440896902,2020-12-01,BE,1.0,111.95,167.0,8400.0,8400.0,Siemens,Siemens,SWT-8.0-167DD,SWT-8.0-167DD,1.0,EMODnet + OSM +thewindpower.net,2020.0
2.723467362629359,51.71210323527493,2020-12-01,BE,1.0,112.15,167.0,8400.0,8400.0,Siemens,Siemens,SWT-8.0-167DD,SWT-8.0-167DD,1.0,EMODnet + OSM +thewindpower.net,2020.0
2.74098451066969,51.6840757984104,2020-01-01,BE,1.0,111.99,164.0,9500.0,9500.0,Vestas,Vestas,V164/9500,V164/9500,1.0,EMODnet + OSM +thewindpower.net,2020.0
2.754010082289423,51.69566406557554,2020-01-01,BE,1.0,111.99,164.0,9500.0,9500.0,Vestas,Vestas,V164/9500,V164/9500,1.0,EMODnet + OSM +thewindpower.net,2020.0
2.735684450493384,51.69296911972319,2020-01-01,BE,1.0,111.99,164.0,9500.0,9500.0,Vestas,Vestas,V164/9500,V164/9500,1.0,EMODnet + OSM +thewindpower.net,2020.0
2.75939997399414,51.70276075632009,2020-01-01,BE,1.0,111.99,164.0,9500.0,9500.0,Vestas,Vestas,V164/9500,V164/9500,1.0,EMODnet + OSM +thewindpower.net,2020.0
2.733977651453558,51.67608079238174,2020-01-01,BE,1.0,111.99,164.0,9500.0,9500.0,Vestas,Vestas,V164/9500,V164/9500,1.0,EMODnet + OSM +thewindpower.net,2020.0
2.744398108749344,51.69063349998448,2020-01-01,BE,1.0,111.99,164.0,9500.0,9500.0,Vestas,Vestas,V164/9500,V164/9500,1.0,EMODnet + OSM +thewindpower.net,2020.0
2.767035653909156,51.706982838155454,2020-01-01,BE,1.0,111.99,164.0,9500.0,9500.0,Vestas,Vestas,V164/9500,V164/9500,1.0,EMODnet + OSM +thewindpower.net,2020.0
2.749069348226765,51.67760792836474,2020-01-01,BE,1.0,111.99,164.0,9500.0,9500.0,Vestas,Vestas,V164/9500,V164/9500,1.0,EMODnet + OSM +thewindpower.net,2020.0
2.746643896959643,51.69961665282567,2020-01-01,BE,1.0,111.99,164.0,9500.0,9500.0,Vestas,Vestas,V164/9500,V164/9500,1.0,EMODnet + OSM +thewindpower.net,2020.0
2.753021935476891,51.68551310286499,2020-01-01,BE,1.0,111.99,164.0,9500.0,9500.0,Vestas,Vestas,V164/9500,V164/9500,1.0,EMODnet + OSM +thewindpower.net,2020.0
2.728857254334076,51.68317748312628,2020-01-01,BE,1.0,112.11,164.0,9500.0,9500.0,Vestas,Vestas,V164/9500,V164/9500,1.0,EMODnet + OSM +thewindpower.net,2020.0
2.761466099147615,51.6750028140408,2020-01-01,BE,1.0,111.99,164.0,9500.0,9500.0,Vestas,Vestas,V164/9500,V164/9500,1.0,EMODnet + OSM +thewindpower.net,2020.0
2.765059360284093,51.681470684086456,2020-01-01,BE,1.0,111.99,164.0,9500.0,9500.0,Vestas,Vestas,V164/9500,V164/9500,1.0,EMODnet + OSM +thewindpower.net,2020.0
2.764789865698857,51.696382717802834,2020-01-01,BE,1.0,111.99,164.0,9500.0,9500.0,Vestas,Vestas,V164/9500,V164/9500,1.0,EMODnet + OSM +thewindpower.net,2020.0
2.738918385516215,51.67087056373384,2020-01-01,BE,1.0,111.99,164.0,9500.0,9500.0,Vestas,Vestas,V164/9500,V164/9500,1.0,EMODnet + OSM +thewindpower.net,2020.0
2.781768024568716,51.70931845789416,2020-01-01,BE,1.0,111.91,164.0,9500.0,9500.0,Vestas,Vestas,V164/9500,V164/9500,1.0,EMODnet + OSM +thewindpower.net,2020.0
2.777725605790178,51.703120082433735,2020-01-01,BE,1.0,111.91,164.0,9500.0,9500.0,Vestas,Vestas,V164/9500,V164/9500,1.0,EMODnet + OSM +thewindpower.net,2020.0
2.772964534784345,51.694316592649365,2020-01-01,BE,1.0,111.99,164.0,9500.0,9500.0,Vestas,Vestas,V164/9500,V164/9500,1.0,EMODnet + OSM +thewindpower.net,2020.0
2.723557194157771,51.68847754330258,2020-01-01,BE,1.0,112.15,164.0,9500.0,9500.0,Vestas,Vestas,V164/9500,V164/9500,1.0,EMODnet + OSM +thewindpower.net,2020.0
2.769820431289927,51.68919619552989,2020-01-01,BE,1.0,111.99,164.0,9500.0,9500.0,Vestas,Vestas,V164/9500,V164/9500,1.0,EMODnet + OSM +thewindpower.net,2020.0
2.751225304908652,51.65847381281299,2020-01-01,BE,1.0,111.99,164.0,9500.0,9500.0,Vestas,Vestas,V164/9500,V164/9500,1.0,EMODnet + OSM +thewindpower.net,2020.0
2.745026929448228,51.6668281449553,2020-01-01,BE,1.0,111.99,164.0,9500.0,9500.0,Vestas,Vestas,V164/9500,V164/9500,1.0,EMODnet + OSM +thewindpower.net,2020.0
2.757693174954313,51.66862477552355,2020-01-01,BE,1.0,111.99,164.0,9500.0,9500.0,Vestas,Vestas,V164/9500,V164/9500,1.0,EMODnet + OSM +thewindpower.net,2020.0
2.759759300107788,51.68820804871735,2020-01-01,BE,1.0,111.99,164.0,9500.0,9500.0,Vestas,Vestas,V164/9500,V164/9500,1.0,EMODnet + OSM +thewindpower.net,2020.0
2.847794197951501,51.63179384887464,2020-12-01,BE,1.0,112.14,167.0,8400.0,8400.0,Siemens,Siemens,SWT-8.0-167DD,SWT-8.0-167DD,1.0,EMODnet + OSM +thewindpower.net,2020.0
2.840428012621721,51.63565660459636,2020-12-01,BE,1.0,112.14,167.0,8400.0,8400.0,Siemens,Siemens,SWT-8.0-167DD,SWT-8.0-167DD,1.0,EMODnet + OSM +thewindpower.net,2020.0
2.827851598644048,51.6254158103574,2020-12-01,BE,1.0,112.14,167.0,8400.0,8400.0,Siemens,Siemens,SWT-8.0-167DD,SWT-8.0-167DD,1.0,EMODnet + OSM +thewindpower.net,2020.0
2.853004426599394,51.64580756730691,2020-12-01,BE,1.0,112.14,167.0,8400.0,8400.0,Siemens,Siemens,SWT-8.0-167DD,SWT-8.0-167DD,1.0,EMODnet + OSM +thewindpower.net,2020.0
2.855340046338105,51.62829041926658,2020-12-01,BE,1.0,112.14,167.0,8400.0,8400.0,Siemens,Siemens,SWT-8.0-167DD,SWT-8.0-167DD,1.0,EMODnet + OSM +thewindpower.net,2020.0
2.885253945299285,51.66089926408012,2020-12-01,BE,1.0,111.92,167.0,8400.0,8400.0,Siemens,Siemens,SWT-8.0-167DD,SWT-8.0-167DD,1.0,EMODnet + OSM +thewindpower.net,2020.0
2.871958879094316,51.651646616653686,2020-12-01,BE,1.0,112.14,167.0,8400.0,8400.0,Siemens,Siemens,SWT-8.0-167DD,SWT-8.0-167DD,1.0,EMODnet + OSM +thewindpower.net,2020.0
2.891631983816534,51.65694667683,2020-12-01,BE,1.0,111.78,167.0,8400.0,8400.0,Siemens,Siemens,SWT-8.0-167DD,SWT-8.0-167DD,1.0,EMODnet + OSM +thewindpower.net,2020.0
2.893428614384773,51.63951936031807,2020-12-01,BE,1.0,112.01,167.0,8400.0,8400.0,Siemens,Siemens,SWT-8.0-167DD,SWT-8.0-167DD,1.0,EMODnet + OSM +thewindpower.net,2020.0
2.885882765998169,51.6434719475682,2020-12-01,BE,1.0,112.15,167.0,8400.0,8400.0,Siemens,Siemens,SWT-8.0-167DD,SWT-8.0-167DD,1.0,EMODnet + OSM +thewindpower.net,2020.0
2.879145401367273,51.664582356745,2020-12-01,BE,1.0,111.92,167.0,8400.0,8400.0,Siemens,Siemens,SWT-8.0-167DD,SWT-8.0-167DD,1.0,EMODnet + OSM +thewindpower.net,2020.0
2.879145401367272,51.647604197875154,2020-12-01,BE,1.0,112.15,167.0,8400.0,8400.0,Siemens,Siemens,SWT-8.0-167DD,SWT-8.0-167DD,1.0,EMODnet + OSM +thewindpower.net,2020.0
2.905196544606738,51.64904150232974,2020-12-01,BE,1.0,111.96,167.0,8400.0,8400.0,Siemens,Siemens,SWT-8.0-167DD,SWT-8.0-167DD,1.0,EMODnet + OSM +thewindpower.net,2020.0
2.874114835776203,51.63412946861335,2020-12-01,BE,1.0,112.14,167.0,8400.0,8400.0,Siemens,Siemens,SWT-8.0-167DD,SWT-8.0-167DD,1.0,EMODnet + OSM +thewindpower.net,2020.0
2.898549011504254,51.65299408957987,2020-12-01,BE,1.0,111.9,167.0,8400.0,8400.0,Siemens,Siemens,SWT-8.0-167DD,SWT-8.0-167DD,1.0,EMODnet + OSM +thewindpower.net,2020.0
2.865940166690715,51.65515004626175,2020-12-01,BE,1.0,111.91,167.0,8400.0,8400.0,Siemens,Siemens,SWT-8.0-167DD,SWT-8.0-167DD,1.0,EMODnet + OSM +thewindpower.net,2020.0
2.881840347219631,51.630715870533706,2020-12-01,BE,1.0,112.15,167.0,8400.0,8400.0,Siemens,Siemens,SWT-8.0-167DD,SWT-8.0-167DD,1.0,EMODnet + OSM +thewindpower.net,2020.0
2.862706231667885,51.6246971581301,2020-12-01,BE,1.0,112.14,167.0,8400.0,8400.0,Siemens,Siemens,SWT-8.0-167DD,SWT-8.0-167DD,1.0,EMODnet + OSM +thewindpower.net,2020.0
2.84267380083202,51.61840895114126,2020-12-01,BE,1.0,112.14,167.0,8400.0,8400.0,Siemens,Siemens,SWT-8.0-167DD,SWT-8.0-167DD,1.0,EMODnet + OSM +thewindpower.net,2020.0
2.823180359166626,51.61230040720925,2020-12-01,BE,1.0,112.14,167.0,8400.0,8400.0,Siemens,Siemens,SWT-8.0-167DD,SWT-8.0-167DD,1.0,EMODnet + OSM +thewindpower.net,2020.0
2.85327392118463,51.61194108109561,2020-12-01,BE,1.0,112.14,167.0,8400.0,8400.0,Siemens,Siemens,SWT-8.0-167DD,SWT-8.0-167DD,1.0,EMODnet + OSM +thewindpower.net,2020.0
2.84132632790584,51.6081681569023,2020-12-01,BE,1.0,112.14,167.0,8400.0,8400.0,Siemens,Siemens,SWT-8.0-167DD,SWT-8.0-167DD,1.0,EMODnet + OSM +thewindpower.net,2020.0
2.853812910355102,51.61858861419809,2020-12-01,BE,1.0,112.14,167.0,8400.0,8400.0,Siemens,Siemens,SWT-8.0-167DD,SWT-8.0-167DD,1.0,EMODnet + OSM +thewindpower.net,2020.0
2.816353163007318,51.61517501611843,2020-12-01,BE,1.0,112.14,167.0,8400.0,8400.0,Siemens,Siemens,SWT-8.0-167DD,SWT-8.0-167DD,1.0,EMODnet + OSM +thewindpower.net,2020.0
2.863514715423593,51.61625299445938,2020-12-01,BE,1.0,112.14,167.0,8400.0,8400.0,Siemens,Siemens,SWT-8.0-167DD,SWT-8.0-167DD,1.0,EMODnet + OSM +thewindpower.net,2020.0
2.835217783973828,51.62200221227774,2020-12-01,BE,1.0,112.14,167.0,8400.0,8400.0,Siemens,Siemens,SWT-8.0-167DD,SWT-8.0-167DD,1.0,EMODnet + OSM +thewindpower.net,2020.0
2.871599552980668,51.62263103297663,2020-12-01,BE,1.0,112.14,167.0,8400.0,8400.0,Siemens,Siemens,SWT-8.0-167DD,SWT-8.0-167DD,1.0,EMODnet + OSM +thewindpower.net,2020.0
2.859921454287115,51.64176514852837,2020-12-01,BE,1.0,112.14,167.0,8400.0,8400.0,Siemens,Siemens,SWT-8.0-167DD,SWT-8.0-167DD,1.0,EMODnet + OSM +thewindpower.net,2020.0
2.867197808088483,51.63790239280666,2020-12-01,BE,1.0,112.14,167.0,8400.0,8400.0,Siemens,Siemens,SWT-8.0-167DD,SWT-8.0-167DD,1.0,EMODnet + OSM +thewindpower.net,2020.0
2.83072620755323,51.6088868091296,2020-12-01,BE,1.0,112.14,167.0,8400.0,8400.0,Siemens,Siemens,SWT-8.0-167DD,SWT-8.0-167DD,1.0,EMODnet + OSM +thewindpower.net,2020.0
2.844919589042318,51.62424800048804,2020-12-01,BE,1.0,112.14,167.0,8400.0,8400.0,Siemens,Siemens,SWT-8.0-167DD,SWT-8.0-167DD,1.0,EMODnet + OSM +thewindpower.net,2020.0
2.886,51.6235,2014-06-01,BE,1.0,71.0,112.0,3000.0,3000.0,Vestas,Vestas,V112/3000 Offshore,V112/3000 Offshore,1.0,EMODnet + OSM +thewindpower.net,2014.0
2.859,51.6015,2014-06-01,BE,1.0,71.0,112.0,3000.0,3000.0,Vestas,Vestas,V112/3000 Offshore,V112/3000 Offshore,1.0,EMODnet + OSM +thewindpower.net,2014.0
2.868333,51.597,2014-06-01,BE,1.0,71.0,112.0,3000.0,3000.0,Vestas,Vestas,V112/3000 Offshore,V112/3000 Offshore,1.0,EMODnet + OSM +thewindpower.net,2014.0
2.876167,51.597667,2014-06-01,BE,1.0,71.0,112.0,3000.0,3000.0,Vestas,Vestas,V112/3000 Offshore,V112/3000 Offshore,1.0,EMODnet + OSM +thewindpower.net,2014.0
2.9117341,51.6093413,2014-06-01,BE,1.0,71.0,112.0,3000.0,3000.0,Vestas,Vestas,V112/3000 Offshore,V112/3000 Offshore,1.0,EMODnet + OSM +thewindpower.net,2014.0
2.9435,51.625833,2014-06-01,BE,1.0,71.0,112.0,3000.0,3000.0,Vestas,Vestas,V112/3000 Offshore,V112/3000 Offshore,1.0,EMODnet + OSM +thewindpower.net,2014.0
2.9129439,51.6447028,2014-06-01,BE,1.0,71.0,112.0,3000.0,3000.0,Vestas,Vestas,V112/3000 Offshore,V112/3000 Offshore,1.0,EMODnet + OSM +thewindpower.net,2014.0
2.8836963,51.6195418,2014-06-01,BE,1.0,71.0,112.0,3000.0,3000.0,Vestas,Vestas,V112/3000 Offshore,V112/3000 Offshore,1.0,EMODnet + OSM +thewindpower.net,2014.0
2.8626161,51.5984393,2014-06-01,BE,1.0,71.0,112.0,3000.0,3000.0,Vestas,Vestas,V112/3000 Offshore,V112/3000 Offshore,1.0,EMODnet + OSM +thewindpower.net,2014.0
2.8640843,51.6050186,2014-06-01,BE,1.0,71.0,112.0,3000.0,3000.0,Vestas,Vestas,V112/3000 Offshore,V112/3000 Offshore,1.0,EMODnet + OSM +thewindpower.net,2014.0
2.8695379,51.6013056,2014-06-01,BE,1.0,71.0,112.0,3000.0,3000.0,Vestas,Vestas,V112/3000 Offshore,V112/3000 Offshore,1.0,EMODnet + OSM +thewindpower.net,2014.0
2.8849548,51.6002633,2014-06-01,BE,1.0,71.0,112.0,3000.0,3000.0,Vestas,Vestas,V112/3000 Offshore,V112/3000 Offshore,1.0,EMODnet + OSM +thewindpower.net,2014.0
2.8784525,51.602413,2014-06-01,BE,1.0,71.0,112.0,3000.0,3000.0,Vestas,Vestas,V112/3000 Offshore,V112/3000 Offshore,1.0,EMODnet + OSM +thewindpower.net,2014.0
2.8727891,51.6056048,2014-06-01,BE,1.0,71.0,112.0,3000.0,3000.0,Vestas,Vestas,V112/3000 Offshore,V112/3000 Offshore,1.0,EMODnet + OSM +thewindpower.net,2014.0
2.8684892,51.6087312,2014-06-01,BE,1.0,71.0,112.0,3000.0,3000.0,Vestas,Vestas,V112/3000 Offshore,V112/3000 Offshore,1.0,EMODnet + OSM +thewindpower.net,2014.0
2.8729989,51.6123784,2014-06-01,BE,1.0,71.0,112.0,3000.0,3000.0,Vestas,Vestas,V112/3000 Offshore,V112/3000 Offshore,1.0,EMODnet + OSM +thewindpower.net,2014.0
2.8776135,51.6093174,2014-06-01,BE,1.0,71.0,112.0,3000.0,3000.0,Vestas,Vestas,V112/3000 Offshore,V112/3000 Offshore,1.0,EMODnet + OSM +thewindpower.net,2014.0
2.8823329,51.6063864,2014-06-01,BE,1.0,71.0,112.0,3000.0,3000.0,Vestas,Vestas,V112/3000 Offshore,V112/3000 Offshore,1.0,EMODnet + OSM +thewindpower.net,2014.0
2.8888353,51.6037809,2014-06-01,BE,1.0,71.0,112.0,3000.0,3000.0,Vestas,Vestas,V112/3000 Offshore,V112/3000 Offshore,1.0,EMODnet + OSM +thewindpower.net,2014.0
2.8964913,51.6052791,2014-06-01,BE,1.0,71.0,112.0,3000.0,3000.0,Vestas,Vestas,V112/3000 Offshore,V112/3000 Offshore,1.0,EMODnet + OSM +thewindpower.net,2014.0
2.8906182,51.6078194,2014-06-01,BE,1.0,71.0,112.0,3000.0,3000.0,Vestas,Vestas,V112/3000 Offshore,V112/3000 Offshore,1.0,EMODnet + OSM +thewindpower.net,2014.0
2.8857939,51.6104897,2014-06-01,BE,1.0,71.0,112.0,3000.0,3000.0,Vestas,Vestas,V112/3000 Offshore,V112/3000 Offshore,1.0,EMODnet + OSM +thewindpower.net,2014.0
2.8814939,51.6128343,2014-06-01,BE,1.0,71.0,112.0,3000.0,3000.0,Vestas,Vestas,V112/3000 Offshore,V112/3000 Offshore,1.0,EMODnet + OSM +thewindpower.net,2014.0
2.8778232,51.6162858,2014-06-01,BE,1.0,71.0,112.0,3000.0,3000.0,Vestas,Vestas,V112/3000 Offshore,V112/3000 Offshore,1.0,EMODnet + OSM +thewindpower.net,2014.0
2.8879963,51.616351,2014-06-01,BE,1.0,71.0,112.0,3000.0,3000.0,Vestas,Vestas,V112/3000 Offshore,V112/3000 Offshore,1.0,EMODnet + OSM +thewindpower.net,2014.0
2.8929255,51.6135507,2014-06-01,BE,1.0,71.0,112.0,3000.0,3000.0,Vestas,Vestas,V112/3000 Offshore,V112/3000 Offshore,1.0,EMODnet + OSM +thewindpower.net,2014.0
2.8965962,51.6110759,2014-06-01,BE,1.0,71.0,112.0,3000.0,3000.0,Vestas,Vestas,V112/3000 Offshore,V112/3000 Offshore,1.0,EMODnet + OSM +thewindpower.net,2014.0
2.9034132,51.6080799,2014-06-01,BE,1.0,71.0,112.0,3000.0,3000.0,Vestas,Vestas,V112/3000 Offshore,V112/3000 Offshore,1.0,EMODnet + OSM +thewindpower.net,2014.0
2.905301,51.6119226,2014-06-01,BE,1.0,71.0,112.0,3000.0,3000.0,Vestas,Vestas,V112/3000 Offshore,V112/3000 Offshore,1.0,EMODnet + OSM +thewindpower.net,2014.0
2.9006864,51.6146578,2014-06-01,BE,1.0,71.0,112.0,3000.0,3000.0,Vestas,Vestas,V112/3000 Offshore,V112/3000 Offshore,1.0,EMODnet + OSM +thewindpower.net,2014.0
2.8963864,51.6172626,2014-06-01,BE,1.0,71.0,112.0,3000.0,3000.0,Vestas,Vestas,V112/3000 Offshore,V112/3000 Offshore,1.0,EMODnet + OSM +thewindpower.net,2014.0
2.8919816,51.620258,2014-06-01,BE,1.0,71.0,112.0,3000.0,3000.0,Vestas,Vestas,V112/3000 Offshore,V112/3000 Offshore,1.0,EMODnet + OSM +thewindpower.net,2014.0
2.8913523,51.627355,2014-06-01,BE,1.0,71.0,112.0,3000.0,3000.0,Vestas,Vestas,V112/3000 Offshore,V112/3000 Offshore,1.0,EMODnet + OSM +thewindpower.net,2014.0
2.8949182,51.6240997,2014-06-01,BE,1.0,71.0,112.0,3000.0,3000.0,Vestas,Vestas,V112/3000 Offshore,V112/3000 Offshore,1.0,EMODnet + OSM +thewindpower.net,2014.0
2.9003718,51.6216254,2014-06-01,BE,1.0,71.0,112.0,3000.0,3000.0,Vestas,Vestas,V112/3000 Offshore,V112/3000 Offshore,1.0,EMODnet + OSM +thewindpower.net,2014.0
2.9042522,51.6187604,2014-06-01,BE,1.0,71.0,112.0,3000.0,3000.0,Vestas,Vestas,V112/3000 Offshore,V112/3000 Offshore,1.0,EMODnet + OSM +thewindpower.net,2014.0
2.9087619,51.6159602,2014-06-01,BE,1.0,71.0,112.0,3000.0,3000.0,Vestas,Vestas,V112/3000 Offshore,V112/3000 Offshore,1.0,EMODnet + OSM +thewindpower.net,2014.0
2.9155789,51.6131599,2014-06-01,BE,1.0,71.0,112.0,3000.0,3000.0,Vestas,Vestas,V112/3000 Offshore,V112/3000 Offshore,1.0,EMODnet + OSM +thewindpower.net,2014.0
2.9236544,51.6142019,2014-06-01,BE,1.0,71.0,112.0,3000.0,3000.0,Vestas,Vestas,V112/3000 Offshore,V112/3000 Offshore,1.0,EMODnet + OSM +thewindpower.net,2014.0
2.9167326,51.6171975,2014-06-01,BE,1.0,71.0,112.0,3000.0,3000.0,Vestas,Vestas,V112/3000 Offshore,V112/3000 Offshore,1.0,EMODnet + OSM +thewindpower.net,2014.0
2.9125375,51.6199325,2014-06-01,BE,1.0,71.0,112.0,3000.0,3000.0,Vestas,Vestas,V112/3000 Offshore,V112/3000 Offshore,1.0,EMODnet + OSM +thewindpower.net,2014.0
2.9083424,51.6221463,2014-06-01,BE,1.0,71.0,112.0,3000.0,3000.0,Vestas,Vestas,V112/3000 Offshore,V112/3000 Offshore,1.0,EMODnet + OSM +thewindpower.net,2014.0
2.9039376,51.6251414,2014-06-01,BE,1.0,71.0,112.0,3000.0,3000.0,Vestas,Vestas,V112/3000 Offshore,V112/3000 Offshore,1.0,EMODnet + OSM +thewindpower.net,2014.0
2.8990084,51.6282014,2014-06-01,BE,1.0,71.0,112.0,3000.0,3000.0,Vestas,Vestas,V112/3000 Offshore,V112/3000 Offshore,1.0,EMODnet + OSM +thewindpower.net,2014.0
2.8955474,51.6311309,2014-06-01,BE,1.0,71.0,112.0,3000.0,3000.0,Vestas,Vestas,V112/3000 Offshore,V112/3000 Offshore,1.0,EMODnet + OSM +thewindpower.net,2014.0
2.9024693,51.6337348,2014-06-01,BE,1.0,71.0,112.0,3000.0,3000.0,Vestas,Vestas,V112/3000 Offshore,V112/3000 Offshore,1.0,EMODnet + OSM +thewindpower.net,2014.0
2.9062449,51.6304148,2014-06-01,BE,1.0,71.0,112.0,3000.0,3000.0,Vestas,Vestas,V112/3000 Offshore,V112/3000 Offshore,1.0,EMODnet + OSM +thewindpower.net,2014.0
2.9108595,51.627941,2014-06-01,BE,1.0,71.0,112.0,3000.0,3000.0,Vestas,Vestas,V112/3000 Offshore,V112/3000 Offshore,1.0,EMODnet + OSM +thewindpower.net,2014.0
2.915474,51.6249461,2014-06-01,BE,1.0,71.0,112.0,3000.0,3000.0,Vestas,Vestas,V112/3000 Offshore,V112/3000 Offshore,1.0,EMODnet + OSM +thewindpower.net,2014.0
2.9199837,51.6222766,2014-06-01,BE,1.0,71.0,112.0,3000.0,3000.0,Vestas,Vestas,V112/3000 Offshore,V112/3000 Offshore,1.0,EMODnet + OSM +thewindpower.net,2014.0
2.9245983,51.6198022,2014-06-01,BE,1.0,71.0,112.0,3000.0,3000.0,Vestas,Vestas,V112/3000 Offshore,V112/3000 Offshore,1.0,EMODnet + OSM +thewindpower.net,2014.0
2.9299471,51.6176534,2014-06-01,BE,1.0,71.0,112.0,3000.0,3000.0,Vestas,Vestas,V112/3000 Offshore,V112/3000 Offshore,1.0,EMODnet + OSM +thewindpower.net,2014.0
2.935925,51.6208441,2014-06-01,BE,1.0,71.0,112.0,3000.0,3000.0,Vestas,Vestas,V112/3000 Offshore,V112/3000 Offshore,1.0,EMODnet + OSM +thewindpower.net,2014.0
2.9279544,51.6236439,2014-06-01,BE,1.0,71.0,112.0,3000.0,3000.0,Vestas,Vestas,V112/3000 Offshore,V112/3000 Offshore,1.0,EMODnet + OSM +thewindpower.net,2014.0
2.9234447,51.6262482,2014-06-01,BE,1.0,71.0,112.0,3000.0,3000.0,Vestas,Vestas,V112/3000 Offshore,V112/3000 Offshore,1.0,EMODnet + OSM +thewindpower.net,2014.0
2.9195642,51.628592,2014-06-01,BE,1.0,71.0,112.0,3000.0,3000.0,Vestas,Vestas,V112/3000 Offshore,V112/3000 Offshore,1.0,EMODnet + OSM +thewindpower.net,2014.0
2.9151594,51.631196,2014-06-01,BE,1.0,71.0,112.0,3000.0,3000.0,Vestas,Vestas,V112/3000 Offshore,V112/3000 Offshore,1.0,EMODnet + OSM +thewindpower.net,2014.0
2.9107546,51.6337348,2014-06-01,BE,1.0,71.0,112.0,3000.0,3000.0,Vestas,Vestas,V112/3000 Offshore,V112/3000 Offshore,1.0,EMODnet + OSM +thewindpower.net,2014.0
2.9036229,51.6377706,2014-06-01,BE,1.0,71.0,112.0,3000.0,3000.0,Vestas,Vestas,V112/3000 Offshore,V112/3000 Offshore,1.0,EMODnet + OSM +thewindpower.net,2014.0
2.9100204,51.6407646,2014-06-01,BE,1.0,71.0,112.0,3000.0,3000.0,Vestas,Vestas,V112/3000 Offshore,V112/3000 Offshore,1.0,EMODnet + OSM +thewindpower.net,2014.0
2.9140058,51.638031,2014-06-01,BE,1.0,71.0,112.0,3000.0,3000.0,Vestas,Vestas,V112/3000 Offshore,V112/3000 Offshore,1.0,EMODnet + OSM +thewindpower.net,2014.0
2.9183057,51.635232,2014-06-01,BE,1.0,71.0,112.0,3000.0,3000.0,Vestas,Vestas,V112/3000 Offshore,V112/3000 Offshore,1.0,EMODnet + OSM +thewindpower.net,2014.0
2.9231301,51.6324329,2014-06-01,BE,1.0,71.0,112.0,3000.0,3000.0,Vestas,Vestas,V112/3000 Offshore,V112/3000 Offshore,1.0,EMODnet + OSM +thewindpower.net,2014.0
2.9276398,51.6299591,2014-06-01,BE,1.0,71.0,112.0,3000.0,3000.0,Vestas,Vestas,V112/3000 Offshore,V112/3000 Offshore,1.0,EMODnet + OSM +thewindpower.net,2014.0
2.9321495,51.6272248,2014-06-01,BE,1.0,71.0,112.0,3000.0,3000.0,Vestas,Vestas,V112/3000 Offshore,V112/3000 Offshore,1.0,EMODnet + OSM +thewindpower.net,2014.0
2.9361348,51.6246205,2014-06-01,BE,1.0,71.0,112.0,3000.0,3000.0,Vestas,Vestas,V112/3000 Offshore,V112/3000 Offshore,1.0,EMODnet + OSM +thewindpower.net,2014.0
2.9401201,51.6283967,2014-06-01,BE,1.0,71.0,112.0,3000.0,3000.0,Vestas,Vestas,V112/3000 Offshore,V112/3000 Offshore,1.0,EMODnet + OSM +thewindpower.net,2014.0
2.9357153,51.6308054,2014-06-01,BE,1.0,71.0,112.0,3000.0,3000.0,Vestas,Vestas,V112/3000 Offshore,V112/3000 Offshore,1.0,EMODnet + OSM +thewindpower.net,2014.0
2.9312056,51.6336698,2014-06-01,BE,1.0,71.0,112.0,3000.0,3000.0,Vestas,Vestas,V112/3000 Offshore,V112/3000 Offshore,1.0,EMODnet + OSM +thewindpower.net,2014.0
2.9266959,51.6362735,2014-06-01,BE,1.0,71.0,112.0,3000.0,3000.0,Vestas,Vestas,V112/3000 Offshore,V112/3000 Offshore,1.0,EMODnet + OSM +thewindpower.net,2014.0
2.922291,51.6389422,2014-06-01,BE,1.0,71.0,112.0,3000.0,3000.0,Vestas,Vestas,V112/3000 Offshore,V112/3000 Offshore,1.0,EMODnet + OSM +thewindpower.net,2014.0
2.918096,51.6414155,2014-06-01,BE,1.0,71.0,112.0,3000.0,3000.0,Vestas,Vestas,V112/3000 Offshore,V112/3000 Offshore,1.0,EMODnet + OSM +thewindpower.net,2014.0
2.881833,51.630667,2014-06-01,BE,1.0,71.0,112.0,3000.0,3000.0,Vestas,Vestas,V112/3000 Offshore,V112/3000 Offshore,1.0,EMODnet + OSM +thewindpower.net,2014.0
2.8635,51.616167,2014-06-01,BE,1.0,71.0,112.0,3000.0,3000.0,Vestas,Vestas,V112/3000 Offshore,V112/3000 Offshore,1.0,EMODnet + OSM +thewindpower.net,2014.0
2.841333,51.608167,2014-06-01,BE,1.0,71.0,112.0,3000.0,3000.0,Vestas,Vestas,V112/3000 Offshore,V112/3000 Offshore,1.0,EMODnet + OSM +thewindpower.net,2014.0
1.9688884,51.7326548,2018-04-01,GB,1.0,110.535,154.0,6303.571428571428,6303.571428571428,Siemens,Siemens,SWT-6.0-154,SWT-6.0-154,1.0,EMODnet + OSM +thewindpower.net,2018.0
1.9873979,51.7389076,2018-04-01,GB,1.0,110.665,154.0,6303.571428571428,6303.571428571428,Siemens,Siemens,SWT-6.0-154,SWT-6.0-154,1.0,EMODnet + OSM +thewindpower.net,2018.0
2.0059175,51.744547,2018-04-01,GB,1.0,110.665,154.0,6303.571428571428,6303.571428571428,Siemens,Siemens,SWT-6.0-154,SWT-6.0-154,1.0,EMODnet + OSM +thewindpower.net,2018.0
2.0226278,51.7434695,2018-04-01,GB,1.0,110.665,154.0,6303.571428571428,6303.571428571428,Siemens,Siemens,SWT-6.0-154,SWT-6.0-154,1.0,EMODnet + OSM +thewindpower.net,2018.0
2.0401683,51.7497059,2018-04-01,GB,1.0,111.055,154.0,6303.571428571428,6303.571428571428,Siemens,Siemens,SWT-6.0-154,SWT-6.0-154,1.0,EMODnet + OSM +thewindpower.net,2018.0
2.025269,51.7575014,2018-04-01,GB,1.0,111.355,154.0,6303.571428571428,6303.571428571428,Siemens,Siemens,SWT-6.0-154,SWT-6.0-154,1.0,EMODnet + OSM +thewindpower.net,2018.0
2.0261015,51.7648182,2018-04-01,GB,1.0,111.235,154.0,6303.571428571428,6303.571428571428,Siemens,Siemens,SWT-6.0-154,SWT-6.0-154,1.0,EMODnet + OSM +thewindpower.net,2018.0
2.0234667,51.7501781,2018-04-01,GB,1.0,111.055,154.0,6303.571428571428,6303.571428571428,Siemens,Siemens,SWT-6.0-154,SWT-6.0-154,1.0,EMODnet + OSM +thewindpower.net,2018.0
2.0285819,51.786157,2018-04-01,GB,1.0,111.235,154.0,6303.571428571428,6303.571428571428,Siemens,Siemens,SWT-6.0-154,SWT-6.0-154,1.0,EMODnet + OSM +thewindpower.net,2018.0
2.0126939,51.793945,2018-04-01,GB,1.0,111.235,154.0,6303.571428571428,6303.571428571428,Siemens,Siemens,SWT-6.0-154,SWT-6.0-154,1.0,EMODnet + OSM +thewindpower.net,2018.0
2.0303815,51.7934832,2018-04-01,GB,1.0,111.235,154.0,6303.571428571428,6303.571428571428,Siemens,Siemens,SWT-6.0-154,SWT-6.0-154,1.0,EMODnet + OSM +thewindpower.net,2018.0
2.0312321,51.8001925,2018-04-01,GB,1.0,111.115,154.0,6303.571428571428,6303.571428571428,Siemens,Siemens,SWT-6.0-154,SWT-6.0-154,1.0,EMODnet + OSM +thewindpower.net,2018.0
2.0135126,51.801267,2018-04-01,GB,1.0,111.115,154.0,6303.571428571428,6303.571428571428,Siemens,Siemens,SWT-6.0-154,SWT-6.0-154,1.0,EMODnet + OSM +thewindpower.net,2018.0
2.0153239,51.8085852,2018-04-01,GB,1.0,111.115,154.0,6303.571428571428,6303.571428571428,Siemens,Siemens,SWT-6.0-154,SWT-6.0-154,1.0,EMODnet + OSM +thewindpower.net,2018.0
2.0320552,51.8075091,2018-04-01,GB,1.0,111.115,154.0,6303.571428571428,6303.571428571428,Siemens,Siemens,SWT-6.0-154,SWT-6.0-154,1.0,EMODnet + OSM +thewindpower.net,2018.0
2.0506066,51.8137491,2018-04-01,GB,1.0,111.115,154.0,6303.571428571428,6303.571428571428,Siemens,Siemens,SWT-6.0-154,SWT-6.0-154,1.0,EMODnet + OSM +thewindpower.net,2018.0
2.0328824,51.8148227,2018-04-01,GB,1.0,111.115,154.0,6303.571428571428,6303.571428571428,Siemens,Siemens,SWT-6.0-154,SWT-6.0-154,1.0,EMODnet + OSM +thewindpower.net,2018.0
2.0514447,51.8204588,2018-04-01,GB,1.0,111.115,154.0,6303.571428571428,6303.571428571428,Siemens,Siemens,SWT-6.0-154,SWT-6.0-154,1.0,EMODnet + OSM +thewindpower.net,2018.0
2.010426,51.8974771,2018-04-01,GB,1.0,108.41,154.0,6303.571428571428,6303.571428571428,Siemens,Siemens,SWT-6.0-154,SWT-6.0-154,1.0,EMODnet + OSM +thewindpower.net,2018.0
2.0200758,51.9066954,2018-04-01,GB,1.0,108.41,154.0,6303.571428571428,6303.571428571428,Siemens,Siemens,SWT-6.0-154,SWT-6.0-154,1.0,EMODnet + OSM +thewindpower.net,2018.0
2.0043015,51.9071705,2018-04-01,GB,1.0,108.41,154.0,6303.571428571428,6303.571428571428,Siemens,Siemens,SWT-6.0-154,SWT-6.0-154,1.0,EMODnet + OSM +thewindpower.net,2018.0
2.0218474,51.9158483,2018-04-01,GB,1.0,107.86,154.0,6303.571428571428,6303.571428571428,Siemens,Siemens,SWT-6.0-154,SWT-6.0-154,1.0,EMODnet + OSM +thewindpower.net,2018.0
2.0060589,51.9169341,2018-04-01,GB,1.0,107.86,154.0,6303.571428571428,6303.571428571428,Siemens,Siemens,SWT-6.0-154,SWT-6.0-154,1.0,EMODnet + OSM +thewindpower.net,2018.0
2.0078086,51.9266901,2018-04-01,GB,1.0,107.74,154.0,6303.571428571428,6303.571428571428,Siemens,Siemens,SWT-6.0-154,SWT-6.0-154,1.0,EMODnet + OSM +thewindpower.net,2018.0
2.0236077,51.9256117,2018-04-01,GB,1.0,107.74,154.0,6303.571428571428,6303.571428571428,Siemens,Siemens,SWT-6.0-154,SWT-6.0-154,1.0,EMODnet + OSM +thewindpower.net,2018.0
2.0253542,51.9353674,2018-04-01,GB,1.0,107.74,154.0,6303.571428571428,6303.571428571428,Siemens,Siemens,SWT-6.0-154,SWT-6.0-154,1.0,EMODnet + OSM +thewindpower.net,2018.0
2.0682149,51.913178,2018-04-01,GB,1.0,108.02,154.0,6303.571428571428,6303.571428571428,Siemens,Siemens,SWT-6.0-154,SWT-6.0-154,1.0,EMODnet + OSM +thewindpower.net,2018.0
2.0541941,51.9234205,2018-04-01,GB,1.0,107.74,154.0,6303.571428571428,6303.571428571428,Siemens,Siemens,SWT-6.0-154,SWT-6.0-154,1.0,EMODnet + OSM +thewindpower.net,2018.0
2.0699862,51.9223298,2018-04-01,GB,1.0,107.74,154.0,6303.571428571428,6303.571428571428,Siemens,Siemens,SWT-6.0-154,SWT-6.0-154,1.0,EMODnet + OSM +thewindpower.net,2018.0
2.0857872,51.9212386,2018-04-01,GB,1.0,107.74,154.0,6303.571428571428,6303.571428571428,Siemens,Siemens,SWT-6.0-154,SWT-6.0-154,1.0,EMODnet + OSM +thewindpower.net,2018.0
2.0875593,51.930995,2018-04-01,GB,1.0,107.74,154.0,6303.571428571428,6303.571428571428,Siemens,Siemens,SWT-6.0-154,SWT-6.0-154,1.0,EMODnet + OSM +thewindpower.net,2018.0
2.0717669,51.9320911,2018-04-01,GB,1.0,107.74,154.0,6303.571428571428,6303.571428571428,Siemens,Siemens,SWT-6.0-154,SWT-6.0-154,1.0,EMODnet + OSM +thewindpower.net,2018.0
2.0569503,51.9331928,2018-04-01,GB,1.0,107.74,154.0,6303.571428571428,6303.571428571428,Siemens,Siemens,SWT-6.0-154,SWT-6.0-154,1.0,EMODnet + OSM +thewindpower.net,2018.0
2.089337,51.9407469,2018-04-01,GB,1.0,107.74,154.0,6303.571428571428,6303.571428571428,Siemens,Siemens,SWT-6.0-154,SWT-6.0-154,1.0,EMODnet + OSM +thewindpower.net,2018.0
2.0735292,51.9418401,2018-04-01,GB,1.0,107.74,154.0,6303.571428571428,6303.571428571428,Siemens,Siemens,SWT-6.0-154,SWT-6.0-154,1.0,EMODnet + OSM +thewindpower.net,2018.0
2.0753112,51.9516103,2018-04-01,GB,1.0,107.74,154.0,6303.571428571428,6303.571428571428,Siemens,Siemens,SWT-6.0-154,SWT-6.0-154,1.0,EMODnet + OSM +thewindpower.net,2018.0
2.0595065,51.9527016,2018-04-01,GB,1.0,107.74,154.0,6303.571428571428,6303.571428571428,Siemens,Siemens,SWT-6.0-154,SWT-6.0-154,1.0,EMODnet + OSM +thewindpower.net,2018.0
2.0928869,51.9602807,2018-04-01,GB,1.0,107.74,154.0,6303.571428571428,6303.571428571428,Siemens,Siemens,SWT-6.0-154,SWT-6.0-154,1.0,EMODnet + OSM +thewindpower.net,2018.0
2.0946607,51.9700332,2018-04-01,GB,1.0,107.74,154.0,6303.571428571428,6303.571428571428,Siemens,Siemens,SWT-6.0-154,SWT-6.0-154,1.0,EMODnet + OSM +thewindpower.net,2018.0
2.0788606,51.9705211,2018-04-01,GB,1.0,107.74,154.0,6303.571428571428,6303.571428571428,Siemens,Siemens,SWT-6.0-154,SWT-6.0-154,1.0,EMODnet + OSM +thewindpower.net,2018.0
2.0630573,51.9716126,2018-04-01,GB,1.0,107.74,154.0,6303.571428571428,6303.571428571428,Siemens,Siemens,SWT-6.0-154,SWT-6.0-154,1.0,EMODnet + OSM +thewindpower.net,2018.0
2.0648261,51.9813734,2018-04-01,GB,1.0,107.74,154.0,6303.571428571428,6303.571428571428,Siemens,Siemens,SWT-6.0-154,SWT-6.0-154,1.0,EMODnet + OSM +thewindpower.net,2018.0
2.0806372,51.9802761,2018-04-01,GB,1.0,107.74,154.0,6303.571428571428,6303.571428571428,Siemens,Siemens,SWT-6.0-154,SWT-6.0-154,1.0,EMODnet + OSM +thewindpower.net,2018.0
2.0964511,51.9791835,2018-04-01,GB,1.0,107.74,154.0,6303.571428571428,6303.571428571428,Siemens,Siemens,SWT-6.0-154,SWT-6.0-154,1.0,EMODnet + OSM +thewindpower.net,2018.0
2.0972743,51.9871121,2018-04-01,GB,1.0,107.74,154.0,6303.571428571428,6303.571428571428,Siemens,Siemens,SWT-6.0-154,SWT-6.0-154,1.0,EMODnet + OSM +thewindpower.net,2018.0
2.0814264,51.9900312,2018-04-01,GB,1.0,107.74,154.0,6303.571428571428,6303.571428571428,Siemens,Siemens,SWT-6.0-154,SWT-6.0-154,1.0,EMODnet + OSM +thewindpower.net,2018.0
2.0666,51.9911338,2018-04-01,GB,1.0,107.74,154.0,6303.571428571428,6303.571428571428,Siemens,Siemens,SWT-6.0-154,SWT-6.0-154,1.0,EMODnet + OSM +thewindpower.net,2018.0
2.0349653,51.9933145,2018-04-01,GB,1.0,107.74,154.0,6303.571428571428,6303.571428571428,Siemens,Siemens,SWT-6.0-154,SWT-6.0-154,1.0,EMODnet + OSM +thewindpower.net,2018.0
2.0166134,51.9748891,2018-04-01,GB,1.0,107.74,154.0,6303.571428571428,6303.571428571428,Siemens,Siemens,SWT-6.0-154,SWT-6.0-154,1.0,EMODnet + OSM +thewindpower.net,2018.0
2.0183735,51.9846502,2018-04-01,GB,1.0,107.74,154.0,6303.571428571428,6303.571428571428,Siemens,Siemens,SWT-6.0-154,SWT-6.0-154,1.0,EMODnet + OSM +thewindpower.net,2018.0
2.0191504,51.994403,2018-04-01,GB,1.0,107.74,154.0,6303.571428571428,6303.571428571428,Siemens,Siemens,SWT-6.0-154,SWT-6.0-154,1.0,EMODnet + OSM +thewindpower.net,2018.0
2.0025534,51.9857338,2018-04-01,GB,1.0,107.74,154.0,6303.571428571428,6303.571428571428,Siemens,Siemens,SWT-6.0-154,SWT-6.0-154,1.0,EMODnet + OSM +thewindpower.net,2018.0
2.004317,51.9954954,2018-04-01,GB,1.0,107.74,154.0,6303.571428571428,6303.571428571428,Siemens,Siemens,SWT-6.0-154,SWT-6.0-154,1.0,EMODnet + OSM +thewindpower.net,2018.0
1.9885,51.9965802,2018-04-01,GB,1.0,107.74,154.0,6303.571428571428,6303.571428571428,Siemens,Siemens,SWT-6.0-154,SWT-6.0-154,1.0,EMODnet + OSM +thewindpower.net,2018.0
1.9867448,51.986818,2018-04-01,GB,1.0,107.74,154.0,6303.571428571428,6303.571428571428,Siemens,Siemens,SWT-6.0-154,SWT-6.0-154,1.0,EMODnet + OSM +thewindpower.net,2018.0
1.9709232,51.9879033,2018-04-01,GB,1.0,107.74,154.0,6303.571428571428,6303.571428571428,Siemens,Siemens,SWT-6.0-154,SWT-6.0-154,1.0,EMODnet + OSM +thewindpower.net,2018.0
0.4778194,53.1466674,2009-03-01,GB,1.0,85.0,107.0,3600.0,3600.0,Siemens,Siemens,SWT-3.6-107,SWT-3.6-107,1.0,EMODnet + OSM +thewindpower.net,2009.0
0.4785918,53.1420856,2009-03-01,GB,1.0,85.0,107.0,3600.0,3600.0,Siemens,Siemens,SWT-3.6-107,SWT-3.6-107,1.0,EMODnet + OSM +thewindpower.net,2009.0
0.4692363,53.1354436,2009-03-01,GB,1.0,85.0,107.0,3600.0,3600.0,Siemens,Siemens,SWT-3.6-107,SWT-3.6-107,1.0,EMODnet + OSM +thewindpower.net,2009.0
0.469603,53.1307343,2009-03-01,GB,1.0,85.0,107.0,3600.0,3600.0,Siemens,Siemens,SWT-3.6-107,SWT-3.6-107,1.0,EMODnet + OSM +thewindpower.net,2009.0
0.4697044,53.1262022,2009-03-01,GB,1.0,85.0,107.0,3600.0,3600.0,Siemens,Siemens,SWT-3.6-107,SWT-3.6-107,1.0,EMODnet + OSM +thewindpower.net,2009.0
0.4597949,53.1284401,2009-03-01,GB,1.0,85.0,107.0,3600.0,3600.0,Siemens,Siemens,SWT-3.6-107,SWT-3.6-107,1.0,EMODnet + OSM +thewindpower.net,2009.0
0.4593658,53.1328175,2009-03-01,GB,1.0,85.0,107.0,3600.0,3600.0,Siemens,Siemens,SWT-3.6-107,SWT-3.6-107,1.0,EMODnet + OSM +thewindpower.net,2009.0
0.4593657,53.1372926,2009-03-01,GB,1.0,85.0,107.0,3600.0,3600.0,Siemens,Siemens,SWT-3.6-107,SWT-3.6-107,1.0,EMODnet + OSM +thewindpower.net,2009.0
0.4591083,53.1418282,2009-03-01,GB,1.0,85.0,107.0,3600.0,3600.0,Siemens,Siemens,SWT-3.6-107,SWT-3.6-107,1.0,EMODnet + OSM +thewindpower.net,2009.0
0.468893,53.1399747,2009-03-01,GB,1.0,85.0,107.0,3600.0,3600.0,Siemens,Siemens,SWT-3.6-107,SWT-3.6-107,1.0,EMODnet + OSM +thewindpower.net,2009.0
0.4684169,53.1442666,2009-03-01,GB,1.0,85.0,107.0,3600.0,3600.0,Siemens,Siemens,SWT-3.6-107,SWT-3.6-107,1.0,EMODnet + OSM +thewindpower.net,2009.0
0.4588039,53.1462884,2009-03-01,GB,1.0,85.0,107.0,3600.0,3600.0,Siemens,Siemens,SWT-3.6-107,SWT-3.6-107,1.0,EMODnet + OSM +thewindpower.net,2009.0
0.4491519,53.143836,2009-03-01,GB,1.0,85.0,107.0,3600.0,3600.0,Siemens,Siemens,SWT-3.6-107,SWT-3.6-107,1.0,EMODnet + OSM +thewindpower.net,2009.0
0.4491519,53.1395113,2009-03-01,GB,1.0,85.0,107.0,3600.0,3600.0,Siemens,Siemens,SWT-3.6-107,SWT-3.6-107,1.0,EMODnet + OSM +thewindpower.net,2009.0
0.449659,53.13491,2009-03-01,GB,1.0,85.0,107.0,3600.0,3600.0,Siemens,Siemens,SWT-3.6-107,SWT-3.6-107,1.0,EMODnet + OSM +thewindpower.net,2009.0
0.4502599,53.125734,2009-03-01,GB,1.0,85.0,107.0,3600.0,3600.0,Siemens,Siemens,SWT-3.6-107,SWT-3.6-107,1.0,EMODnet + OSM +thewindpower.net,2009.0
0.4499243,53.1302942,2009-03-01,GB,1.0,85.0,107.0,3600.0,3600.0,Siemens,Siemens,SWT-3.6-107,SWT-3.6-107,1.0,EMODnet + OSM +thewindpower.net,2009.0
0.440436,53.1276912,2009-03-01,GB,1.0,85.0,107.0,3600.0,3600.0,Siemens,Siemens,SWT-3.6-107,SWT-3.6-107,1.0,EMODnet + OSM +thewindpower.net,2009.0
0.4309479,53.1258558,2009-03-01,GB,1.0,85.0,107.0,3600.0,3600.0,Siemens,Siemens,SWT-3.6-107,SWT-3.6-107,1.0,EMODnet + OSM +thewindpower.net,2009.0
0.4399679,53.1323541,2009-03-01,GB,1.0,85.0,107.0,3600.0,3600.0,Siemens,Siemens,SWT-3.6-107,SWT-3.6-107,1.0,EMODnet + OSM +thewindpower.net,2009.0
0.4307918,53.1300696,2009-03-01,GB,1.0,85.0,107.0,3600.0,3600.0,Siemens,Siemens,SWT-3.6-107,SWT-3.6-107,1.0,EMODnet + OSM +thewindpower.net,2009.0
0.4400458,53.1368294,2009-03-01,GB,1.0,85.0,107.0,3600.0,3600.0,Siemens,Siemens,SWT-3.6-107,SWT-3.6-107,1.0,EMODnet + OSM +thewindpower.net,2009.0
0.4306825,53.1343483,2009-03-01,GB,1.0,85.0,107.0,3600.0,3600.0,Siemens,Siemens,SWT-3.6-107,SWT-3.6-107,1.0,EMODnet + OSM +thewindpower.net,2009.0
0.4397337,53.1414069,2009-03-01,GB,1.0,85.0,107.0,3600.0,3600.0,Siemens,Siemens,SWT-3.6-107,SWT-3.6-107,1.0,EMODnet + OSM +thewindpower.net,2009.0
0.4301363,53.1388982,2009-03-01,GB,1.0,85.0,107.0,3600.0,3600.0,Siemens,Siemens,SWT-3.6-107,SWT-3.6-107,1.0,EMODnet + OSM +thewindpower.net,2009.0
0.4392657,53.1458907,2009-03-01,GB,1.0,85.0,107.0,3600.0,3600.0,Siemens,Siemens,SWT-3.6-107,SWT-3.6-107,1.0,EMODnet + OSM +thewindpower.net,2009.0
0.4305109,53.1432511,2009-03-01,GB,1.0,85.0,107.0,3600.0,3600.0,Siemens,Siemens,SWT-3.6-107,SWT-3.6-107,1.0,EMODnet + OSM +thewindpower.net,2009.0
